SiteKey,Mean_CTRL,Mean_REDCAP,log2FC,pvalue,FDR,Delta_Percent,Abs_Delta_Percent,Identity,NonIdentity,CTRL_state,REDCAP_state,Switch_like,Toggle_like
A0A075B5V1_96.0,0.0,0.0,0.0,,,0.0,0.0,True,False,0,0,False,False
A0A140LIW3_1145.0,0.0,0.0,0.0,,,0.0,0.0,True,False,0,0,False,False
A0A140LIW3_1172.0,0.0,0.0,0.0,,,0.0,0.0,True,False,0,0,False,False
A0A140LIW3_1555.0,0.0,0.0,0.0,,,0.0,0.0,True,False,0,0,False,False
A0A140LIW3_590.0,0.0,0.0,0.0,,,0.0,0.0,True,False,0,0,False,False
A0A1B0GT27_35.0,0.0,0.0,0.0,,,0.0,0.0,True,False,0,0,False,False
A0A1D5RLD8_150.0,0.0,0.0,0.0,,,0.0,0.0,True,False,0,0,False,False
A0A1D5RLD8_154.0,0.0,0.0,0.0,,,0.0,0.0,True,False,0,0,False,False
A0A1W2P872_83.0,0.0,0.0,0.0,,,0.0,0.0,True,False,0,0,False,False
A0A286YCX6_223.0,0.0,0.0,0.0,,,0.0,0.0,True,False,0,0,False,False
A0A286YCX6_306.0,0.0,0.0,0.0,,,0.0,0.0,True,False,0,0,False,False
A0A286YCX6_339.0,0.0,0.0,0.0,,,0.0,0.0,True,False,0,0,False,False
A0A286YCX6_548.0,0.0,0.0,0.0,,,0.0,0.0,True,False,0,0,False,False
A0A2R8VKG2_1072.0,13.805841445922852,6.619379202524821,-1.0605109950994915,0.12132927533153307,,-7.18646224339803,7.18646224339803,False,True,partial,partial,False,False
A0A2R8VKG2_1208.0,10.979344129562378,7.554104487101237,-0.5394592307875271,0.07997317996209682,,-3.4252396424611407,3.4252396424611407,False,True,partial,partial,False,False
A0A2R8VKG2_1704.0,0.0,0.0,0.0,,,0.0,0.0,True,False,0,0,False,False
A0A494B9V8_184.0,0.0,0.0,0.0,,,0.0,0.0,True,False,0,0,False,False
A0A494B9V8_403.0,0.0,0.0,0.0,,,0.0,0.0,True,False,0,0,False,False
A0A494B9V8_60.0,0.0,0.0,0.0,,,0.0,0.0,True,False,0,0,False,False
A0A5F8MPH2_125.0,0.0,0.0,0.0,,,0.0,0.0,True,False,0,0,False,False
A0A5F8MPI9_171.0,0.0,0.0,0.0,,,0.0,0.0,True,False,0,0,False,False
A0A5F8MPI9_344.0,0.0,0.0,0.0,,,0.0,0.0,True,False,0,0,False,False
A0A5F8MPI9_390.0,0.0,0.0,0.0,,,0.0,0.0,True,False,0,0,False,False
A0A5F8MPI9_485.0,0.0,0.0,0.0,,,0.0,0.0,True,False,0,0,False,False
A0A5F8MPI9_827.0,0.0,0.0,0.0,,,0.0,0.0,True,False,0,0,False,False
A0A5F8MPP0_1427.0,0.0,0.0,0.0,,,0.0,0.0,True,False,0,0,False,False
A2A432_156.0,0.0,0.0,0.0,,,0.0,0.0,True,False,0,0,False,False
A2A432_694.0,0.0,0.0,0.0,,,0.0,0.0,True,False,0,0,False,False
A2A432_844.0,0.0,0.0,0.0,,,0.0,0.0,True,False,0,0,False,False
A2A484_106.0,0.0,0.0,0.0,,,0.0,0.0,True,False,0,0,False,False
A2A484_142.0,0.0,0.0,0.0,,,0.0,0.0,True,False,0,0,False,False
A2A484_275.0,0.0,0.0,0.0,,,0.0,0.0,True,False,0,0,False,False
A2A484_325.0,0.0,0.0,0.0,,,0.0,0.0,True,False,0,0,False,False
A2A5R2_1002.0,0.0,0.0,0.0,,,0.0,0.0,True,False,0,0,False,False
A2A5R2_1102.0,0.0,0.0,0.0,,,0.0,0.0,True,False,0,0,False,False
A2A5R2_1154.0,0.0,0.0,0.0,,,0.0,0.0,True,False,0,0,False,False
A2A5R2_123.0,0.0,0.0,0.0,,,0.0,0.0,True,False,0,0,False,False
A2A5R2_1280.0,0.0,0.0,0.0,,,0.0,0.0,True,False,0,0,False,False
A2A5R2_1457.0,0.0,0.0,0.0,,,0.0,0.0,True,False,0,0,False,False
A2A5R2_1624.0,0.0,0.0,0.0,,,0.0,0.0,True,False,0,0,False,False
A2A5R2_166.0,0.0,0.0,0.0,,,0.0,0.0,True,False,0,0,False,False
A2A5R2_1668.0,0.0,0.0,0.0,,,0.0,0.0,True,False,0,0,False,False
A2A5R2_36.0,0.0,0.0,0.0,,,0.0,0.0,True,False,0,0,False,False
A2A5R2_444.0,0.0,0.0,0.0,,,0.0,0.0,True,False,0,0,False,False
A2A5R2_573.0,0.0,0.0,0.0,,,0.0,0.0,True,False,0,0,False,False
A2A5R2_76.0,0.0,0.0,0.0,,,0.0,0.0,True,False,0,0,False,False
A2A5R2_90.0,0.0,0.0,0.0,,,0.0,0.0,True,False,0,0,False,False
A2A690_162.0,0.0,0.0,0.0,,,0.0,0.0,True,False,0,0,False,False
A2A690_1733.0,0.0,0.0,0.0,,,0.0,0.0,True,False,0,0,False,False
A2A690_1824.0,0.0,0.0,0.0,,,0.0,0.0,True,False,0,0,False,False
A2A690_224.0,0.0,0.0,0.0,,,0.0,0.0,True,False,0,0,False,False
A2A690_431.0,0.0,0.0,0.0,,,0.0,0.0,True,False,0,0,False,False
A2A690_507.0,0.0,0.0,0.0,,,0.0,0.0,True,False,0,0,False,False
A2A690_691.0,0.0,0.0,0.0,,,0.0,0.0,True,False,0,0,False,False
A2A699_738.0,0.0,0.0,0.0,,,0.0,0.0,True,False,0,0,False,False
A2A6A1_506.0,0.0,0.0,0.0,,,0.0,0.0,True,False,0,0,False,False
A2A6P4_12.0,0.0,0.0,0.0,,,0.0,0.0,True,False,0,0,False,False
A2A6T1_317.0,0.0,0.0,0.0,,,0.0,0.0,True,False,0,0,False,False
A2A716_448.0,0.0,0.0,0.0,,,0.0,0.0,True,False,0,0,False,False
A2A8R0_229.0,0.0,0.0,0.0,,,0.0,0.0,True,False,0,0,False,False
A2A8R0_488.0,0.0,0.0,0.0,,,0.0,0.0,True,False,0,0,False,False
A2A8R0_524.0,0.0,0.0,0.0,,,0.0,0.0,True,False,0,0,False,False
A2A8R0_633.0,0.0,0.0,0.0,,,0.0,0.0,True,False,0,0,False,False
A2A8U2_121.0,0.0,0.0,0.0,,,0.0,0.0,True,False,0,0,False,False
A2A8Z1_720.0,0.0,0.0,0.0,,,0.0,0.0,True,False,0,0,False,False
A2A9C3_2018.0,0.0,0.0,0.0,,,0.0,0.0,True,False,0,0,False,False
A2AAE1_1997.0,0.0,0.0,0.0,,,0.0,0.0,True,False,0,0,False,False
A2AAE1_3804.0,0.0,0.0,0.0,,,0.0,0.0,True,False,0,0,False,False
A2AAE1_3930.0,0.0,0.0,0.0,,,0.0,0.0,True,False,0,0,False,False
A2AAE1_4058.0,0.0,0.0,0.0,,,0.0,0.0,True,False,0,0,False,False
A2AAE1_4924.0,0.0,0.0,0.0,,,0.0,0.0,True,False,0,0,False,False
A2AAE1_597.0,0.0,0.0,0.0,,,0.0,0.0,True,False,0,0,False,False
A2AAE1_626.0,0.0,0.0,0.0,,,0.0,0.0,True,False,0,0,False,False
A2AAE1_834.0,7.1945451100667315,26.638280232747395,1.8885255672875696,0.23274074940064504,,19.443735122680664,19.443735122680664,False,True,partial,partial,False,False
A2AAY5_102.0,0.0,0.0,0.0,,,0.0,0.0,True,False,0,0,False,False
A2ADY9_34.0,100.0,100.0,0.0,,,0.0,0.0,True,False,100,100,False,False
A2ADY9_361.0,0.0,0.0,0.0,,,0.0,0.0,True,False,0,0,False,False
A2AFR3_1154.0,0.0,0.0,0.0,,,0.0,0.0,True,False,0,0,False,False
A2AFR3_1172.0,0.0,0.0,0.0,,,0.0,0.0,True,False,0,0,False,False
A2AFR3_588.0,0.0,0.0,0.0,,,0.0,0.0,True,False,0,0,False,False
A2AFR3_69.0,0.0,0.0,0.0,,,0.0,0.0,True,False,0,0,False,False
A2AFS3_804.0,0.0,0.0,0.0,,,0.0,0.0,True,False,0,0,False,False
A2AG50_320.0,0.0,0.0,0.0,,,0.0,0.0,True,False,0,0,False,False
A2AG50_644.0,0.0,0.0,0.0,,,0.0,0.0,True,False,0,0,False,False
A2AG50_760.0,0.0,0.0,0.0,,,0.0,0.0,True,False,0,0,False,False
A2AGT5_1203.0,0.0,0.0,0.0,,,0.0,0.0,True,False,0,0,False,False
A2AGT5_1317.0,0.0,0.0,0.0,,,0.0,0.0,True,False,0,0,False,False
A2AGT5_144.0,0.0,0.0,0.0,,,0.0,0.0,True,False,0,0,False,False
A2AGT5_1768.0,0.0,0.0,0.0,,,0.0,0.0,True,False,0,0,False,False
A2AGT5_1795.0,0.0,0.0,0.0,,,0.0,0.0,True,False,0,0,False,False
A2AGT5_427.0,0.0,0.0,0.0,,,0.0,0.0,True,False,0,0,False,False
A2AGT5_592.0,0.0,0.0,0.0,,,0.0,0.0,True,False,0,0,False,False
A2AGT5_604.0,0.0,0.0,0.0,,,0.0,0.0,True,False,0,0,False,False
A2AGT5_619.0,0.0,0.0,0.0,,,0.0,0.0,True,False,0,0,False,False
A2AGT5_637.0,0.0,0.0,0.0,,,0.0,0.0,True,False,0,0,False,False
A2AHC3_1486.0,0.0,0.0,0.0,,,0.0,0.0,True,False,0,0,False,False
A2AHC3_1507.0,0.0,0.0,0.0,,,0.0,0.0,True,False,0,0,False,False
A2AHC3_261.0,0.0,0.0,0.0,,,0.0,0.0,True,False,0,0,False,False
A2AHC3_271.0,0.0,0.0,0.0,,,0.0,0.0,True,False,0,0,False,False
A2AHC3_406.0,0.0,0.0,0.0,,,0.0,0.0,True,False,0,0,False,False
A2AHC3_844.0,0.0,0.0,0.0,,,0.0,0.0,True,False,0,0,False,False
A2AHC3_88.0,0.0,0.0,0.0,,,0.0,0.0,True,False,0,0,False,False
A2AHC3_91.0,0.0,0.0,0.0,,,0.0,0.0,True,False,0,0,False,False
A2AHC3_949.0,0.0,0.0,0.0,,,0.0,0.0,True,False,0,0,False,False
A2AHG0_142.0,0.0,0.0,0.0,,,0.0,0.0,True,False,0,0,False,False
A2AHG0_209.0,0.0,0.0,0.0,,,0.0,0.0,True,False,0,0,False,False
A2AHL1_218.0,0.0,0.0,0.0,,,0.0,0.0,True,False,0,0,False,False
A2AIL4_126.0,0.0,0.0,0.0,,,0.0,0.0,True,False,0,0,False,False
A2AIL4_216.0,0.0,0.0,0.0,,,0.0,0.0,True,False,0,0,False,False
A2AJ72_109.0,0.0,0.0,0.0,,,0.0,0.0,True,False,0,0,False,False
A2AJA9_165.0,0.0,0.0,0.0,,,0.0,0.0,True,False,0,0,False,False
A2AJA9_171.0,0.0,0.0,0.0,,,0.0,0.0,True,False,0,0,False,False
A2AJA9_246.0,0.0,0.0,0.0,,,0.0,0.0,True,False,0,0,False,False
A2AJA9_254.0,0.0,0.0,0.0,,,0.0,0.0,True,False,0,0,False,False
A2AJA9_726.0,0.0,0.0,0.0,,,0.0,0.0,True,False,0,0,False,False
A2AJA9_923.0,0.0,0.0,0.0,,,0.0,0.0,True,False,0,0,False,False
A2AJI0_253.0,0.0,0.0,0.0,,,0.0,0.0,True,False,0,0,False,False
A2AJI0_375.0,0.0,0.0,0.0,,,0.0,0.0,True,False,0,0,False,False
A2AJW5_174.0,0.0,0.0,0.0,,,0.0,0.0,True,False,0,0,False,False
A2ALI5_358.0,0.0,0.0,0.0,,,0.0,0.0,True,False,0,0,False,False
A2ALK8_498.0,0.0,0.0,0.0,,,0.0,0.0,True,False,0,0,False,False
A2ALK8_549.0,0.0,0.0,0.0,,,0.0,0.0,True,False,0,0,False,False
A2ALS5_146.0,22.502563794453938,14.38595469792684,-0.6454284158688115,0.05214578781904867,,-8.116609096527098,8.116609096527098,False,True,partial,partial,False,False
A2ALS5_161.0,0.0,0.0,0.0,,,0.0,0.0,True,False,0,0,False,False
A2ALS5_257.0,0.0,0.0,0.0,,,0.0,0.0,True,False,0,0,False,False
A2ALS5_376.0,0.0,0.0,0.0,,,0.0,0.0,True,False,0,0,False,False
A2ALS5_644.0,0.0,0.0,0.0,,,0.0,0.0,True,False,0,0,False,False
A2ALS5_663.0,0.0,0.0,0.0,,,0.0,0.0,True,False,0,0,False,False
A2ALS5_83.0,0.0,0.0,0.0,,,0.0,0.0,True,False,0,0,False,False
A2ALU4_1126.0,0.0,0.0,0.0,,,0.0,0.0,True,False,0,0,False,False
A2ALU4_1345.0,0.0,0.0,0.0,,,0.0,0.0,True,False,0,0,False,False
A2AN08_1033.0,0.0,0.0,0.0,,,0.0,0.0,True,False,0,0,False,False
A2AN08_1449.0,0.0,0.0,0.0,,,0.0,0.0,True,False,0,0,False,False
A2AN08_1690.0,0.0,0.0,0.0,,,0.0,0.0,True,False,0,0,False,False
A2AN08_1723.0,0.0,0.0,0.0,,,0.0,0.0,True,False,0,0,False,False
A2AN08_2552.0,0.0,0.0,0.0,,,0.0,0.0,True,False,0,0,False,False
A2AN08_260.0,0.0,0.0,0.0,,,0.0,0.0,True,False,0,0,False,False
A2AN08_3276.0,0.0,0.0,0.0,,,0.0,0.0,True,False,0,0,False,False
A2AN08_3389.0,0.0,0.0,0.0,,,0.0,0.0,True,False,0,0,False,False
A2AN08_3801.0,0.0,0.0,0.0,,,0.0,0.0,True,False,0,0,False,False
A2AN08_3861.0,0.0,0.0,0.0,,,0.0,0.0,True,False,0,0,False,False
A2AN08_3927.0,0.0,0.0,0.0,,,0.0,0.0,True,False,0,0,False,False
A2AN08_4143.0,0.0,0.0,0.0,,,0.0,0.0,True,False,0,0,False,False
A2AN08_4427.0,0.0,0.0,0.0,,,0.0,0.0,True,False,0,0,False,False
A2AN08_4639.0,0.0,0.0,0.0,,,0.0,0.0,True,False,0,0,False,False
A2AN08_4658.0,0.0,0.0,0.0,,,0.0,0.0,True,False,0,0,False,False
A2AN08_4913.0,0.0,0.0,0.0,,,0.0,0.0,True,False,0,0,False,False
A2AN08_4943.0,0.0,0.0,0.0,,,0.0,0.0,True,False,0,0,False,False
A2AN08_779.0,0.0,0.0,0.0,,,0.0,0.0,True,False,0,0,False,False
A2AP18_306.0,0.0,0.0,0.0,,,0.0,0.0,True,False,0,0,False,False
A2AP18_441.0,0.0,0.0,0.0,,,0.0,0.0,True,False,0,0,False,False
A2AP18_497.0,0.0,0.0,0.0,,,0.0,0.0,True,False,0,0,False,False
A2AP18_607.0,0.0,0.0,0.0,,,0.0,0.0,True,False,0,0,False,False
A2APT9_180.0,0.0,0.0,0.0,,,0.0,0.0,True,False,0,0,False,False
A2APT9_431.0,0.0,0.0,0.0,,,0.0,0.0,True,False,0,0,False,False
A2APT9_496.0,0.0,0.0,0.0,,,0.0,0.0,True,False,0,0,False,False
A2APV2_65.0,0.0,0.0,0.0,,,0.0,0.0,True,False,0,0,False,False
A2APV2_716.0,0.0,0.0,0.0,,,0.0,0.0,True,False,0,0,False,False
A2APV2_734.0,0.0,0.0,0.0,,,0.0,0.0,True,False,0,0,False,False
A2APX8_1982.0,0.0,0.0,0.0,,,0.0,0.0,True,False,0,0,False,False
A2APY7_266.0,0.0,0.0,0.0,,,0.0,0.0,True,False,0,0,False,False
A2APY7_98.0,0.0,0.0,0.0,,,0.0,0.0,True,False,0,0,False,False
A2AQ25_1695.0,0.0,0.0,0.0,,,0.0,0.0,True,False,0,0,False,False
A2AQ25_1792.0,0.0,0.0,0.0,,,0.0,0.0,True,False,0,0,False,False
A2AQ25_726.0,0.0,0.0,0.0,,,0.0,0.0,True,False,0,0,False,False
A2AQ25_865.0,0.0,0.0,0.0,,,0.0,0.0,True,False,0,0,False,False
A2AR02_174.0,0.0,0.0,0.0,,,0.0,0.0,True,False,0,0,False,False
A2AR02_308.0,0.0,0.0,0.0,,,0.0,0.0,True,False,0,0,False,False
A2AR02_33.0,0.0,0.0,0.0,,,0.0,0.0,True,False,0,0,False,False
A2AR50_77.0,0.0,0.0,0.0,,,0.0,0.0,True,False,0,0,False,False
A2ARP1_317.0,0.0,0.0,0.0,,,0.0,0.0,True,False,0,0,False,False
A2ARP1_349.0,0.0,0.0,0.0,,,0.0,0.0,True,False,0,0,False,False
A2ARP1_627.0,0.0,0.0,0.0,,,0.0,0.0,True,False,0,0,False,False
A2ARP1_741.0,0.0,0.0,0.0,,,0.0,0.0,True,False,0,0,False,False
A2ARP1_921.0,0.0,0.0,0.0,,,0.0,0.0,True,False,0,0,False,False
A2ARP1_944.0,0.0,0.0,0.0,,,0.0,0.0,True,False,0,0,False,False
A2ARS0_169.0,0.0,0.0,0.0,,,0.0,0.0,True,False,0,0,False,False
A2ASQ1_1012.0,35.94227949778239,16.414835294087727,-1.1306816349337767,0.021922765308247008,,-19.52744420369466,19.52744420369466,False,True,partial,partial,False,False
A2ASQ1_123.0,0.0,0.0,0.0,,,0.0,0.0,True,False,0,0,False,False
A2ASQ1_198.0,0.0,0.0,0.0,,,0.0,0.0,True,False,0,0,False,False
A2ASQ1_284.0,0.0,0.0,0.0,,,0.0,0.0,True,False,0,0,False,False
A2ASQ1_356.0,0.0,0.0,0.0,,,0.0,0.0,True,False,0,0,False,False
A2ASQ1_441.0,14.769513765970865,9.091354370117188,-0.7000551924382142,0.17714347040123896,,-5.678159395853678,5.678159395853678,False,True,partial,partial,False,False
A2ASQ1_545.0,9.125533103942871,16.80776834487915,0.8811474359025372,0.38690799781236207,,7.682235240936279,7.682235240936279,False,True,partial,partial,False,False
A2ASQ1_645.0,0.0,0.0,0.0,,,0.0,0.0,True,False,0,0,False,False
A2ASQ1_721.0,16.611079851786297,8.533406575520834,-0.9609521706717485,0.46290004062513757,,-8.077673276265463,8.077673276265463,False,True,partial,partial,False,False
A2ASQ1_864.0,0.0,0.0,0.0,,,0.0,0.0,True,False,0,0,False,False
A2ASZ8_203.0,0.0,0.0,0.0,,,0.0,0.0,True,False,0,0,False,False
A2ASZ8_225.0,0.0,0.0,0.0,,,0.0,0.0,True,False,0,0,False,False
A2ASZ8_322.0,0.0,0.0,0.0,,,0.0,0.0,True,False,0,0,False,False
A2AT37_590.0,0.0,0.0,0.0,,,0.0,0.0,True,False,0,0,False,False
A2AWA9_1021.0,0.0,0.0,0.0,,,0.0,0.0,True,False,0,0,False,False
A2AWA9_150.0,0.0,0.0,0.0,,,0.0,0.0,True,False,0,0,False,False
A2AWA9_327.0,0.0,0.0,0.0,,,0.0,0.0,True,False,0,0,False,False
A2AWA9_428.0,0.0,0.0,0.0,,,0.0,0.0,True,False,0,0,False,False
A2AWA9_471.0,0.0,0.0,0.0,,,0.0,0.0,True,False,0,0,False,False
A2AWA9_577.0,0.0,0.0,0.0,,,0.0,0.0,True,False,0,0,False,False
A2AWA9_800.0,0.0,0.0,0.0,,,0.0,0.0,True,False,0,0,False,False
A2AWA9_936.0,0.0,0.0,0.0,,,0.0,0.0,True,False,0,0,False,False
A2BDX3_154.0,0.0,0.0,0.0,,,0.0,0.0,True,False,0,0,False,False
A2BDX3_179.0,0.0,0.0,0.0,,,0.0,0.0,True,False,0,0,False,False
A2BDX3_193.0,0.0,0.0,0.0,,,0.0,0.0,True,False,0,0,False,False
A2BDX3_316.0,0.0,0.0,0.0,,,0.0,0.0,True,False,0,0,False,False
A2BDX3_331.0,0.0,0.0,0.0,,,0.0,0.0,True,False,0,0,False,False
A2BDX3_412.0,0.0,0.0,0.0,,,0.0,0.0,True,False,0,0,False,False
A2BH40_1825.0,0.0,0.0,0.0,,,0.0,0.0,True,False,0,0,False,False
A2BH40_1872.0,0.0,0.0,0.0,,,0.0,0.0,True,False,0,0,False,False
A2BH40_1966.0,0.0,0.0,0.0,,,0.0,0.0,True,False,0,0,False,False
A2CG49_1006.0,0.0,0.0,0.0,,,0.0,0.0,True,False,0,0,False,False
A2CG49_1515.0,0.0,0.0,0.0,,,0.0,0.0,True,False,0,0,False,False
A2CG49_1680.0,0.0,0.0,0.0,,,0.0,0.0,True,False,0,0,False,False
A2CG49_1875.0,0.0,0.0,0.0,,,0.0,0.0,True,False,0,0,False,False
A2CG49_2055.0,0.0,0.0,0.0,,,0.0,0.0,True,False,0,0,False,False
A2CG49_2162.0,0.0,0.0,0.0,,,0.0,0.0,True,False,0,0,False,False
A2CG49_249.0,0.0,0.0,0.0,,,0.0,0.0,True,False,0,0,False,False
A2CG49_417.0,0.0,0.0,0.0,,,0.0,0.0,True,False,0,0,False,False
A2CG49_592.0,0.0,0.0,0.0,,,0.0,0.0,True,False,0,0,False,False
A2CG49_72.0,0.0,0.0,0.0,,,0.0,0.0,True,False,0,0,False,False
A2CG49_871.0,0.0,0.0,0.0,,,0.0,0.0,True,False,0,0,False,False
A2CG49_989.0,0.0,0.0,0.0,,,0.0,0.0,True,False,0,0,False,False
A2RSJ4_1212.0,57.72084363301595,30.7058162689209,-0.9105804305051504,0.1931169467370661,,-27.015027364095054,27.015027364095054,False,True,partial,partial,False,False
A2RSJ4_1426.0,0.0,0.0,0.0,,,0.0,0.0,True,False,0,0,False,False
A2RSJ4_227.0,0.0,0.0,0.0,,,0.0,0.0,True,False,0,0,False,False
A2RSJ4_372.0,0.0,0.0,0.0,,,0.0,0.0,True,False,0,0,False,False
A2RSJ4_486.0,0.0,0.0,0.0,,,0.0,0.0,True,False,0,0,False,False
A2RSJ4_627.0,0.0,0.0,0.0,,,0.0,0.0,True,False,0,0,False,False
A2RSJ4_633.0,0.0,0.0,0.0,,,0.0,0.0,True,False,0,0,False,False
A2RSJ4_647.0,0.0,0.0,0.0,,,0.0,0.0,True,False,0,0,False,False
A2RSJ4_81.0,0.0,0.0,0.0,,,0.0,0.0,True,False,0,0,False,False
A2RSJ4_94.0,0.0,0.0,0.0,,,0.0,0.0,True,False,0,0,False,False
A2RSQ0_1010.0,0.0,0.0,0.0,,,0.0,0.0,True,False,0,0,False,False
A2RSQ0_1186.0,0.0,0.0,0.0,,,0.0,0.0,True,False,0,0,False,False
A2RSQ0_488.0,0.0,0.0,0.0,,,0.0,0.0,True,False,0,0,False,False
A2RSQ0_984.0,0.0,0.0,0.0,,,0.0,0.0,True,False,0,0,False,False
A2RSX7_257.0,0.0,0.0,0.0,,,0.0,0.0,True,False,0,0,False,False
A2RSX7_40.0,0.0,0.0,0.0,,,0.0,0.0,True,False,0,0,False,False
A2RT62_356.0,0.0,0.0,0.0,,,0.0,0.0,True,False,0,0,False,False
A2RT62_407.0,0.0,0.0,0.0,,,0.0,0.0,True,False,0,0,False,False
A2RT62_47.0,2.1147872606913247,0.8122520446777344,-1.3805131647241051,0.42945419269176044,,-1.3025352160135903,1.3025352160135903,False,True,partial,partial,False,False
A2RTH5_248.0,0.0,0.0,0.0,,,0.0,0.0,True,False,0,0,False,False
A2RTH5_88.0,0.0,0.0,0.0,,,0.0,0.0,True,False,0,0,False,False
A2RTL5_324.0,0.0,0.0,0.0,,,0.0,0.0,True,False,0,0,False,False
A3KMP2_124.0,0.0,0.0,0.0,,,0.0,0.0,True,False,0,0,False,False
A3KMP2_24.0,0.0,0.0,0.0,,,0.0,0.0,True,False,0,0,False,False
A3KMP2_363.0,0.0,0.0,0.0,,,0.0,0.0,True,False,0,0,False,False
A3KMP2_376.0,37.6167901357015,25.578060785929363,-0.5564698583365554,0.5480997599045129,,-12.038729349772137,12.038729349772137,False,True,partial,partial,False,False
A3KMP2_49.0,0.0,0.0,0.0,,,0.0,0.0,True,False,0,0,False,False
A6H5Z3_31.0,0.0,0.0,0.0,,,0.0,0.0,True,False,0,0,False,False
A6H611_140.0,0.0,0.0,0.0,,,0.0,0.0,True,False,0,0,False,False
A6H611_647.0,0.0,0.0,0.0,,,0.0,0.0,True,False,0,0,False,False
A6H630_159.0,0.0,0.0,0.0,,,0.0,0.0,True,False,0,0,False,False
A6H630_82.0,0.0,0.0,0.0,,,0.0,0.0,True,False,0,0,False,False
A6H650_94.0,0.0,0.0,0.0,,,0.0,0.0,True,False,0,0,False,False
A6H6A9_139.0,0.0,0.0,0.0,,,0.0,0.0,True,False,0,0,False,False
A6H6A9_554.0,0.0,0.0,0.0,,,0.0,0.0,True,False,0,0,False,False
A6H6A9_665.0,0.0,0.0,0.0,,,0.0,0.0,True,False,0,0,False,False
A6H6A9_777.0,0.0,0.0,0.0,,,0.0,0.0,True,False,0,0,False,False
A6H8H2_1897.0,0.0,0.0,0.0,,,0.0,0.0,True,False,0,0,False,False
A6X919_698.0,0.0,0.0,0.0,,,0.0,0.0,True,False,0,0,False,False
A6X919_718.0,0.0,0.0,0.0,,,0.0,0.0,True,False,0,0,False,False
A8DUK4_94.0,1.579319993654887,1.4017619490623474,-0.17206214426719982,0.16355109427455866,,-0.17755804459253954,0.17755804459253954,False,True,partial,partial,False,False
A8Y5H7_192.0,0.0,0.0,0.0,,,0.0,0.0,True,False,0,0,False,False
A8Y5H7_258.0,0.0,0.0,0.0,,,0.0,0.0,True,False,0,0,False,False
A8Y5H7_614.0,0.0,0.0,0.0,,,0.0,0.0,True,False,0,0,False,False
B0F2B4_869.0,0.0,0.0,0.0,,,0.0,0.0,True,False,0,0,False,False
B0F2B4_93.0,0.0,0.0,0.0,,,0.0,0.0,True,False,0,0,False,False
B0V2N1_107.0,0.0,0.0,0.0,,,0.0,0.0,True,False,0,0,False,False
B0V2N1_1298.0,0.0,0.0,0.0,,,0.0,0.0,True,False,0,0,False,False
B0V2N1_1536.0,0.0,0.0,0.0,,,0.0,0.0,True,False,0,0,False,False
B0V2N1_1663.0,0.0,0.0,0.0,,,0.0,0.0,True,False,0,0,False,False
B0V2N1_207.0,19.06096871693929,5.146541436513265,-1.888946294190374,0.09081261319875092,,-13.914427280426025,13.914427280426025,False,True,partial,partial,False,False
B0V2N1_54.0,0.0,0.0,0.0,,,0.0,0.0,True,False,0,0,False,False
B1AR13_119.0,0.0,0.0,0.0,,,0.0,0.0,True,False,0,0,False,False
B1AR13_81.0,0.0,0.0,0.0,,,0.0,0.0,True,False,0,0,False,False
B1ART2_2206.0,0.0,0.0,0.0,,,0.0,0.0,True,False,0,0,False,False
B1AS29_233.0,0.0,0.0,0.0,,,0.0,0.0,True,False,0,0,False,False
B1AS29_872.0,0.0,0.0,0.0,,,0.0,0.0,True,False,0,0,False,False
B1AUN2_334.0,0.0,0.0,0.0,,,0.0,0.0,True,False,0,0,False,False
B1AUN2_424.0,0.0,0.0,0.0,,,0.0,0.0,True,False,0,0,False,False
B1AUN2_64.0,0.0,0.0,0.0,,,0.0,0.0,True,False,0,0,False,False
B1AVZ0_161.0,0.0,0.0,0.0,,,0.0,0.0,True,False,0,0,False,False
B1AVZ0_181.0,0.0,0.0,0.0,,,0.0,0.0,True,False,0,0,False,False
B1AWC9_45.0,0.0,0.0,0.0,,,0.0,0.0,True,False,0,0,False,False
B1AWC9_492.0,0.0,0.0,0.0,,,0.0,0.0,True,False,0,0,False,False
B1AWC9_562.0,0.0,0.0,0.0,,,0.0,0.0,True,False,0,0,False,False
B1AWC9_604.0,0.0,0.0,0.0,,,0.0,0.0,True,False,0,0,False,False
B1AWC9_671.0,0.0,0.0,0.0,,,0.0,0.0,True,False,0,0,False,False
B1AWC9_709.0,0.0,0.0,0.0,,,0.0,0.0,True,False,0,0,False,False
B1AWN6_1817.0,0.0,0.0,0.0,,,0.0,0.0,True,False,0,0,False,False
B1AWN6_919.0,30.671584765116375,14.678023338317871,-1.0632450146090768,0.014342945970135827,,-15.993561426798504,15.993561426798504,False,True,partial,partial,False,False
B1AXH1_1019.0,0.0,0.0,0.0,,,0.0,0.0,True,False,0,0,False,False
B1AXH1_450.0,0.0,0.0,0.0,,,0.0,0.0,True,False,0,0,False,False
B1AXV0_162.0,31.1133025487264,23.10208733876546,-0.42950833001429345,0.02132591608727668,,-8.011215209960938,8.011215209960938,False,True,partial,partial,False,False
B1AY13_1284.0,0.0,0.0,0.0,,,0.0,0.0,True,False,0,0,False,False
B1AY13_1505.0,0.0,0.0,0.0,,,0.0,0.0,True,False,0,0,False,False
B1AY13_1553.0,18.73499933878581,36.74432118733724,0.9717853727413981,0.31049074915982194,,18.009321848551433,18.009321848551433,False,True,partial,partial,False,False
B1AY13_1577.0,0.0,0.0,0.0,,,0.0,0.0,True,False,0,0,False,False
B1AY13_169.0,0.0,0.0,0.0,,,0.0,0.0,True,False,0,0,False,False
B1AY13_1856.0,0.0,0.0,0.0,,,0.0,0.0,True,False,0,0,False,False
B1AY13_2226.0,0.0,0.0,0.0,,,0.0,0.0,True,False,0,0,False,False
B1AY13_676.0,0.0,0.0,0.0,,,0.0,0.0,True,False,0,0,False,False
B1AY13_799.0,0.0,0.0,0.0,,,0.0,0.0,True,False,0,0,False,False
B1AY13_870.0,0.0,0.0,0.0,,,0.0,0.0,True,False,0,0,False,False
B1AZI6_1044.0,0.0,0.0,0.0,,,0.0,0.0,True,False,0,0,False,False
B1AZI6_1064.0,0.0,0.0,0.0,,,0.0,0.0,True,False,0,0,False,False
B1AZP2_305.0,0.0,0.0,0.0,,,0.0,0.0,True,False,0,0,False,False
B1AZP2_360.0,0.0,0.0,0.0,,,0.0,0.0,True,False,0,0,False,False
B1AZP2_673.0,0.0,0.0,0.0,,,0.0,0.0,True,False,0,0,False,False
B1AZP2_726.0,0.0,0.0,0.0,,,0.0,0.0,True,False,0,0,False,False
B1AZP2_736.0,0.0,0.0,0.0,,,0.0,0.0,True,False,0,0,False,False
B1AZP2_822.0,0.0,0.0,0.0,,,0.0,0.0,True,False,0,0,False,False
B1AZP2_864.0,0.0,0.0,0.0,,,0.0,0.0,True,False,0,0,False,False
B2KF50_1387.0,0.0,0.0,0.0,,,0.0,0.0,True,False,0,0,False,False
B2KF50_227.0,0.0,0.0,0.0,,,0.0,0.0,True,False,0,0,False,False
B2KF50_407.0,0.0,0.0,0.0,,,0.0,0.0,True,False,0,0,False,False
B2RPU2_178.0,0.0,0.0,0.0,,,0.0,0.0,True,False,0,0,False,False
B2RPU2_406.0,0.0,0.0,0.0,,,0.0,0.0,True,False,0,0,False,False
B2RPU2_89.0,0.0,0.0,0.0,,,0.0,0.0,True,False,0,0,False,False
B2RQC6_1636.0,0.0,0.0,0.0,,,0.0,0.0,True,False,0,0,False,False
B2RQC6_1682.0,0.0,0.0,0.0,,,0.0,0.0,True,False,0,0,False,False
B2RQC6_179.0,0.0,0.0,0.0,,,0.0,0.0,True,False,0,0,False,False
B2RQC6_1889.0,0.0,0.0,0.0,,,0.0,0.0,True,False,0,0,False,False
B2RQC6_379.0,0.0,0.0,0.0,,,0.0,0.0,True,False,0,0,False,False
B2RQC6_897.0,0.0,0.0,0.0,,,0.0,0.0,True,False,0,0,False,False
B2RQG2_1594.0,0.0,0.0,0.0,,,0.0,0.0,True,False,0,0,False,False
B2RR83_249.0,0.0,0.0,0.0,,,0.0,0.0,True,False,0,0,False,False
B2RR83_792.0,0.0,0.0,0.0,,,0.0,0.0,True,False,0,0,False,False
B2RRE7_681.0,0.0,0.0,0.0,,,0.0,0.0,True,False,0,0,False,False
B2RRE7_898.0,0.0,0.0,0.0,,,0.0,0.0,True,False,0,0,False,False
B2RSH2_139.0,2.6286325057347617,2.0327330827713013,-0.370891672837431,0.5586601972353755,,-0.5958994229634604,0.5958994229634604,False,True,partial,partial,False,False
B2RSH2_66.0,0.0,0.0,0.0,,,0.0,0.0,True,False,0,0,False,False
B2RUJ5_78.0,0.0,0.0,0.0,,,0.0,0.0,True,False,0,0,False,False
B2RUR8_709.0,0.0,0.0,0.0,,,0.0,0.0,True,False,0,0,False,False
B2RUS7_267.0,0.0,0.0,0.0,,,0.0,0.0,True,False,0,0,False,False
B2RVL6_195.0,0.0,0.0,0.0,,,0.0,0.0,True,False,0,0,False,False
B2RW11_134.0,0.0,0.0,0.0,,,0.0,0.0,True,False,0,0,False,False
B2RW11_347.0,0.0,0.0,0.0,,,0.0,0.0,True,False,0,0,False,False
B2RXA1_17.0,0.0,0.0,0.0,,,0.0,0.0,True,False,0,0,False,False
B2RXC1_162.0,0.0,0.0,0.0,,,0.0,0.0,True,False,0,0,False,False
B2RXC1_282.0,0.0,0.0,0.0,,,0.0,0.0,True,False,0,0,False,False
B2RXC1_41.0,0.0,0.0,0.0,,,0.0,0.0,True,False,0,0,False,False
B2RXC1_481.0,0.0,0.0,0.0,,,0.0,0.0,True,False,0,0,False,False
B2RXC1_553.0,0.0,0.0,0.0,,,0.0,0.0,True,False,0,0,False,False
B2RXC1_658.0,0.0,0.0,0.0,,,0.0,0.0,True,False,0,0,False,False
B2RXQ2_189.0,0.0,0.0,0.0,,,0.0,0.0,True,False,0,0,False,False
B2RXS3_1293.0,0.0,0.0,0.0,,,0.0,0.0,True,False,0,0,False,False
B2RXS3_213.0,0.0,0.0,0.0,,,0.0,0.0,True,False,0,0,False,False
B2RXS4_1153.0,0.0,0.0,0.0,,,0.0,0.0,True,False,0,0,False,False
B2RXS4_1488.0,0.0,0.0,0.0,,,0.0,0.0,True,False,0,0,False,False
B2RXS4_313.0,6.686895688374837,2.3450565338134766,-1.5117139087499831,0.39713152961207665,,-4.34183915456136,4.34183915456136,False,True,partial,partial,False,False
B2RXS4_617.0,0.0,0.0,0.0,,,0.0,0.0,True,False,0,0,False,False
B2RXS4_769.0,0.0,0.0,0.0,,,0.0,0.0,True,False,0,0,False,False
B2RXS4_848.0,0.0,0.0,0.0,,,0.0,0.0,True,False,0,0,False,False
B2RXS4_940.0,0.0,0.0,0.0,,,0.0,0.0,True,False,0,0,False,False
B2RXT3_104.0,0.0,0.0,0.0,,,0.0,0.0,True,False,0,0,False,False
B2RXT3_270.0,0.0,0.0,0.0,,,0.0,0.0,True,False,0,0,False,False
B2RXT3_318.0,1.8977555235226948,1.0767911672592163,-0.8175556690693068,0.3327870303388579,,-0.8209643562634785,0.8209643562634785,False,True,partial,partial,False,False
B2RXT3_553.0,0.0,0.0,0.0,,,0.0,0.0,True,False,0,0,False,False
B2RXT3_942.0,0.0,0.0,0.0,,,0.0,0.0,True,False,0,0,False,False
B2RY04_874.0,0.0,0.0,0.0,,,0.0,0.0,True,False,0,0,False,False
B2RY56_132.0,0.0,0.0,0.0,,,0.0,0.0,True,False,0,0,False,False
B2RY56_83.0,16.054383595784504,17.25079282124837,0.10369539336943707,0.9378077534998064,,1.1964092254638672,1.1964092254638672,False,True,partial,partial,False,False
B5TVM2_108.0,0.0,0.0,0.0,,,0.0,0.0,True,False,0,0,False,False
B5TVM2_57.0,10.095349629720053,10.466852823893229,0.05213684150451665,0.9801220511789215,,0.3715031941731759,0.3715031941731759,False,True,partial,partial,False,False
B7ZMP1_502.0,0.0,0.0,0.0,,,0.0,0.0,True,False,0,0,False,False
B9EHT4_126.0,0.0,0.0,0.0,,,0.0,0.0,True,False,0,0,False,False
B9EHT4_270.0,0.0,0.0,0.0,,,0.0,0.0,True,False,0,0,False,False
B9EHT4_347.0,0.0,0.0,0.0,,,0.0,0.0,True,False,0,0,False,False
B9EJ54_1216.0,0.0,0.0,0.0,,,0.0,0.0,True,False,0,0,False,False
B9EJ54_1227.0,0.0,0.0,0.0,,,0.0,0.0,True,False,0,0,False,False
B9EJ54_1297.0,0.0,0.0,0.0,,,0.0,0.0,True,False,0,0,False,False
B9EJ86_196.0,0.0,0.0,0.0,,,0.0,0.0,True,False,0,0,False,False
B9EJ86_575.0,0.0,0.0,0.0,,,0.0,0.0,True,False,0,0,False,False
B9EJ86_729.0,0.0,0.0,0.0,,,0.0,0.0,True,False,0,0,False,False
B9EJA2_306.0,0.0,0.0,0.0,,,0.0,0.0,True,False,0,0,False,False
B9EJA2_518.0,0.0,0.0,0.0,,,0.0,0.0,True,False,0,0,False,False
B9EKI3_925.0,0.0,0.0,0.0,,,0.0,0.0,True,False,0,0,False,False
B9EKR1_157.0,0.0,0.0,0.0,,,0.0,0.0,True,False,0,0,False,False
B9EKR1_2141.0,0.0,0.0,0.0,,,0.0,0.0,True,False,0,0,False,False
B9EKR1_56.0,4.707032044728597,1.9389691750208538,-1.2795278060409947,0.0003905224723639368,,-2.7680628697077427,2.7680628697077427,False,True,partial,partial,False,False
D3YTP3_176.0,1.6278521219889324,0.0,-30.60032250253367,0.36321746764912255,,-1.6278521219889324,1.6278521219889324,False,True,partial,0,False,False
D3YTP3_233.0,0.0,0.0,0.0,,,0.0,0.0,True,False,0,0,False,False
D3YTP3_82.0,0.0,0.0,0.0,,,0.0,0.0,True,False,0,0,False,False
D3YUB6_1007.0,0.0,0.0,0.0,,,0.0,0.0,True,False,0,0,False,False
D3YUB6_1104.0,0.0,0.0,0.0,,,0.0,0.0,True,False,0,0,False,False
D3YUB6_1112.0,0.0,2.174354871114095,31.017940272942973,0.36321746764912255,,2.174354871114095,2.174354871114095,False,True,0,partial,False,False
D3YUB6_1144.0,0.0,0.0,0.0,,,0.0,0.0,True,False,0,0,False,False
D3YUB6_1248.0,0.0,0.0,0.0,,,0.0,0.0,True,False,0,0,False,False
D3YUB6_1488.0,0.0,0.0,0.0,,,0.0,0.0,True,False,0,0,False,False
D3YUB6_1567.0,0.7023889223734537,0.0,-29.38769485294684,0.36321746764912255,,-0.7023889223734537,0.7023889223734537,False,True,partial,0,False,False
D3YUB6_709.0,0.0,0.0,0.0,,,0.0,0.0,True,False,0,0,False,False
D3YUE4_192.0,0.0,0.0,0.0,,,0.0,0.0,True,False,0,0,False,False
D3YUE4_212.0,0.0,0.0,0.0,,,0.0,0.0,True,False,0,0,False,False
D3YVF0_36.0,0.0,0.0,0.0,,,0.0,0.0,True,False,0,0,False,False
D3YWQ0_482.0,0.0,0.0,0.0,,,0.0,0.0,True,False,0,0,False,False
D3YWQ0_515.0,0.0,0.0,0.0,,,0.0,0.0,True,False,0,0,False,False
D3YWQ0_583.0,0.0,0.0,0.0,,,0.0,0.0,True,False,0,0,False,False
D3YWQ0_679.0,0.0,0.0,0.0,,,0.0,0.0,True,False,0,0,False,False
D3YWQ0_827.0,0.0,0.0,0.0,,,0.0,0.0,True,False,0,0,False,False
D3YXJ0_186.0,0.0,0.0,0.0,,,0.0,0.0,True,False,0,0,False,False
D3YXJ0_203.0,0.0,0.0,0.0,,,0.0,0.0,True,False,0,0,False,False
D3YXJ0_265.0,0.0,0.0,0.0,,,0.0,0.0,True,False,0,0,False,False
D3YXJ0_713.0,0.0,0.0,0.0,,,0.0,0.0,True,False,0,0,False,False
D3YXJ0_987.0,0.0,0.0,0.0,,,0.0,0.0,True,False,0,0,False,False
D3YXK0_692.0,0.0,0.0,0.0,,,0.0,0.0,True,False,0,0,False,False
D3YXK2_225.0,2.7491124471028647,0.29808177550633747,-3.205185836522487,0.00016142509299537435,,-2.451030671596527,2.451030671596527,False,True,partial,partial,False,False
D3YXK2_303.0,0.4405781428019206,0.0,-28.714822686705364,0.36321746764912255,,-0.4405781428019206,0.4405781428019206,False,True,partial,0,False,False
D3YXK2_384.0,0.0,0.0,0.0,,,0.0,0.0,True,False,0,0,False,False
D3YXK2_470.0,0.0,0.0,0.0,,,0.0,0.0,True,False,0,0,False,False
D3YXK2_81.0,0.0,0.0,0.0,,,0.0,0.0,True,False,0,0,False,False
D3YYY8_531.0,0.0,0.0,0.0,,,0.0,0.0,True,False,0,0,False,False
D3YYY8_591.0,0.0,0.0,0.0,,,0.0,0.0,True,False,0,0,False,False
D3YZG8_171.0,0.0,0.0,0.0,,,0.0,0.0,True,False,0,0,False,False
D3YZI9_361.0,0.0,0.0,0.0,,,0.0,0.0,True,False,0,0,False,False
D3YZU1_1504.0,0.0,0.0,0.0,,,0.0,0.0,True,False,0,0,False,False
D3YZU1_234.0,0.0,0.0,0.0,,,0.0,0.0,True,False,0,0,False,False
D3YZU1_322.0,0.0,0.0,0.0,,,0.0,0.0,True,False,0,0,False,False
D3YZU1_607.0,0.0,0.0,0.0,,,0.0,0.0,True,False,0,0,False,False
D3YZZ5_109.0,0.0,0.0,0.0,,,0.0,0.0,True,False,0,0,False,False
D3YZZ5_48.0,9.691770871480307,0.0,-33.174113151775536,0.08202287341790512,,-9.691770871480307,9.691770871480307,False,True,partial,0,False,False
D3Z0M9_408.0,0.0,0.0,0.0,,,0.0,0.0,True,False,0,0,False,False
D3Z0M9_691.0,0.0,0.0,0.0,,,0.0,0.0,True,False,0,0,False,False
D3Z286_352.0,7.5170332590738935,0.0,-32.80751624122435,0.1750704555838237,,-7.5170332590738935,7.5170332590738935,False,True,partial,0,False,False
D3Z2H9_154.0,0.0,0.0,0.0,,,0.0,0.0,True,False,0,0,False,False
D3Z2H9_233.0,0.0,0.0,0.0,,,0.0,0.0,True,False,0,0,False,False
D3Z3N4_27.0,0.0,0.0,0.0,,,0.0,0.0,True,False,0,0,False,False
D3Z4S3_118.0,0.0,0.0,0.0,,,0.0,0.0,True,False,0,0,False,False
D3Z7P3_183.0,0.0,0.0,0.0,,,0.0,0.0,True,False,0,0,False,False
D3Z7P3_208.0,0.0,0.0,0.0,,,0.0,0.0,True,False,0,0,False,False
D3Z7P3_271.0,0.0,0.0,0.0,,,0.0,0.0,True,False,0,0,False,False
D3Z7P3_288.0,0.0,0.0,0.0,,,0.0,0.0,True,False,0,0,False,False
D3Z7P3_614.0,0.0,0.0,0.0,,,0.0,0.0,True,False,0,0,False,False
D4AFX7_1014.0,0.0,0.0,0.0,,,0.0,0.0,True,False,0,0,False,False
D4AFX7_1183.0,0.0,0.0,0.0,,,0.0,0.0,True,False,0,0,False,False
D4AFX7_1359.0,0.0,0.0,0.0,,,0.0,0.0,True,False,0,0,False,False
D4AFX7_1437.0,0.0,0.0,0.0,,,0.0,0.0,True,False,0,0,False,False
D4AFX7_2087.0,0.0,0.0,0.0,,,0.0,0.0,True,False,0,0,False,False
D4AFX7_2115.0,0.0,0.0,0.0,,,0.0,0.0,True,False,0,0,False,False
E0CYQ0_142.0,0.0,0.0,0.0,,,0.0,0.0,True,False,0,0,False,False
E9PUQ8_121.0,0.0,0.0,0.0,,,0.0,0.0,True,False,0,0,False,False
E9PUQ8_177.0,0.0,0.0,0.0,,,0.0,0.0,True,False,0,0,False,False
E9PUQ8_422.0,0.0,0.0,0.0,,,0.0,0.0,True,False,0,0,False,False
E9PUR0_1311.0,0.0,0.0,0.0,,,0.0,0.0,True,False,0,0,False,False
E9PUR0_216.0,0.0,0.0,0.0,,,0.0,0.0,True,False,0,0,False,False
E9PV24_56.0,0.0,0.0,0.0,,,0.0,0.0,True,False,0,0,False,False
E9PV26_983.0,0.0,0.0,0.0,,,0.0,0.0,True,False,0,0,False,False
E9PV86_312.0,0.0,0.0,0.0,,,0.0,0.0,True,False,0,0,False,False
E9PVA8_1482.0,0.0,0.0,0.0,,,0.0,0.0,True,False,0,0,False,False
E9PVA8_1535.0,0.0,0.0,0.0,,,0.0,0.0,True,False,0,0,False,False
E9PVA8_1781.0,0.0,0.0,0.0,,,0.0,0.0,True,False,0,0,False,False
E9PVA8_1984.0,0.0,0.0,0.0,,,0.0,0.0,True,False,0,0,False,False
E9PVA8_2015.0,0.0,0.0,0.0,,,0.0,0.0,True,False,0,0,False,False
E9PVA8_2255.0,0.0,0.0,0.0,,,0.0,0.0,True,False,0,0,False,False
E9PVA8_246.0,0.0,0.0,0.0,,,0.0,0.0,True,False,0,0,False,False
E9PVA8_2647.0,0.0,0.0,0.0,,,0.0,0.0,True,False,0,0,False,False
E9PVA8_329.0,0.0,0.0,0.0,,,0.0,0.0,True,False,0,0,False,False
E9PVA8_648.0,0.0,0.0,0.0,,,0.0,0.0,True,False,0,0,False,False
E9PVA8_932.0,0.0,0.0,0.0,,,0.0,0.0,True,False,0,0,False,False
E9PVA8_939.0,0.0,0.0,0.0,,,0.0,0.0,True,False,0,0,False,False
E9PVZ8_1558.0,0.0,0.0,0.0,,,0.0,0.0,True,False,0,0,False,False
E9PVZ8_1894.0,0.0,0.0,0.0,,,0.0,0.0,True,False,0,0,False,False
E9PVZ8_2344.0,0.0,0.0,0.0,,,0.0,0.0,True,False,0,0,False,False
E9PVZ8_388.0,0.0,0.0,0.0,,,0.0,0.0,True,False,0,0,False,False
E9PW37_244.0,0.0,0.0,0.0,,,0.0,0.0,True,False,0,0,False,False
E9PW37_480.0,0.0,0.0,0.0,,,0.0,0.0,True,False,0,0,False,False
E9PW37_507.0,0.0,0.0,0.0,,,0.0,0.0,True,False,0,0,False,False
E9PW37_555.0,0.0,0.0,0.0,,,0.0,0.0,True,False,0,0,False,False
E9PW37_562.0,0.0,0.0,0.0,,,0.0,0.0,True,False,0,0,False,False
E9PW37_577.0,0.0,0.0,0.0,,,0.0,0.0,True,False,0,0,False,False
E9PW37_58.0,0.0,0.0,0.0,,,0.0,0.0,True,False,0,0,False,False
E9PW37_590.0,0.0,0.0,0.0,,,0.0,0.0,True,False,0,0,False,False
E9PW37_797.0,0.0,0.0,0.0,,,0.0,0.0,True,False,0,0,False,False
E9PW37_95.0,0.0,0.0,0.0,,,0.0,0.0,True,False,0,0,False,False
E9PWQ3_1874.0,0.0,0.0,0.0,,,0.0,0.0,True,False,0,0,False,False
E9PWR4_1005.0,0.0,0.0,0.0,,,0.0,0.0,True,False,0,0,False,False
E9PWR4_1084.0,0.0,0.0,0.0,,,0.0,0.0,True,False,0,0,False,False
E9PWR4_336.0,0.0,0.0,0.0,,,0.0,0.0,True,False,0,0,False,False
E9PWR4_995.0,0.0,0.0,0.0,,,0.0,0.0,True,False,0,0,False,False
E9PWW6_149.0,0.0,0.0,0.0,,,0.0,0.0,True,False,0,0,False,False
E9PWW9_566.0,0.0,0.0,0.0,,,0.0,0.0,True,False,0,0,False,False
E9PX28_342.0,0.0,0.0,0.0,,,0.0,0.0,True,False,0,0,False,False
E9PX28_840.0,0.0,0.0,0.0,,,0.0,0.0,True,False,0,0,False,False
E9PX29_1205.0,0.0,0.0,0.0,,,0.0,0.0,True,False,0,0,False,False
E9PX29_1225.0,0.0,0.0,0.0,,,0.0,0.0,True,False,0,0,False,False
E9PX29_1310.0,0.0,0.0,0.0,,,0.0,0.0,True,False,0,0,False,False
E9PX29_1387.0,0.0,0.0,0.0,,,0.0,0.0,True,False,0,0,False,False
E9PX29_1459.0,0.0,0.0,0.0,,,0.0,0.0,True,False,0,0,False,False
E9PX29_1997.0,0.0,0.0,0.0,,,0.0,0.0,True,False,0,0,False,False
E9PX29_50.0,0.0,0.0,0.0,,,0.0,0.0,True,False,0,0,False,False
E9PX29_81.0,0.0,0.0,0.0,,,0.0,0.0,True,False,0,0,False,False
E9PX68_645.0,0.0,0.0,0.0,,,0.0,0.0,True,False,0,0,False,False
E9PX68_677.0,0.0,0.0,0.0,,,0.0,0.0,True,False,0,0,False,False
E9PXF8_1182.0,0.0,0.0,0.0,,,0.0,0.0,True,False,0,0,False,False
E9PXF8_1383.0,0.0,0.0,0.0,,,0.0,0.0,True,False,0,0,False,False
E9PXF8_1808.0,0.0,0.0,0.0,,,0.0,0.0,True,False,0,0,False,False
E9PXF8_525.0,0.0,0.0,0.0,,,0.0,0.0,True,False,0,0,False,False
E9PXF8_587.0,0.0,0.0,0.0,,,0.0,0.0,True,False,0,0,False,False
E9PXF8_884.0,0.0,0.0,0.0,,,0.0,0.0,True,False,0,0,False,False
E9PY16_101.0,0.0,0.0,0.0,,,0.0,0.0,True,False,0,0,False,False
E9PY16_338.0,0.0,0.0,0.0,,,0.0,0.0,True,False,0,0,False,False
E9PY46_663.0,0.0,0.0,0.0,,,0.0,0.0,True,False,0,0,False,False
E9PYD1_111.0,0.0,0.0,0.0,,,0.0,0.0,True,False,0,0,False,False
E9PYD1_89.0,0.0,0.0,0.0,,,0.0,0.0,True,False,0,0,False,False
E9PYF4_1523.0,0.0,0.0,0.0,,,0.0,0.0,True,False,0,0,False,False
E9PYF4_476.0,0.0,0.0,0.0,,,0.0,0.0,True,False,0,0,False,False
E9PYF4_502.0,0.0,0.0,0.0,,,0.0,0.0,True,False,0,0,False,False
E9PYF4_612.0,0.0,0.0,0.0,,,0.0,0.0,True,False,0,0,False,False
E9PYF7_137.0,0.0,0.0,0.0,,,0.0,0.0,True,False,0,0,False,False
E9PYG6_393.0,0.0,0.0,0.0,,,0.0,0.0,True,False,0,0,False,False
E9PYG6_567.0,0.0,0.0,0.0,,,0.0,0.0,True,False,0,0,False,False
E9PYG6_867.0,0.0,0.0,0.0,,,0.0,0.0,True,False,0,0,False,False
E9PYG6_897.0,0.0,0.0,0.0,,,0.0,0.0,True,False,0,0,False,False
E9PYG6_993.0,0.0,0.0,0.0,,,0.0,0.0,True,False,0,0,False,False
E9PYL2_1136.0,0.0,0.0,0.0,,,0.0,0.0,True,False,0,0,False,False
E9PYR1_116.0,0.0,0.0,0.0,,,0.0,0.0,True,False,0,0,False,False
E9PYR1_476.0,0.0,0.0,0.0,,,0.0,0.0,True,False,0,0,False,False
E9PZ11_234.0,0.0,0.0,0.0,,,0.0,0.0,True,False,0,0,False,False
E9PZ19_113.0,0.0,0.0,0.0,,,0.0,0.0,True,False,0,0,False,False
E9PZ19_303.0,0.0,0.0,0.0,,,0.0,0.0,True,False,0,0,False,False
E9PZ19_45.0,0.0,0.0,0.0,,,0.0,0.0,True,False,0,0,False,False
E9PZ19_769.0,0.0,0.0,0.0,,,0.0,0.0,True,False,0,0,False,False
E9PZP8_2185.0,0.0,0.0,0.0,,,0.0,0.0,True,False,0,0,False,False
E9PZP8_4809.0,0.0,0.0,0.0,,,0.0,0.0,True,False,0,0,False,False
E9PZP8_4835.0,0.0,0.0,0.0,,,0.0,0.0,True,False,0,0,False,False
E9PZP8_56.0,0.0,0.0,0.0,,,0.0,0.0,True,False,0,0,False,False
E9PZP8_94.0,0.0,0.0,0.0,,,0.0,0.0,True,False,0,0,False,False
E9Q0S6_136.0,0.0,0.0,0.0,,,0.0,0.0,True,False,0,0,False,False
E9Q137_182.0,0.0,0.0,0.0,,,0.0,0.0,True,False,0,0,False,False
E9Q137_94.0,6.933684666951497,6.436024983723958,-0.10745230011332374,0.9590885081937712,,-0.49765968322753906,0.49765968322753906,False,True,partial,partial,False,False
E9Q1P8_532.0,0.0,0.0,0.0,,,0.0,0.0,True,False,0,0,False,False
E9Q2E4_1229.0,0.0,0.0,0.0,,,0.0,0.0,True,False,0,0,False,False
E9Q2E4_1427.0,0.0,0.0,0.0,,,0.0,0.0,True,False,0,0,False,False
E9Q2E4_1507.0,0.0,0.0,0.0,,,0.0,0.0,True,False,0,0,False,False
E9Q2E4_1722.0,0.0,0.0,0.0,,,0.0,0.0,True,False,0,0,False,False
E9Q2E4_1757.0,0.0,0.0,0.0,,,0.0,0.0,True,False,0,0,False,False
E9Q2E4_1829.0,0.0,0.0,0.0,,,0.0,0.0,True,False,0,0,False,False
E9Q2E4_1911.0,18.69464174906413,16.880204518636067,-0.14729244098208796,0.9124372539313295,,-1.8144372304280623,1.8144372304280623,False,True,partial,partial,False,False
E9Q2E4_2158.0,0.0,0.0,0.0,,,0.0,0.0,True,False,0,0,False,False
E9Q2E4_2335.0,0.0,0.0,0.0,,,0.0,0.0,True,False,0,0,False,False
E9Q2E4_2345.0,0.0,0.0,0.0,,,0.0,0.0,True,False,0,0,False,False
E9Q2E4_2520.0,0.0,0.0,0.0,,,0.0,0.0,True,False,0,0,False,False
E9Q2E4_2631.0,0.0,0.0,0.0,,,0.0,0.0,True,False,0,0,False,False
E9Q2E4_278.0,0.0,0.0,0.0,,,0.0,0.0,True,False,0,0,False,False
E9Q2E4_3063.0,0.0,0.0,0.0,,,0.0,0.0,True,False,0,0,False,False
E9Q2E4_3682.0,0.0,0.0,0.0,,,0.0,0.0,True,False,0,0,False,False
E9Q2E4_3927.0,0.0,0.0,0.0,,,0.0,0.0,True,False,0,0,False,False
E9Q2E4_4030.0,0.0,0.0,0.0,,,0.0,0.0,True,False,0,0,False,False
E9Q2E4_4045.0,0.0,0.0,0.0,,,0.0,0.0,True,False,0,0,False,False
E9Q2E4_4258.0,0.0,0.0,0.0,,,0.0,0.0,True,False,0,0,False,False
E9Q2E4_4338.0,0.0,0.0,0.0,,,0.0,0.0,True,False,0,0,False,False
E9Q2E4_4347.0,0.0,0.0,0.0,,,0.0,0.0,True,False,0,0,False,False
E9Q2E4_517.0,0.0,0.0,0.0,,,0.0,0.0,True,False,0,0,False,False
E9Q2E4_705.0,0.0,0.0,0.0,,,0.0,0.0,True,False,0,0,False,False
E9Q2E4_765.0,0.0,0.0,0.0,,,0.0,0.0,True,False,0,0,False,False
E9Q2E4_82.0,0.0,0.0,0.0,,,0.0,0.0,True,False,0,0,False,False
E9Q2E4_881.0,0.0,0.0,0.0,,,0.0,0.0,True,False,0,0,False,False
E9Q3C1_408.0,0.0,0.0,0.0,,,0.0,0.0,True,False,0,0,False,False
E9Q3G8_589.0,0.0,0.0,0.0,,,0.0,0.0,True,False,0,0,False,False
E9Q3L2_1134.0,0.0,0.0,0.0,,,0.0,0.0,True,False,0,0,False,False
E9Q3L2_1209.0,0.0,0.0,0.0,,,0.0,0.0,True,False,0,0,False,False
E9Q3L2_1315.0,0.0,0.0,0.0,,,0.0,0.0,True,False,0,0,False,False
E9Q3L2_1391.0,0.0,0.0,0.0,,,0.0,0.0,True,False,0,0,False,False
E9Q3L2_1764.0,0.0,0.0,0.0,,,0.0,0.0,True,False,0,0,False,False
E9Q3L2_1777.0,7.917303721110026,0.0,-32.88236205082786,0.36321746764912255,,-7.917303721110026,7.917303721110026,False,True,partial,0,False,False
E9Q3L2_1835.0,0.0,0.0,0.0,,,0.0,0.0,True,False,0,0,False,False
E9Q3L2_1846.0,0.0,0.0,0.0,,,0.0,0.0,True,False,0,0,False,False
E9Q3L2_189.0,0.0,0.0,0.0,,,0.0,0.0,True,False,0,0,False,False
E9Q3L2_1896.0,0.0,0.0,0.0,,,0.0,0.0,True,False,0,0,False,False
E9Q3L2_2084.0,0.0,0.0,0.0,,,0.0,0.0,True,False,0,0,False,False
E9Q3L2_249.0,0.0,0.0,0.0,,,0.0,0.0,True,False,0,0,False,False
E9Q3L2_326.0,0.0,0.0,0.0,,,0.0,0.0,True,False,0,0,False,False
E9Q3L2_462.0,0.0,0.0,0.0,,,0.0,0.0,True,False,0,0,False,False
E9Q3L2_577.0,0.0,0.0,0.0,,,0.0,0.0,True,False,0,0,False,False
E9Q3L2_61.0,0.0,0.0,0.0,,,0.0,0.0,True,False,0,0,False,False
E9Q3L2_98.0,0.0,0.0,0.0,,,0.0,0.0,True,False,0,0,False,False
E9Q3M9_118.0,0.0,0.0,0.0,,,0.0,0.0,True,False,0,0,False,False
E9Q3M9_310.0,0.0,0.0,0.0,,,0.0,0.0,True,False,0,0,False,False
E9Q401_1078.0,0.0,0.0,0.0,,,0.0,0.0,True,False,0,0,False,False
E9Q401_1122.0,0.0,0.0,0.0,,,0.0,0.0,True,False,0,0,False,False
E9Q401_1205.0,0.0,0.0,0.0,,,0.0,0.0,True,False,0,0,False,False
E9Q401_1282.0,0.0,0.0,0.0,,,0.0,0.0,True,False,0,0,False,False
E9Q401_1310.0,0.0,0.0,0.0,,,0.0,0.0,True,False,0,0,False,False
E9Q401_1666.0,0.0,0.0,0.0,,,0.0,0.0,True,False,0,0,False,False
E9Q401_1678.0,0.0,0.0,0.0,,,0.0,0.0,True,False,0,0,False,False
E9Q401_2054.0,0.0,0.0,0.0,,,0.0,0.0,True,False,0,0,False,False
E9Q401_2271.0,0.0,0.0,0.0,,,0.0,0.0,True,False,0,0,False,False
E9Q401_2329.0,0.0,0.0,0.0,,,0.0,0.0,True,False,0,0,False,False
E9Q401_2460.0,0.0,0.0,0.0,,,0.0,0.0,True,False,0,0,False,False
E9Q401_2520.0,0.0,0.0,0.0,,,0.0,0.0,True,False,0,0,False,False
E9Q401_2530.0,0.0,33.92144521077474,34.981478585621566,0.0366862057204396,,33.92144521077474,33.92144521077474,False,True,0,partial,False,False
E9Q401_3008.0,0.0,0.0,0.0,,,0.0,0.0,True,False,0,0,False,False
E9Q401_3204.0,0.0,0.0,0.0,,,0.0,0.0,True,False,0,0,False,False
E9Q401_3263.0,0.0,0.0,0.0,,,0.0,0.0,True,False,0,0,False,False
E9Q401_3480.0,0.0,0.0,0.0,,,0.0,0.0,True,False,0,0,False,False
E9Q401_36.0,0.0,0.0,0.0,,,0.0,0.0,True,False,0,0,False,False
E9Q401_3601.0,0.0,0.0,0.0,,,0.0,0.0,True,False,0,0,False,False
E9Q401_3698.0,0.0,0.0,0.0,,,0.0,0.0,True,False,0,0,False,False
E9Q401_3836.0,0.0,0.0,0.0,,,0.0,0.0,True,False,0,0,False,False
E9Q401_3846.0,0.0,0.0,0.0,,,0.0,0.0,True,False,0,0,False,False
E9Q401_3927.0,0.0,0.0,0.0,,,0.0,0.0,True,False,0,0,False,False
E9Q401_47.0,0.0,0.0,0.0,,,0.0,0.0,True,False,0,0,False,False
E9Q401_548.0,0.0,0.0,0.0,,,0.0,0.0,True,False,0,0,False,False
E9Q401_633.0,0.0,0.0,0.0,,,0.0,0.0,True,False,0,0,False,False
E9Q401_917.0,0.0,0.0,0.0,,,0.0,0.0,True,False,0,0,False,False
E9Q401_948.0,0.0,0.0,0.0,,,0.0,0.0,True,False,0,0,False,False
E9Q411_107.0,0.0,0.0,0.0,,,0.0,0.0,True,False,0,0,False,False
E9Q411_1994.0,0.0,0.0,0.0,,,0.0,0.0,True,False,0,0,False,False
E9Q411_2175.0,0.0,0.0,0.0,,,0.0,0.0,True,False,0,0,False,False
E9Q411_2288.0,66.66666666666667,83.33333333333333,0.32192809488303414,0.5497376663495164,,16.666666666666657,16.666666666666657,False,True,partial,partial,False,False
E9Q411_861.0,0.0,0.0,0.0,,,0.0,0.0,True,False,0,0,False,False
E9Q4N7_2144.0,0.0,0.0,0.0,,,0.0,0.0,True,False,0,0,False,False
E9Q4S1_132.0,0.0,0.0,0.0,,,0.0,0.0,True,False,0,0,False,False
E9Q512_212.0,0.0,0.0,0.0,,,0.0,0.0,True,False,0,0,False,False
E9Q5M4_405.0,0.0,0.0,0.0,,,0.0,0.0,True,False,0,0,False,False
E9Q616_1590.0,0.0,0.0,0.0,,,0.0,0.0,True,False,0,0,False,False
E9Q616_2012.0,0.0,0.0,0.0,,,0.0,0.0,True,False,0,0,False,False
E9Q616_2079.0,0.0,0.0,0.0,,,0.0,0.0,True,False,0,0,False,False
E9Q616_2146.0,0.0,0.0,0.0,,,0.0,0.0,True,False,0,0,False,False
E9Q616_518.0,0.0,0.0,0.0,,,0.0,0.0,True,False,0,0,False,False
E9Q616_5210.0,0.0,0.0,0.0,,,0.0,0.0,True,False,0,0,False,False
E9Q634_447.0,0.0,0.0,0.0,,,0.0,0.0,True,False,0,0,False,False
E9Q6B2_374.0,0.0,0.0,0.0,,,0.0,0.0,True,False,0,0,False,False
E9Q6B2_92.0,0.0,0.0,0.0,,,0.0,0.0,True,False,0,0,False,False
E9Q6H8_1056.0,0.0,0.0,0.0,,,0.0,0.0,True,False,0,0,False,False
E9Q6H8_480.0,0.0,0.0,0.0,,,0.0,0.0,True,False,0,0,False,False
E9Q6H8_718.0,0.0,0.0,0.0,,,0.0,0.0,True,False,0,0,False,False
E9Q6J5_1176.0,0.0,0.0,0.0,,,0.0,0.0,True,False,0,0,False,False
E9Q6J5_72.0,0.0,0.0,0.0,,,0.0,0.0,True,False,0,0,False,False
E9Q6J5_870.0,0.0,0.0,0.0,,,0.0,0.0,True,False,0,0,False,False
E9Q6P5_175.0,0.0,0.0,0.0,,,0.0,0.0,True,False,0,0,False,False
E9Q6P5_21.0,0.0,0.0,0.0,,,0.0,0.0,True,False,0,0,False,False
E9Q6P5_385.0,0.0,0.0,0.0,,,0.0,0.0,True,False,0,0,False,False
E9Q6P5_441.0,16.291512330373127,22.239389101664226,0.4489966243848386,0.19080753452523785,,5.947876771291099,5.947876771291099,False,True,partial,partial,False,False
E9Q6P5_606.0,0.0,0.0,0.0,,,0.0,0.0,True,False,0,0,False,False
E9Q6P5_616.0,5.524770498275757,7.853450218836467,0.5074120700488391,0.4376152104686789,,2.32867972056071,2.32867972056071,False,True,partial,partial,False,False
E9Q6R7_2190.0,0.0,0.0,0.0,,,0.0,0.0,True,False,0,0,False,False
E9Q6R7_2984.0,0.0,0.0,0.0,,,0.0,0.0,True,False,0,0,False,False
E9Q6R7_3074.0,0.0,0.0,0.0,,,0.0,0.0,True,False,0,0,False,False
E9Q6Y8_528.0,0.0,0.0,0.0,,,0.0,0.0,True,False,0,0,False,False
E9Q6Y8_855.0,0.0,0.0,0.0,,,0.0,0.0,True,False,0,0,False,False
E9Q735_202.0,0.0,0.0,0.0,,,0.0,0.0,True,False,0,0,False,False
E9Q735_465.0,0.0,0.0,0.0,,,0.0,0.0,True,False,0,0,False,False
E9Q735_710.0,0.0,0.0,0.0,,,0.0,0.0,True,False,0,0,False,False
E9Q735_760.0,0.0,0.0,0.0,,,0.0,0.0,True,False,0,0,False,False
E9Q735_79.0,0.0,0.0,0.0,,,0.0,0.0,True,False,0,0,False,False
E9Q777_1480.0,0.0,0.0,0.0,,,0.0,0.0,True,False,0,0,False,False
E9Q777_1570.0,0.0,0.0,0.0,,,0.0,0.0,True,False,0,0,False,False
E9Q784_42.0,0.0,0.0,0.0,,,0.0,0.0,True,False,0,0,False,False
E9Q7E2_1265.0,0.0,0.0,0.0,,,0.0,0.0,True,False,0,0,False,False
E9Q7G0_1132.0,0.0,0.0,0.0,,,0.0,0.0,True,False,0,0,False,False
E9Q7G0_1655.0,0.0,0.0,0.0,,,0.0,0.0,True,False,0,0,False,False
E9Q7G0_1919.0,0.0,0.0,0.0,,,0.0,0.0,True,False,0,0,False,False
E9Q7G0_439.0,0.0,0.0,0.0,,,0.0,0.0,True,False,0,0,False,False
E9Q7G0_65.0,0.0,0.0,0.0,,,0.0,0.0,True,False,0,0,False,False
E9Q7M2_170.0,0.0,0.0,0.0,,,0.0,0.0,True,False,0,0,False,False
E9Q7M2_63.0,0.0,0.0,0.0,,,0.0,0.0,True,False,0,0,False,False
E9Q7P2_1767.0,0.0,0.0,0.0,,,0.0,0.0,True,False,0,0,False,False
E9Q7X7_206.0,0.0,0.0,0.0,,,0.0,0.0,True,False,0,0,False,False
E9Q7X7_589.0,0.0,0.0,0.0,,,0.0,0.0,True,False,0,0,False,False
E9Q7X7_657.0,0.0,0.0,0.0,,,0.0,0.0,True,False,0,0,False,False
E9Q7X7_686.0,0.0,0.0,0.0,,,0.0,0.0,True,False,0,0,False,False
E9Q7X7_714.0,0.0,0.0,0.0,,,0.0,0.0,True,False,0,0,False,False
E9Q7X7_904.0,0.0,0.0,0.0,,,0.0,0.0,True,False,0,0,False,False
E9Q8I9_1193.0,0.0,0.0,0.0,,,0.0,0.0,True,False,0,0,False,False
E9Q8I9_1246.0,0.0,0.0,0.0,,,0.0,0.0,True,False,0,0,False,False
E9Q8I9_1483.0,0.0,0.0,0.0,,,0.0,0.0,True,False,0,0,False,False
E9Q8I9_1809.0,0.0,0.0,0.0,,,0.0,0.0,True,False,0,0,False,False
E9Q8I9_2017.0,0.0,0.0,0.0,,,0.0,0.0,True,False,0,0,False,False
E9Q8I9_2412.0,0.0,0.0,0.0,,,0.0,0.0,True,False,0,0,False,False
E9Q8I9_2807.0,0.0,0.0,0.0,,,0.0,0.0,True,False,0,0,False,False
E9Q8I9_2822.0,0.0,0.0,0.0,,,0.0,0.0,True,False,0,0,False,False
E9Q8I9_577.0,0.0,0.0,0.0,,,0.0,0.0,True,False,0,0,False,False
E9Q8I9_608.0,0.0,0.0,0.0,,,0.0,0.0,True,False,0,0,False,False
E9Q8Q6_421.0,0.0,0.0,0.0,,,0.0,0.0,True,False,0,0,False,False
E9Q8V6_1588.0,0.0,0.0,0.0,,,0.0,0.0,True,False,0,0,False,False
E9Q8V6_1695.0,0.0,0.0,0.0,,,0.0,0.0,True,False,0,0,False,False
E9Q912_117.0,0.0,0.0,0.0,,,0.0,0.0,True,False,0,0,False,False
E9Q912_350.0,0.0,0.0,0.0,,,0.0,0.0,True,False,0,0,False,False
E9Q912_454.0,0.0,0.0,0.0,,,0.0,0.0,True,False,0,0,False,False
E9Q9B7_1050.0,0.0,0.0,0.0,,,0.0,0.0,True,False,0,0,False,False
E9Q9B7_1273.0,0.0,0.0,0.0,,,0.0,0.0,True,False,0,0,False,False
E9Q9B7_1669.0,0.0,0.0,0.0,,,0.0,0.0,True,False,0,0,False,False
E9Q9B7_324.0,0.0,0.0,0.0,,,0.0,0.0,True,False,0,0,False,False
E9Q9B7_412.0,0.0,0.0,0.0,,,0.0,0.0,True,False,0,0,False,False
E9Q9B7_779.0,0.0,0.0,0.0,,,0.0,0.0,True,False,0,0,False,False
E9Q9D5_128.0,0.0,0.0,0.0,,,0.0,0.0,True,False,0,0,False,False
E9Q9D5_26.0,0.0,0.0,0.0,,,0.0,0.0,True,False,0,0,False,False
E9Q9K8_1102.0,0.0,0.0,0.0,,,0.0,0.0,True,False,0,0,False,False
E9Q9K8_556.0,0.0,0.0,0.0,,,0.0,0.0,True,False,0,0,False,False
E9QAT4_1466.0,0.0,0.0,0.0,,,0.0,0.0,True,False,0,0,False,False
E9QAT4_1707.0,0.0,0.0,0.0,,,0.0,0.0,True,False,0,0,False,False
E9QAT4_1919.0,0.0,0.0,0.0,,,0.0,0.0,True,False,0,0,False,False
F2Z3U3_1001.0,0.0,0.0,0.0,,,0.0,0.0,True,False,0,0,False,False
F6SEU4_397.0,0.0,0.0,0.0,,,0.0,0.0,True,False,0,0,False,False
F6SEU4_432.0,1.5451162258783977,1.9796352783838909,0.3575192932824163,0.7563090410801804,,0.43451905250549316,0.43451905250549316,False,True,partial,partial,False,False
F6SEU4_49.0,0.0,0.0,0.0,,,0.0,0.0,True,False,0,0,False,False
F6SEU4_524.0,0.0,0.0,0.0,,,0.0,0.0,True,False,0,0,False,False
F6SEU4_531.0,0.0,0.0,0.0,,,0.0,0.0,True,False,0,0,False,False
F6SEU4_546.0,0.0,0.0,0.0,,,0.0,0.0,True,False,0,0,False,False
F6SEU4_559.0,0.0,0.0,0.0,,,0.0,0.0,True,False,0,0,False,False
F6TQW2_108.0,26.345436731974285,0.0,-34.61683404459465,0.00010169298194540638,,-26.345436731974285,26.345436731974285,False,True,partial,0,False,False
F6W8I0_103.0,0.0,0.0,0.0,,,0.0,0.0,True,False,0,0,False,False
F6ZDS4_112.0,0.0,0.0,0.0,,,0.0,0.0,True,False,0,0,False,False
F6ZDS4_1201.0,0.0,0.0,0.0,,,0.0,0.0,True,False,0,0,False,False
F6ZE64_59.0,0.0,0.0,0.0,,,0.0,0.0,True,False,0,0,False,False
F7BAB2_1056.0,0.0,0.0,0.0,,,0.0,0.0,True,False,0,0,False,False
F7BAB2_177.0,0.0,0.0,0.0,,,0.0,0.0,True,False,0,0,False,False
F7BAB2_564.0,0.0,0.0,0.0,,,0.0,0.0,True,False,0,0,False,False
F7BAB2_772.0,0.0,0.0,0.0,,,0.0,0.0,True,False,0,0,False,False
F8VPK0_1031.0,0.0,0.0,0.0,,,0.0,0.0,True,False,0,0,False,False
F8VPK0_1279.0,0.0,0.0,0.0,,,0.0,0.0,True,False,0,0,False,False
F8VPK0_1348.0,0.0,0.0,0.0,,,0.0,0.0,True,False,0,0,False,False
F8VPK0_1370.0,0.0,0.0,0.0,,,0.0,0.0,True,False,0,0,False,False
F8VPK0_329.0,0.0,0.0,0.0,,,0.0,0.0,True,False,0,0,False,False
F8VPK8_401.0,0.0,0.0,0.0,,,0.0,0.0,True,False,0,0,False,False
F8VPK8_977.0,0.0,0.0,0.0,,,0.0,0.0,True,False,0,0,False,False
F8VPN4_1048.0,0.0,0.0,0.0,,,0.0,0.0,True,False,0,0,False,False
F8VPN4_1256.0,0.0,0.0,0.0,,,0.0,0.0,True,False,0,0,False,False
F8VPN4_126.0,0.0,0.0,0.0,,,0.0,0.0,True,False,0,0,False,False
F8VPN4_1290.0,0.0,0.0,0.0,,,0.0,0.0,True,False,0,0,False,False
F8VPN4_172.0,0.0,0.0,0.0,,,0.0,0.0,True,False,0,0,False,False
F8VPN4_212.0,0.0,0.0,0.0,,,0.0,0.0,True,False,0,0,False,False
F8VPN4_259.0,0.0,0.0,0.0,,,0.0,0.0,True,False,0,0,False,False
F8VPN4_283.0,0.0,0.0,0.0,,,0.0,0.0,True,False,0,0,False,False
F8VPN4_453.0,2.994103113810221,0.0,-31.479476761643,0.36321746764912255,,-2.994103113810221,2.994103113810221,False,True,partial,0,False,False
F8VPN4_486.0,0.0,0.0,0.0,,,0.0,0.0,True,False,0,0,False,False
F8VPN4_502.0,0.0,0.0,0.0,,,0.0,0.0,True,False,0,0,False,False
F8VPN4_528.0,34.1258290608724,35.16118876139323,0.04311975161943933,0.96864199614069,,1.0353597005208286,1.0353597005208286,False,True,partial,partial,False,False
F8VPN4_608.0,0.0,0.0,0.0,,,0.0,0.0,True,False,0,0,False,False
F8VPN4_767.0,0.0,0.0,0.0,,,0.0,0.0,True,False,0,0,False,False
F8VPN4_957.0,0.0,0.0,0.0,,,0.0,0.0,True,False,0,0,False,False
F8VPP8_138.0,0.0,0.0,0.0,,,0.0,0.0,True,False,0,0,False,False
F8VPP8_142.0,0.0,0.0,0.0,,,0.0,0.0,True,False,0,0,False,False
F8VPP8_910.0,0.0,0.0,0.0,,,0.0,0.0,True,False,0,0,False,False
F8VPP8_941.0,0.0,0.0,0.0,,,0.0,0.0,True,False,0,0,False,False
F8VPU2_409.0,0.0,0.0,0.0,,,0.0,0.0,True,False,0,0,False,False
F8VPU2_418.0,13.297351519266764,17.743932088216145,0.4161868212907737,0.5478046368357965,,4.446580568949381,4.446580568949381,False,True,partial,partial,False,False
F8VPU2_524.0,0.0,0.0,0.0,,,0.0,0.0,True,False,0,0,False,False
F8VPU2_70.0,0.0,0.0,0.0,,,0.0,0.0,True,False,0,0,False,False
F8VPZ3_1238.0,0.0,0.0,0.0,,,0.0,0.0,True,False,0,0,False,False
F8VPZ3_641.0,0.0,0.0,0.0,,,0.0,0.0,True,False,0,0,False,False
F8VQ05_2370.0,0.0,0.0,0.0,,,0.0,0.0,True,False,0,0,False,False
F8VQ05_560.0,0.0,0.0,0.0,,,0.0,0.0,True,False,0,0,False,False
F8VQC1_128.0,0.0,0.0,0.0,,,0.0,0.0,True,False,0,0,False,False
F8VQC1_323.0,0.0,0.0,0.0,,,0.0,0.0,True,False,0,0,False,False
F8VQC1_50.0,0.0,0.0,0.0,,,0.0,0.0,True,False,0,0,False,False
F8VQC1_54.0,0.0,0.0,0.0,,,0.0,0.0,True,False,0,0,False,False
F8VQK3_179.0,0.0,0.0,0.0,,,0.0,0.0,True,False,0,0,False,False
F8VQK3_225.0,0.0,0.0,0.0,,,0.0,0.0,True,False,0,0,False,False
F8VQK3_294.0,0.0,0.0,0.0,,,0.0,0.0,True,False,0,0,False,False
F8VQK3_322.0,0.0,0.0,0.0,,,0.0,0.0,True,False,0,0,False,False
F8VQK3_361.0,0.0,0.0,0.0,,,0.0,0.0,True,False,0,0,False,False
F8VQK3_424.0,0.0,0.0,0.0,,,0.0,0.0,True,False,0,0,False,False
F8VQK3_555.0,0.0,0.0,0.0,,,0.0,0.0,True,False,0,0,False,False
F8VQK3_571.0,0.0,0.0,0.0,,,0.0,0.0,True,False,0,0,False,False
F8VQK3_633.0,0.0,0.0,0.0,,,0.0,0.0,True,False,0,0,False,False
F8VQK3_692.0,0.0,0.0,0.0,,,0.0,0.0,True,False,0,0,False,False
G3UW40_697.0,0.0,0.0,0.0,,,0.0,0.0,True,False,0,0,False,False
G3UW60_163.0,0.0,0.0,0.0,,,0.0,0.0,True,False,0,0,False,False
G3UWD5_60.0,0.0,0.0,0.0,,,0.0,0.0,True,False,0,0,False,False
G3X8U3_168.0,0.0,0.0,0.0,,,0.0,0.0,True,False,0,0,False,False
G3X972_1085.0,0.0,0.0,0.0,,,0.0,0.0,True,False,0,0,False,False
G3X972_378.0,0.0,0.0,0.0,,,0.0,0.0,True,False,0,0,False,False
G3X972_526.0,0.0,0.0,0.0,,,0.0,0.0,True,False,0,0,False,False
G3X972_637.0,0.0,0.0,0.0,,,0.0,0.0,True,False,0,0,False,False
G3X972_727.0,0.0,0.0,0.0,,,0.0,0.0,True,False,0,0,False,False
G3X972_833.0,0.0,0.0,0.0,,,0.0,0.0,True,False,0,0,False,False
G3X972_844.0,0.0,0.0,0.0,,,0.0,0.0,True,False,0,0,False,False
G3X972_912.0,0.0,0.0,0.0,,,0.0,0.0,True,False,0,0,False,False
G3X9J0_1380.0,0.0,0.0,0.0,,,0.0,0.0,True,False,0,0,False,False
G3X9J0_248.0,0.0,0.0,0.0,,,0.0,0.0,True,False,0,0,False,False
G3X9J0_591.0,0.0,0.0,0.0,,,0.0,0.0,True,False,0,0,False,False
G3X9J0_826.0,0.0,0.0,0.0,,,0.0,0.0,True,False,0,0,False,False
G3X9K3_1047.0,0.0,0.0,0.0,,,0.0,0.0,True,False,0,0,False,False
G3X9K3_1145.0,0.0,0.0,0.0,,,0.0,0.0,True,False,0,0,False,False
G3X9K3_1500.0,0.0,0.0,0.0,,,0.0,0.0,True,False,0,0,False,False
G3X9K3_1682.0,0.0,0.0,0.0,,,0.0,0.0,True,False,0,0,False,False
G3X9K3_1726.0,0.0,0.0,0.0,,,0.0,0.0,True,False,0,0,False,False
G3X9K3_37.0,0.0,0.0,0.0,,,0.0,0.0,True,False,0,0,False,False
G3X9K3_88.0,0.0,0.0,0.0,,,0.0,0.0,True,False,0,0,False,False
G3X9X1_299.0,0.0,0.0,0.0,,,0.0,0.0,True,False,0,0,False,False
G3XA20_619.0,0.0,0.0,0.0,,,0.0,0.0,True,False,0,0,False,False
G5E829_60.0,2.474182685216268,1.2488789757092793,-0.9863183499362274,0.026062240832703223,,-1.2253037095069887,1.2253037095069887,False,True,partial,partial,False,False
G5E829_649.0,2.9040194551150003,1.7849185069402058,-0.7021929107994218,0.1674743768439478,,-1.1191009481747944,1.1191009481747944,False,True,partial,partial,False,False
G5E829_722.0,0.0,0.0,0.0,,,0.0,0.0,True,False,0,0,False,False
G5E870_1258.0,0.0,0.0,0.0,,,0.0,0.0,True,False,0,0,False,False
G5E870_1571.0,0.0,0.0,0.0,,,0.0,0.0,True,False,0,0,False,False
G5E870_1681.0,0.0,0.0,0.0,,,0.0,0.0,True,False,0,0,False,False
G5E895_187.0,0.0,0.0,0.0,,,0.0,0.0,True,False,0,0,False,False
G5E895_200.0,0.0,0.0,0.0,,,0.0,0.0,True,False,0,0,False,False
G5E895_299.0,0.0,0.0,0.0,,,0.0,0.0,True,False,0,0,False,False
G5E895_45.0,0.0,0.0,0.0,,,0.0,0.0,True,False,0,0,False,False
G5E8C2_291.0,0.0,0.0,0.0,,,0.0,0.0,True,False,0,0,False,False
G5E8G3_202.0,46.691429456075035,11.473429560661316,-2.024861060657037,0.004614723184266213,,-35.21799989541372,35.21799989541372,False,True,partial,partial,False,False
G5E8G3_244.0,0.0,0.0,0.0,,,0.0,0.0,True,False,0,0,False,False
G5E8K5_1273.0,0.0,0.0,0.0,,,0.0,0.0,True,False,0,0,False,False
G5E8K5_1308.0,0.0,0.0,0.0,,,0.0,0.0,True,False,0,0,False,False
G5E8K5_1370.0,9.370618184407553,0.0,-33.125497080483655,0.36321746764912255,,-9.370618184407553,9.370618184407553,False,True,partial,0,False,False
G5E8K5_1410.0,0.0,0.0,0.0,,,0.0,0.0,True,False,0,0,False,False
G5E8K5_1431.0,0.0,0.0,0.0,,,0.0,0.0,True,False,0,0,False,False
G5E8K5_1907.0,0.0,0.0,0.0,,,0.0,0.0,True,False,0,0,False,False
G5E8K5_53.0,0.0,0.0,0.0,,,0.0,0.0,True,False,0,0,False,False
G5E8K5_721.0,0.0,0.0,0.0,,,0.0,0.0,True,False,0,0,False,False
H3BKQ3_150.0,0.0,0.0,0.0,,,0.0,0.0,True,False,0,0,False,False
H3BKQ3_342.0,0.0,0.0,0.0,,,0.0,0.0,True,False,0,0,False,False
H3BKQ3_437.0,0.0,0.0,0.0,,,0.0,0.0,True,False,0,0,False,False
J3QK46_453.0,0.0,0.0,0.0,,,0.0,0.0,True,False,0,0,False,False
J3QMK2_29.0,0.0,0.0,0.0,,,0.0,0.0,True,False,0,0,False,False
M0QWN7_213.0,0.0,0.0,0.0,,,0.0,0.0,True,False,0,0,False,False
O08529_341.0,0.0,0.0,0.0,,,0.0,0.0,True,False,0,0,False,False
O08529_39.0,0.0,0.0,0.0,,,0.0,0.0,True,False,0,0,False,False
O08529_405.0,0.0,0.0,0.0,,,0.0,0.0,True,False,0,0,False,False
O08529_498.0,0.0,0.0,0.0,,,0.0,0.0,True,False,0,0,False,False
O08529_577.0,0.0,0.0,0.0,,,0.0,0.0,True,False,0,0,False,False
O08529_640.0,1.9301941394805908,2.2068096001942954,0.19321620012872423,0.7902638681081249,,0.2766154607137046,0.2766154607137046,False,True,partial,partial,False,False
O08529_82.0,0.0,0.0,0.0,,,0.0,0.0,True,False,0,0,False,False
O08532_1044.0,0.0,0.0,0.0,,,0.0,0.0,True,False,0,0,False,False
O08532_404.0,22.65618673960368,16.18670415878296,-0.48509579922663637,0.0015856979837456117,,-6.469482580820721,6.469482580820721,False,True,partial,partial,False,False
O08532_697.0,5.456155459086101,13.900947213172913,1.3492265357137412,0.23421134076822586,,8.444791754086811,8.444791754086811,False,True,partial,partial,False,False
O08532_834.0,0.0,0.0,0.0,,,0.0,0.0,True,False,0,0,False,False
O08532_904.0,28.13385518391927,18.208523432413738,-0.6276933228886838,0.0002320376050567306,,-9.925331751505531,9.925331751505531,False,True,partial,partial,False,False
O08532_974.0,0.0,0.0,0.0,,,0.0,0.0,True,False,0,0,False,False
O08539_186.0,0.0,0.0,0.0,,,0.0,0.0,True,False,0,0,False,False
O08539_47.0,0.9932636419932047,1.3200921614964802,0.41039004541111657,0.6815254794343883,,0.3268285195032755,0.3268285195032755,False,True,partial,partial,False,False
O08539_85.0,0.0,0.1380575199921926,27.04069424320439,0.36321746764912255,,0.1380575199921926,0.1380575199921926,False,True,0,partial,False,False
O08543_164.0,0.0,0.0,0.0,,,0.0,0.0,True,False,0,0,False,False
O08553_132.0,18.351699670155842,14.530470053354898,-0.3368323124178243,0.16982852532396103,,-3.8212296168009434,3.8212296168009434,False,True,partial,partial,False,False
O08553_248.0,6.456892569859822,9.963212649027506,0.6257709922132125,0.026302213450691843,,3.5063200791676836,3.5063200791676836,False,True,partial,partial,False,False
O08553_439.0,25.94231637318929,11.76732317606608,-1.1405211283541714,0.04304424910696048,,-14.174993197123209,14.174993197123209,False,True,partial,partial,False,False
O08553_504.0,2.318626125653585,1.7854145566622417,-0.37701111301097817,0.0951839157643311,,-0.5332115689913433,0.5332115689913433,False,True,partial,partial,False,False
O08576_35.0,0.0,0.0,0.0,,,0.0,0.0,True,False,0,0,False,False
O08576_76.0,0.0,0.0,0.0,,,0.0,0.0,True,False,0,0,False,False
O08581_10.0,0.0,0.0,0.0,,,0.0,0.0,True,False,0,0,False,False
O08581_69.0,31.87273597717285,30.26653798421224,-0.07459920335858782,0.9370926603342209,,-1.6061979929606132,1.6061979929606132,False,True,partial,partial,False,False
O08582_313.0,0.0,0.0,0.0,,,0.0,0.0,True,False,0,0,False,False
O08582_515.0,0.0,0.0,0.0,,,0.0,0.0,True,False,0,0,False,False
O08582_531.0,0.0,0.0,0.0,,,0.0,0.0,True,False,0,0,False,False
O08585_205.0,0.0,0.0,0.0,,,0.0,0.0,True,False,0,0,False,False
O08586_71.0,0.0,0.0,0.0,,,0.0,0.0,True,False,0,0,False,False
O08599_110.0,0.0,0.0,0.0,,,0.0,0.0,True,False,0,0,False,False
O08599_180.0,3.9515201250712075,2.342004418373108,-0.7546639579767082,0.04170594491132161,,-1.6095157066980996,1.6095157066980996,False,True,partial,partial,False,False
O08599_354.0,2.4883832931518555,1.224478820959727,-1.023040903907887,0.2317964522281353,,-1.2639044721921284,1.2639044721921284,False,True,partial,partial,False,False
O08599_45.0,0.0,0.0,0.0,,,0.0,0.0,True,False,0,0,False,False
O08599_552.0,0.0,0.0,0.0,,,0.0,0.0,True,False,0,0,False,False
O08638_382.0,0.0,0.0,0.0,,,0.0,0.0,True,False,0,0,False,False
O08638_554.0,0.0,0.0,0.0,,,0.0,0.0,True,False,0,0,False,False
O08638_95.0,0.0,0.0,0.0,,,0.0,0.0,True,False,0,0,False,False
O08644_361.0,31.85413360595703,16.645081520080566,-0.936384662206758,0.018779762895083048,,-15.209052085876465,15.209052085876465,False,True,partial,partial,False,False
O08644_402.0,0.0,0.0,0.0,,,0.0,0.0,True,False,0,0,False,False
O08644_420.0,0.0,0.0,0.0,,,0.0,0.0,True,False,0,0,False,False
O08648_1144.0,0.0,0.0,0.0,,,0.0,0.0,True,False,0,0,False,False
O08648_743.0,0.0,0.0,0.0,,,0.0,0.0,True,False,0,0,False,False
O08663_121.0,6.366025924682617,29.312856674194336,2.2030686347851276,0.07537512238760076,,22.94683074951172,22.94683074951172,False,True,partial,partial,False,False
O08663_135.0,0.0,0.0,0.0,,,0.0,0.0,True,False,0,0,False,False
O08663_197.0,0.0,0.0,0.0,,,0.0,0.0,True,False,0,0,False,False
O08663_380.0,0.0,0.0,0.0,,,0.0,0.0,True,False,0,0,False,False
O08663_416.0,0.0,0.0,0.0,,,0.0,0.0,True,False,0,0,False,False
O08672_322.0,0.0,0.0,0.0,,,0.0,0.0,True,False,0,0,False,False
O08672_440.0,0.0,0.0,0.0,,,0.0,0.0,True,False,0,0,False,False
O08677_125.0,14.100688139597574,5.161268552144368,-1.4499679660638916,0.22156162297012844,,-8.939419587453205,8.939419587453205,False,True,partial,partial,False,False
O08677_141.0,0.0,0.0,0.0,,,0.0,0.0,True,False,0,0,False,False
O08677_217.0,0.0,0.0,0.0,,,0.0,0.0,True,False,0,0,False,False
O08677_339.0,38.34608777364095,23.883113543192547,-0.683088468426051,0.0007980495976127872,,-14.462974230448406,14.462974230448406,False,True,partial,partial,False,False
O08677_369.0,0.0,0.0,0.0,,,0.0,0.0,True,False,0,0,False,False
O08688_150.0,0.0,0.0,0.0,,,0.0,0.0,True,False,0,0,False,False
O08688_160.0,0.0,0.0,0.0,,,0.0,0.0,True,False,0,0,False,False
O08688_495.0,0.0,0.0,0.0,,,0.0,0.0,True,False,0,0,False,False
O08688_58.0,0.0,0.0,0.0,,,0.0,0.0,True,False,0,0,False,False
O08709_47.0,20.927775382995605,14.740535577138266,-0.5056300178822579,1.798315424646266e-05,,-6.18723980585734,6.18723980585734,False,True,partial,partial,False,False
O08715_352.0,0.0,0.0,0.0,,,0.0,0.0,True,False,0,0,False,False
O08715_392.0,0.0,0.0,0.0,,,0.0,0.0,True,False,0,0,False,False
O08715_80.0,0.0,0.0,0.0,,,0.0,0.0,True,False,0,0,False,False
O08734_14.0,0.0,0.0,0.0,,,0.0,0.0,True,False,0,0,False,False
O08739_690.0,0.0,0.0,0.0,,,0.0,0.0,True,False,0,0,False,False
O08747_795.0,0.0,0.0,0.0,,,0.0,0.0,True,False,0,0,False,False
O08747_853.0,0.0,0.0,0.0,,,0.0,0.0,True,False,0,0,False,False
O08749_484.0,1.5990512768427532,2.409249265988668,0.5913674627328567,0.47148576972348244,,0.8101979891459148,0.8101979891459148,False,True,partial,partial,False,False
O08749_80.0,0.0,0.0,0.0,,,0.0,0.0,True,False,0,0,False,False
O08749_85.0,15.713437875111898,11.049943447113037,-0.5079598701187309,0.1305886302893173,,-4.663494427998861,4.663494427998861,False,True,partial,partial,False,False
O08756_58.0,8.787024339040121,3.769270420074463,-1.221089387337875,0.03350962570463433,,-5.017753918965658,5.017753918965658,False,True,partial,partial,False,False
O08759_135.0,0.0,0.0,0.0,,,0.0,0.0,True,False,0,0,False,False
O08759_193.0,0.0,0.0,0.0,,,0.0,0.0,True,False,0,0,False,False
O08759_838.0,0.0,0.0,0.0,,,0.0,0.0,True,False,0,0,False,False
O08784_465.0,0.0,0.0,0.0,,,0.0,0.0,True,False,0,0,False,False
O08784_580.0,0.0,0.0,0.0,,,0.0,0.0,True,False,0,0,False,False
O08785_267.0,0.0,0.0,0.0,,,0.0,0.0,True,False,0,0,False,False
O08788_1255.0,0.0,0.0,0.0,,,0.0,0.0,True,False,0,0,False,False
O08788_636.0,0.0,0.0,0.0,,,0.0,0.0,True,False,0,0,False,False
O08788_677.0,0.0,0.0,0.0,,,0.0,0.0,True,False,0,0,False,False
O08788_759.0,0.0,0.0,0.0,,,0.0,0.0,True,False,0,0,False,False
O08788_791.0,0.0,0.0,0.0,,,0.0,0.0,True,False,0,0,False,False
O08788_81.0,0.0,0.0,0.0,,,0.0,0.0,True,False,0,0,False,False
O08788_830.0,0.0,0.0,0.0,,,0.0,0.0,True,False,0,0,False,False
O08788_893.0,0.0,0.0,0.0,,,0.0,0.0,True,False,0,0,False,False
O08795_464.0,15.549691359202066,9.271301746368408,-0.746042123768273,0.005340210481528171,,-6.278389612833658,6.278389612833658,False,True,partial,partial,False,False
O08797_20.0,0.0,0.0,0.0,,,0.0,0.0,True,False,0,0,False,False
O08797_98.0,0.0,0.0,0.0,,,0.0,0.0,True,False,0,0,False,False
O08800_154.0,0.0,0.0,0.0,,,0.0,0.0,True,False,0,0,False,False
O08800_98.0,0.0,0.0,0.0,,,0.0,0.0,True,False,0,0,False,False
O08807_151.0,0.0,0.0,0.0,,,0.0,0.0,True,False,0,0,False,False
O08807_248.0,0.0,0.0,0.0,,,0.0,0.0,True,False,0,0,False,False
O08807_54.0,0.0,0.0,0.0,,,0.0,0.0,True,False,0,0,False,False
O08808_1210.0,0.0,0.0,0.0,,,0.0,0.0,True,False,0,0,False,False
O08808_155.0,0.0,0.0,0.0,,,0.0,0.0,True,False,0,0,False,False
O08808_428.0,2.999361991882324,3.6489818890889487,0.28283833931606994,0.8373881336486302,,0.6496198972066245,0.6496198972066245,False,True,partial,partial,False,False
O08808_779.0,0.0,0.0,0.0,,,0.0,0.0,True,False,0,0,False,False
O08810_143.0,0.0,0.0,0.0,,,0.0,0.0,True,False,0,0,False,False
O08810_779.0,0.0,0.0,0.0,,,0.0,0.0,True,False,0,0,False,False
O08842_161.0,0.0,0.0,0.0,,,0.0,0.0,True,False,0,0,False,False
O08842_185.0,0.0,0.0,0.0,,,0.0,0.0,True,False,0,0,False,False
O08842_241.0,0.0,0.0,0.0,,,0.0,0.0,True,False,0,0,False,False
O08842_275.0,7.200899759928386,2.4380760192871094,-1.5624340737391202,0.0322392122713625,,-4.762823740641276,4.762823740641276,False,True,partial,partial,False,False
O08842_335.0,17.76939821243286,1.6516304016113281,-3.427432037634784,0.007237812479425688,,-16.117767810821533,16.117767810821533,False,True,partial,partial,False,False
O08842_347.0,9.878443400065104,8.465394337972006,-0.2227064525946694,0.8592817898210919,,-1.4130490620930978,1.4130490620930978,False,True,partial,partial,False,False
O08842_47.0,0.0,0.0,0.0,,,0.0,0.0,True,False,0,0,False,False
O08848_119.0,0.0,0.0,0.0,,,0.0,0.0,True,False,0,0,False,False
O08848_38.0,0.0,0.0,0.0,,,0.0,0.0,True,False,0,0,False,False
O08848_520.0,0.0,0.0,0.0,,,0.0,0.0,True,False,0,0,False,False
O08848_71.0,0.0,0.0,0.0,,,0.0,0.0,True,False,0,0,False,False
O08908_144.0,0.0,0.0,0.0,,,0.0,0.0,True,False,0,0,False,False
O08914_113.0,0.0,0.0,0.0,,,0.0,0.0,True,False,0,0,False,False
O08914_249.0,0.0,0.0,0.0,,,0.0,0.0,True,False,0,0,False,False
O08914_293.0,0.0,0.0,0.0,,,0.0,0.0,True,False,0,0,False,False
O08914_299.0,0.0,0.0,0.0,,,0.0,0.0,True,False,0,0,False,False
O08915_208.0,0.0,0.0,0.0,,,0.0,0.0,True,False,0,0,False,False
O08915_254.0,0.0,0.0,0.0,,,0.0,0.0,True,False,0,0,False,False
O08915_90.0,0.0,0.0,0.0,,,0.0,0.0,True,False,0,0,False,False
O08917_203.0,0.0,0.0,0.0,,,0.0,0.0,True,False,0,0,False,False
O08917_34.0,0.0,0.0,0.0,,,0.0,0.0,True,False,0,0,False,False
O08917_85.0,0.0,0.0,0.0,,,0.0,0.0,True,False,0,0,False,False
O08919_147.0,0.0,0.0,0.0,,,0.0,0.0,True,False,0,0,False,False
O08919_161.0,0.0,0.0,0.0,,,0.0,0.0,True,False,0,0,False,False
O08919_206.0,0.0,0.0,0.0,,,0.0,0.0,True,False,0,0,False,False
O08919_23.0,0.0,0.0,0.0,,,0.0,0.0,True,False,0,0,False,False
O08919_78.0,0.0,0.0,0.0,,,0.0,0.0,True,False,0,0,False,False
O08919_99.0,0.0,0.0,0.0,,,0.0,0.0,True,False,0,0,False,False
O08992_119.0,0.0,0.0,0.0,,,0.0,0.0,True,False,0,0,False,False
O08992_240.0,0.0,0.0,0.0,,,0.0,0.0,True,False,0,0,False,False
O08997_41.0,0.28707488377888996,0.2759143114089966,-0.057206824444167866,0.9781909301419678,,-0.011160572369893373,0.011160572369893373,False,True,partial,partial,False,False
O09012_11.0,0.0,0.0,0.0,,,0.0,0.0,True,False,0,0,False,False
O09012_510.0,0.0,0.0,0.0,,,0.0,0.0,True,False,0,0,False,False
O09012_566.0,0.0,0.0,0.0,,,0.0,0.0,True,False,0,0,False,False
O09061_81.0,0.0,0.0,0.0,,,0.0,0.0,True,False,0,0,False,False
O09106_261.0,0.0,0.0,0.0,,,0.0,0.0,True,False,0,0,False,False
O09114_65.0,0.0,0.0,0.0,,,0.0,0.0,True,False,0,0,False,False
O09117_64.0,0.0,0.0,0.0,,,0.0,0.0,True,False,0,0,False,False
O09126_108.0,0.0,0.0,0.0,,,0.0,0.0,True,False,0,0,False,False
O09126_370.0,0.0,0.0,0.0,,,0.0,0.0,True,False,0,0,False,False
O09126_520.0,0.0,0.0,0.0,,,0.0,0.0,True,False,0,0,False,False
O09126_529.0,0.0,0.0,0.0,,,0.0,0.0,True,False,0,0,False,False
O09126_553.0,0.0,0.0,0.0,,,0.0,0.0,True,False,0,0,False,False
O09126_707.0,0.0,0.0,0.0,,,0.0,0.0,True,False,0,0,False,False
O09131_191.0,0.0,0.0,0.0,,,0.0,0.0,True,False,0,0,False,False
O09131_32.0,0.0,0.0,0.0,,,0.0,0.0,True,False,0,0,False,False
O09164_77.0,0.0,0.0,0.0,,,0.0,0.0,True,False,0,0,False,False
O09172_72.0,0.0,0.0,0.0,,,0.0,0.0,True,False,0,0,False,False
O35075_137.0,0.0,0.0,0.0,,,0.0,0.0,True,False,0,0,False,False
O35083_273.0,0.0,0.0,0.0,,,0.0,0.0,True,False,0,0,False,False
O35098_132.0,0.0,0.0,0.0,,,0.0,0.0,True,False,0,0,False,False
O35098_174.0,0.0,0.0,0.0,,,0.0,0.0,True,False,0,0,False,False
O35098_248.0,0.0,0.0,0.0,,,0.0,0.0,True,False,0,0,False,False
O35098_439.0,0.0,0.0,0.0,,,0.0,0.0,True,False,0,0,False,False
O35098_90.0,0.0,0.0,0.0,,,0.0,0.0,True,False,0,0,False,False
O35099_127.0,4.068298975626628,8.235671997070312,1.0174606671254778,0.6632346211388925,,4.167373021443685,4.167373021443685,False,True,partial,partial,False,False
O35099_935.0,0.0,0.0,0.0,,,0.0,0.0,True,False,0,0,False,False
O35114_274.0,18.25554593404134,14.91345739364624,-0.291720056301355,0.02264939988108518,,-3.3420885403950997,3.3420885403950997,False,True,partial,partial,False,False
O35127_44.0,0.0,0.0,0.0,,,0.0,0.0,True,False,0,0,False,False
O35127_73.0,0.0,0.0,0.0,,,0.0,0.0,True,False,0,0,False,False
O35136_136.0,21.924853801727295,12.832382043202719,-0.7727782233613432,0.0035568814536194836,,-9.092471758524576,9.092471758524576,False,True,partial,partial,False,False
O35136_232.0,35.88791020711263,26.178722381591797,-0.45510322569868894,0.0002646459959029186,,-9.709187825520836,9.709187825520836,False,True,partial,partial,False,False
O35136_281.0,44.50931167602539,33.65248775482178,-0.4033940302995569,0.16138138431988802,,-10.856823921203613,10.856823921203613,False,True,partial,partial,False,False
O35136_380.0,22.807167053222656,13.029793739318848,-0.8076730099136038,7.795180064491479e-05,,-9.777373313903809,9.777373313903809,False,True,partial,partial,False,False
O35136_42.0,32.94984817504883,28.29389190673828,-0.2197811803875963,0.817699596222816,,-4.655956268310547,4.655956268310547,False,True,partial,partial,False,False
O35207_104.0,0.0,0.0,0.0,,,0.0,0.0,True,False,0,0,False,False
O35215_24.0,0.7261250019073486,0.8322470188140869,0.1967938687187217,0.8826894456374512,,0.10612201690673828,0.10612201690673828,False,True,partial,partial,False,False
O35215_57.0,5.906041781107585,4.391352653503418,-0.4275261657905812,0.7521889021709524,,-1.514689127604167,1.514689127604167,False,True,partial,partial,False,False
O35218_335.0,0.0,0.0,0.0,,,0.0,0.0,True,False,0,0,False,False
O35218_346.0,0.0,0.0,0.0,,,0.0,0.0,True,False,0,0,False,False
O35219_267.0,0.0,0.0,0.0,,,0.0,0.0,True,False,0,0,False,False
O35226_37.0,0.0,0.0,0.0,,,0.0,0.0,True,False,0,0,False,False
O35226_87.0,0.0,0.0,0.0,,,0.0,0.0,True,False,0,0,False,False
O35239_230.0,0.0,0.0,0.0,,,0.0,0.0,True,False,0,0,False,False
O35239_321.0,0.0,0.0,0.0,,,0.0,0.0,True,False,0,0,False,False
O35239_338.0,0.0,0.0,0.0,,,0.0,0.0,True,False,0,0,False,False
O35239_67.0,0.0,0.0,0.0,,,0.0,0.0,True,False,0,0,False,False
O35250_512.0,0.0,0.0,0.0,,,0.0,0.0,True,False,0,0,False,False
O35250_629.0,0.0,0.0,0.0,,,0.0,0.0,True,False,0,0,False,False
O35250_83.0,52.24364821116129,33.36406167348226,-0.646960714554209,0.13100450435207167,,-18.87958653767903,18.87958653767903,False,True,partial,partial,False,False
O35286_174.0,0.0,0.0,0.0,,,0.0,0.0,True,False,0,0,False,False
O35286_190.0,0.0,0.0,0.0,,,0.0,0.0,True,False,0,0,False,False
O35286_226.0,0.0,0.0,0.0,,,0.0,0.0,True,False,0,0,False,False
O35286_644.0,0.0,0.0,0.0,,,0.0,0.0,True,False,0,0,False,False
O35286_750.0,0.0,0.0,0.0,,,0.0,0.0,True,False,0,0,False,False
O35286_774.0,0.0,0.0,0.0,,,0.0,0.0,True,False,0,0,False,False
O35295_250.0,0.0,0.0,0.0,,,0.0,0.0,True,False,0,0,False,False
O35295_285.0,0.0,0.0,0.0,,,0.0,0.0,True,False,0,0,False,False
O35343_122.0,0.0,0.0,0.0,,,0.0,0.0,True,False,0,0,False,False
O35343_174.0,0.0,0.0,0.0,,,0.0,0.0,True,False,0,0,False,False
O35343_456.0,0.0,0.0,0.0,,,0.0,0.0,True,False,0,0,False,False
O35343_57.0,0.0,0.0,0.0,,,0.0,0.0,True,False,0,0,False,False
O35344_417.0,0.0,0.0,0.0,,,0.0,0.0,True,False,0,0,False,False
O35345_238.0,0.0,0.0,0.0,,,0.0,0.0,True,False,0,0,False,False
O35345_253.0,0.0,0.0,0.0,,,0.0,0.0,True,False,0,0,False,False
O35345_296.0,0.0,0.0,0.0,,,0.0,0.0,True,False,0,0,False,False
O35345_357.0,0.0,0.0,0.0,,,0.0,0.0,True,False,0,0,False,False
O35350_250.0,0.0,0.0,0.0,,,0.0,0.0,True,False,0,0,False,False
O35350_351.0,0.0,0.0,0.0,,,0.0,0.0,True,False,0,0,False,False
O35350_384.0,0.0,0.0,0.0,,,0.0,0.0,True,False,0,0,False,False
O35350_49.0,0.0,0.0,0.0,,,0.0,0.0,True,False,0,0,False,False
O35350_589.0,0.0,0.0,0.0,,,0.0,0.0,True,False,0,0,False,False
O35379_744.0,0.0,0.0,0.0,,,0.0,0.0,True,False,0,0,False,False
O35381_123.0,0.0,0.0,0.0,,,0.0,0.0,True,False,0,0,False,False
O35381_27.0,0.0,0.0,0.0,,,0.0,0.0,True,False,0,0,False,False
O35382_144.0,0.0,0.0,0.0,,,0.0,0.0,True,False,0,0,False,False
O35382_54.0,0.0,0.0,0.0,,,0.0,0.0,True,False,0,0,False,False
O35382_620.0,0.0,0.0,0.0,,,0.0,0.0,True,False,0,0,False,False
O35382_958.0,0.0,0.0,0.0,,,0.0,0.0,True,False,0,0,False,False
O35386_134.0,0.0,0.0,0.0,,,0.0,0.0,True,False,0,0,False,False
O35393_156.0,0.0,0.0,0.0,,,0.0,0.0,True,False,0,0,False,False
O35393_308.0,0.0,0.0,0.0,,,0.0,0.0,True,False,0,0,False,False
O35393_62.0,0.0,0.0,0.0,,,0.0,0.0,True,False,0,0,False,False
O35393_92.0,0.0,0.0,0.0,,,0.0,0.0,True,False,0,0,False,False
O35405_364.0,0.0,0.0,0.0,,,0.0,0.0,True,False,0,0,False,False
O35405_485.0,38.2320925394694,14.733571370442709,-1.375676987220184,0.059510948150375206,,-23.498521169026688,23.498521169026688,False,True,partial,partial,False,False
O35425_68.0,0.0,0.0,0.0,,,0.0,0.0,True,False,0,0,False,False
O35454_691.0,0.0,0.0,0.0,,,0.0,0.0,True,False,0,0,False,False
O35454_760.0,0.0,0.0,0.0,,,0.0,0.0,True,False,0,0,False,False
O35459_186.0,0.0,0.0,0.0,,,0.0,0.0,True,False,0,0,False,False
O35459_91.0,0.0,0.0,0.0,,,0.0,0.0,True,False,0,0,False,False
O35465_168.0,0.0,0.0,0.0,,,0.0,0.0,True,False,0,0,False,False
O35465_217.0,0.0,0.0,0.0,,,0.0,0.0,True,False,0,0,False,False
O35465_251.0,0.0,0.0,0.0,,,0.0,0.0,True,False,0,0,False,False
O35465_285.0,0.0,0.0,0.0,,,0.0,0.0,True,False,0,0,False,False
O35488_427.0,0.0,0.0,0.0,,,0.0,0.0,True,False,0,0,False,False
O35495_402.0,0.0,0.0,0.0,,,0.0,0.0,True,False,0,0,False,False
O35495_52.0,0.0,0.0,0.0,,,0.0,0.0,True,False,0,0,False,False
O35544_19.0,0.0,0.0,0.0,,,0.0,0.0,True,False,0,0,False,False
O35551_263.0,0.0,0.0,0.0,,,0.0,0.0,True,False,0,0,False,False
O35551_718.0,0.0,0.0,0.0,,,0.0,0.0,True,False,0,0,False,False
O35566_184.0,0.0,0.0,0.0,,,0.0,0.0,True,False,0,0,False,False
O35593_238.0,0.0,0.0,0.0,,,0.0,0.0,True,False,0,0,False,False
O35598_436.0,0.0,0.0,0.0,,,0.0,0.0,True,False,0,0,False,False
O35598_608.0,17.31468105316162,10.72298034032186,-0.6912898688786785,0.18666749368524502,,-6.591700712839762,6.591700712839762,False,True,partial,partial,False,False
O35598_633.0,9.46454652150472,8.499902407328287,-0.1550871062940919,0.8528980196265719,,-0.9646441141764335,0.9646441141764335,False,True,partial,partial,False,False
O35598_640.0,0.0,0.0,0.0,,,0.0,0.0,True,False,0,0,False,False
O35604_177.0,0.0,0.0,0.0,,,0.0,0.0,True,False,0,0,False,False
O35604_979.0,0.0,0.0,0.0,,,0.0,0.0,True,False,0,0,False,False
O35607_302.0,0.0,0.0,0.0,,,0.0,0.0,True,False,0,0,False,False
O35607_483.0,0.0,0.0,0.0,,,0.0,0.0,True,False,0,0,False,False
O35607_496.0,0.0,0.0,0.0,,,0.0,0.0,True,False,0,0,False,False
O35621_145.0,0.0,0.0,0.0,,,0.0,0.0,True,False,0,0,False,False
O35621_16.0,0.0,0.0,0.0,,,0.0,0.0,True,False,0,0,False,False
O35633_193.0,0.0,0.0,0.0,,,0.0,0.0,True,False,0,0,False,False
O35633_421.0,2.7598628203074136,2.155005097389221,-0.35690527728090327,0.04083182702094033,,-0.6048577229181924,0.6048577229181924,False,True,partial,partial,False,False
O35633_47.0,0.0,0.0,0.0,,,0.0,0.0,True,False,0,0,False,False
O35633_70.0,0.8763952056566874,2.2175817092259726,1.339333765027675,0.05916677260564872,,1.3411865035692854,1.3411865035692854,False,True,partial,partial,False,False
O35638_640.0,0.0,0.0,0.0,,,0.0,0.0,True,False,0,0,False,False
O35638_711.0,0.0,0.0,0.0,,,0.0,0.0,True,False,0,0,False,False
O35639_202.0,0.0,0.0,0.0,,,0.0,0.0,True,False,0,0,False,False
O35643_433.0,0.0,0.0,0.0,,,0.0,0.0,True,False,0,0,False,False
O35643_57.0,0.0,2.688510457674662,31.324159937892265,0.0379078478220347,,2.688510457674662,2.688510457674662,False,True,0,partial,False,False
O35643_863.0,0.0,0.0,0.0,,,0.0,0.0,True,False,0,0,False,False
O35643_924.0,0.0,0.0,0.0,,,0.0,0.0,True,False,0,0,False,False
O35658_182.0,0.0,0.0,0.0,,,0.0,0.0,True,False,0,0,False,False
O35668_132.0,0.0,0.0,0.0,,,0.0,0.0,True,False,0,0,False,False
O35668_264.0,0.0,0.0,0.0,,,0.0,0.0,True,False,0,0,False,False
O35668_351.0,0.0,0.0,0.0,,,0.0,0.0,True,False,0,0,False,False
O35678_201.0,0.0,0.0,0.0,,,0.0,0.0,True,False,0,0,False,False
O35678_32.0,0.0,0.0,0.0,,,0.0,0.0,True,False,0,0,False,False
O35678_55.0,0.0,0.0,0.0,,,0.0,0.0,True,False,0,0,False,False
O35681_21.0,0.0,0.0,0.0,,,0.0,0.0,True,False,0,0,False,False
O35681_297.0,0.0,0.0,0.0,,,0.0,0.0,True,False,0,0,False,False
O35682_273.0,18.929065068562824,9.473161856333414,-0.998685216747522,2.112230369292615e-06,,-9.45590321222941,9.45590321222941,False,True,partial,partial,False,False
O35682_286.0,10.282536506652832,2.6481618086496987,-1.957133011655454,0.004284763328704439,,-7.634374698003134,7.634374698003134,False,True,partial,partial,False,False
O35704_419.0,0.0,0.0,0.0,,,0.0,0.0,True,False,0,0,False,False
O35709_227.0,0.0,0.0,0.0,,,0.0,0.0,True,False,0,0,False,False
O35710_134.0,0.0,0.0,0.0,,,0.0,0.0,True,False,0,0,False,False
O35710_163.0,0.0,0.0,0.0,,,0.0,0.0,True,False,0,0,False,False
O35710_271.0,0.0,0.0,0.0,,,0.0,0.0,True,False,0,0,False,False
O35710_320.0,0.0,0.0,0.0,,,0.0,0.0,True,False,0,0,False,False
O35730_48.0,0.0,0.0,0.0,,,0.0,0.0,True,False,0,0,False,False
O35737_22.0,3.002111077308655,2.109151601791382,-0.5093145600497135,0.3280499528765304,,-0.892959475517273,0.892959475517273,False,True,partial,partial,False,False
O35737_267.0,1.288617769877116,1.335458477338155,0.05151072513041481,0.8718094810417835,,0.04684070746103908,0.04684070746103908,False,True,partial,partial,False,False
O35737_290.0,0.0,0.0,0.0,,,0.0,0.0,True,False,0,0,False,False
O35841_297.0,0.0,0.0,0.0,,,0.0,0.0,True,False,0,0,False,False
O35855_136.0,0.0,0.0,0.0,,,0.0,0.0,True,False,0,0,False,False
O35855_229.0,0.0,0.0,0.0,,,0.0,0.0,True,False,0,0,False,False
O35855_343.0,0.0,0.0,0.0,,,0.0,0.0,True,False,0,0,False,False
O35857_343.0,0.0,0.0,0.0,,,0.0,0.0,True,False,0,0,False,False
O35864_218.0,0.0,0.0,0.0,,,0.0,0.0,True,False,0,0,False,False
O35874_355.0,0.0,0.0,0.0,,,0.0,0.0,True,False,0,0,False,False
O35900_26.0,0.0,0.0,0.0,,,0.0,0.0,True,False,0,0,False,False
O35904_90.0,0.0,0.0,0.0,,,0.0,0.0,True,False,0,0,False,False
O35927_506.0,1.6425681114196777,0.0,-30.613306050051477,0.36321746764912255,,-1.6425681114196777,1.6425681114196777,False,True,partial,0,False,False
O35927_610.0,0.0,0.0,0.0,,,0.0,0.0,True,False,0,0,False,False
O35927_632.0,0.0,0.0,0.0,,,0.0,0.0,True,False,0,0,False,False
O35927_664.0,0.0,0.0,0.0,,,0.0,0.0,True,False,0,0,False,False
O35927_715.0,0.0,0.0,0.0,,,0.0,0.0,True,False,0,0,False,False
O35927_761.0,0.0,0.0,0.0,,,0.0,0.0,True,False,0,0,False,False
O35927_792.0,0.0,0.0,0.0,,,0.0,0.0,True,False,0,0,False,False
O35927_805.0,0.0,0.0,0.0,,,0.0,0.0,True,False,0,0,False,False
O35927_828.0,0.0,0.0,0.0,,,0.0,0.0,True,False,0,0,False,False
O35927_932.0,0.0,0.0,0.0,,,0.0,0.0,True,False,0,0,False,False
O35927_986.0,0.0,0.0,0.0,,,0.0,0.0,True,False,0,0,False,False
O35954_101.0,0.0,0.0,0.0,,,0.0,0.0,True,False,0,0,False,False
O35954_259.0,0.0,0.0,0.0,,,0.0,0.0,True,False,0,0,False,False
O35954_888.0,0.7361889680226644,0.8774929046630859,0.2533113288979957,0.8905847987338855,,0.1413039366404215,0.1413039366404215,False,True,partial,partial,False,False
O35954_927.0,0.0,0.0,0.0,,,0.0,0.0,True,False,0,0,False,False
O35969_208.0,0.0,0.0,0.0,,,0.0,0.0,True,False,0,0,False,False
O35969_91.0,0.0,0.0,0.0,,,0.0,0.0,True,False,0,0,False,False
O35984_183.0,0.0,0.0,0.0,,,0.0,0.0,True,False,0,0,False,False
O35984_284.0,0.0,0.0,0.0,,,0.0,0.0,True,False,0,0,False,False
O54692_346.0,0.0,0.0,0.0,,,0.0,0.0,True,False,0,0,False,False
O54692_39.0,0.0,0.0,0.0,,,0.0,0.0,True,False,0,0,False,False
O54692_588.0,0.0,0.0,0.0,,,0.0,0.0,True,False,0,0,False,False
O54692_686.0,0.0,0.0,0.0,,,0.0,0.0,True,False,0,0,False,False
O54692_82.0,0.0,0.0,0.0,,,0.0,0.0,True,False,0,0,False,False
O54734_130.0,0.0,0.0,0.0,,,0.0,0.0,True,False,0,0,False,False
O54774_101.0,0.0,0.0,0.0,,,0.0,0.0,True,False,0,0,False,False
O54774_1149.0,0.0,0.0,0.0,,,0.0,0.0,True,False,0,0,False,False
O54774_137.0,0.0,0.0,0.0,,,0.0,0.0,True,False,0,0,False,False
O54774_208.0,0.0,0.0,0.0,,,0.0,0.0,True,False,0,0,False,False
O54774_348.0,0.0,0.0,0.0,,,0.0,0.0,True,False,0,0,False,False
O54774_39.0,0.0,0.0,0.0,,,0.0,0.0,True,False,0,0,False,False
O54774_574.0,2.747762680053711,2.4843130310376487,-0.1454104371783413,0.8216741912448452,,-0.26344964901606227,0.26344964901606227,False,True,partial,partial,False,False
O54774_898.0,18.8036150932312,26.87459945678711,0.5152331984608333,0.6484064347840792,,8.070984363555908,8.070984363555908,False,True,partial,partial,False,False
O54781_221.0,0.0,0.0,0.0,,,0.0,0.0,True,False,0,0,False,False
O54781_528.0,0.0,0.0,0.0,,,0.0,0.0,True,False,0,0,False,False
O54781_673.0,0.0,0.0,0.0,,,0.0,0.0,True,False,0,0,False,False
O54782_288.0,0.0,0.0,0.0,,,0.0,0.0,True,False,0,0,False,False
O54786_47.0,0.0,0.0,0.0,,,0.0,0.0,True,False,0,0,False,False
O54786_90.0,0.0,0.0,0.0,,,0.0,0.0,True,False,0,0,False,False
O54825_294.0,0.0,0.0,0.0,,,0.0,0.0,True,False,0,0,False,False
O54828_182.0,0.0,0.0,0.0,,,0.0,0.0,True,False,0,0,False,False
O54828_664.0,0.0,0.0,0.0,,,0.0,0.0,True,False,0,0,False,False
O54829_206.0,0.0,0.0,0.0,,,0.0,0.0,True,False,0,0,False,False
O54833_148.0,0.0,0.0,0.0,,,0.0,0.0,True,False,0,0,False,False
O54865_174.0,0.0,0.0,0.0,,,0.0,0.0,True,False,0,0,False,False
O54865_214.0,0.0,0.0,0.0,,,0.0,0.0,True,False,0,0,False,False
O54865_232.0,0.0,0.0,0.0,,,0.0,0.0,True,False,0,0,False,False
O54865_489.0,0.0,0.0,0.0,,,0.0,0.0,True,False,0,0,False,False
O54865_541.0,0.0,0.0,0.0,,,0.0,0.0,True,False,0,0,False,False
O54865_571.0,0.0,0.0,0.0,,,0.0,0.0,True,False,0,0,False,False
O54901_214.0,0.0,0.0,0.0,,,0.0,0.0,True,False,0,0,False,False
O54916_21.0,0.0,0.0,0.0,,,0.0,0.0,True,False,0,0,False,False
O54931_612.0,0.0,0.0,0.0,,,0.0,0.0,True,False,0,0,False,False
O54962_67.0,0.0,0.0,0.0,,,0.0,0.0,True,False,0,0,False,False
O54962_77.0,0.0,0.0,0.0,,,0.0,0.0,True,False,0,0,False,False
O54967_119.0,0.0,0.0,0.0,,,0.0,0.0,True,False,0,0,False,False
O54967_434.0,0.0,0.0,0.0,,,0.0,0.0,True,False,0,0,False,False
O54967_858.0,0.0,0.0,0.0,,,0.0,0.0,True,False,0,0,False,False
O54984_289.0,0.0,0.0,0.0,,,0.0,0.0,True,False,0,0,False,False
O54988_1136.0,0.0,0.0,0.0,,,0.0,0.0,True,False,0,0,False,False
O54988_1151.0,0.0,0.0,0.0,,,0.0,0.0,True,False,0,0,False,False
O54988_1210.0,11.523376305898031,9.964060465494791,-0.20975780140737102,0.7035604612770445,,-1.5593158404032401,1.5593158404032401,False,True,partial,partial,False,False
O54988_204.0,0.0,0.0,0.0,,,0.0,0.0,True,False,0,0,False,False
O54988_358.0,0.0,0.0,0.0,,,0.0,0.0,True,False,0,0,False,False
O54991_1210.0,5.303508202234904,5.097846428553264,-0.05705908643280386,0.8003087762321454,,-0.20566177368164062,0.20566177368164062,False,True,partial,partial,False,False
O54991_1251.0,19.999975840250652,15.343318144480387,-0.38238774354922833,0.04243008972920158,,-4.6566576957702654,4.6566576957702654,False,True,partial,partial,False,False
O54991_169.0,14.256564458211264,33.333333333333336,1.2253392305771127,0.4338414692221607,,19.07676887512207,19.07676887512207,False,True,partial,partial,False,False
O54991_324.0,8.740803082784018,5.237257321675618,-0.7389543465311138,0.6324673268427232,,-3.5035457611083993,3.5035457611083993,False,True,partial,partial,False,False
O54991_356.0,0.0,0.0,0.0,,,0.0,0.0,True,False,0,0,False,False
O54991_488.0,13.419915835062662,5.544811248779297,-1.2751653678684993,0.0007171954449994096,,-7.875104586283365,7.875104586283365,False,True,partial,partial,False,False
O54991_577.0,5.4101295073827105,1.3888463973999023,-1.9617760788182026,0.00066651659528066,,-4.021283109982808,4.021283109982808,False,True,partial,partial,False,False
O54991_586.0,0.0,0.0,0.0,,,0.0,0.0,True,False,0,0,False,False
O54991_832.0,0.0,0.0,0.0,,,0.0,0.0,True,False,0,0,False,False
O54991_969.0,0.0,0.0,0.0,,,0.0,0.0,True,False,0,0,False,False
O54992_168.0,0.0,0.0,0.0,,,0.0,0.0,True,False,0,0,False,False
O55017_1423.0,0.0,0.0,0.0,,,0.0,0.0,True,False,0,0,False,False
O55017_2088.0,0.0,0.0,0.0,,,0.0,0.0,True,False,0,0,False,False
O55017_442.0,0.0,0.0,0.0,,,0.0,0.0,True,False,0,0,False,False
O55017_68.0,0.0,0.0,0.0,,,0.0,0.0,True,False,0,0,False,False
O55017_784.0,0.0,0.0,0.0,,,0.0,0.0,True,False,0,0,False,False
O55022_129.0,0.0,0.0,0.0,,,0.0,0.0,True,False,0,0,False,False
O55023_141.0,0.0,0.0,0.0,,,0.0,0.0,True,False,0,0,False,False
O55023_183.0,0.0,0.0,0.0,,,0.0,0.0,True,False,0,0,False,False
O55023_64.0,0.0,0.0,0.0,,,0.0,0.0,True,False,0,0,False,False
O55026_99.0,0.0,0.0,0.0,,,0.0,0.0,True,False,0,0,False,False
O55028_152.0,0.0,0.0,0.0,,,0.0,0.0,True,False,0,0,False,False
O55029_104.0,0.0,0.0,0.0,,,0.0,0.0,True,False,0,0,False,False
O55029_190.0,6.753828366597493,13.204174677530924,0.9672167069888472,0.40337509229921975,,6.450346310933431,6.450346310933431,False,True,partial,partial,False,False
O55029_351.0,19.024680455525715,12.170939127604166,-0.6444317291104545,0.5655181769280074,,-6.853741327921549,6.853741327921549,False,True,partial,partial,False,False
O55029_56.0,0.0,0.0,0.0,,,0.0,0.0,True,False,0,0,False,False
O55033_297.0,0.0,0.0,0.0,,,0.0,0.0,True,False,0,0,False,False
O55033_343.0,0.0,0.0,0.0,,,0.0,0.0,True,False,0,0,False,False
O55060_65.0,0.0,0.0,0.0,,,0.0,0.0,True,False,0,0,False,False
O55091_194.0,5.502567768096924,1.5517287254333496,-1.826228641024738,0.028770816542024916,,-3.950839042663574,3.950839042663574,False,True,partial,partial,False,False
O55091_225.0,0.0,0.0,0.0,,,0.0,0.0,True,False,0,0,False,False
O55091_283.0,0.0,0.0,0.0,,,0.0,0.0,True,False,0,0,False,False
O55106_587.0,0.0,0.0,0.0,,,0.0,0.0,True,False,0,0,False,False
O55106_740.0,0.0,0.0,0.0,,,0.0,0.0,True,False,0,0,False,False
O55125_106.0,0.0,0.0,0.0,,,0.0,0.0,True,False,0,0,False,False
O55125_138.0,1.8246960639953613,1.453517993291219,-0.32810724605328684,0.7830056593564112,,-0.3711780707041423,0.3711780707041423,False,True,partial,partial,False,False
O55125_83.0,4.598960558573405,0.0,-32.09866067928579,0.1770388530998662,,-4.598960558573405,4.598960558573405,False,True,partial,0,False,False
O55126_80.0,1.5981704394022624,0.6393998861312866,-1.3216308812946758,0.3416691127107462,,-0.9587705532709758,0.9587705532709758,False,True,partial,partial,False,False
O55126_88.0,0.0,0.0,0.0,,,0.0,0.0,True,False,0,0,False,False
O55128_26.0,0.0,0.0,0.0,,,0.0,0.0,True,False,0,0,False,False
O55131_17.0,0.0,0.0,0.0,,,0.0,0.0,True,False,0,0,False,False
O55131_203.0,5.525721947352092,3.71000341574351,-0.5747424527593722,0.06750158456533997,,-1.815718531608582,1.815718531608582,False,True,partial,partial,False,False
O55131_279.0,0.0,0.0,0.0,,,0.0,0.0,True,False,0,0,False,False
O55135_110.0,0.0,0.0,0.0,,,0.0,0.0,True,False,0,0,False,False
O55137_412.0,0.0,0.0,0.0,,,0.0,0.0,True,False,0,0,False,False
O55143_344.0,0.0,0.0,0.0,,,0.0,0.0,True,False,0,0,False,False
O55143_364.0,3.95953905582428,3.2758524815241494,-0.27346209981553304,0.031525045885381055,,-0.6836865743001304,0.6836865743001304,False,True,partial,partial,False,False
O55143_377.0,0.0,0.0,0.0,,,0.0,0.0,True,False,0,0,False,False
O55143_447.0,1.5355211695035298,1.132072925567627,-0.43976150556736726,0.1218732055057615,,-0.40344824393590284,0.40344824393590284,False,True,partial,partial,False,False
O55143_471.0,0.0,0.0,0.0,,,0.0,0.0,True,False,0,0,False,False
O55143_498.0,5.705712556838989,0.6141933997472128,-3.2156421523655623,0.025222978782340602,,-5.091519157091777,5.091519157091777,False,True,partial,partial,False,False
O55143_560.0,0.0,1.2373063564300537,30.204555610261195,0.36321746764912255,,1.2373063564300537,1.2373063564300537,False,True,0,partial,False,False
O55143_595.0,0.0,0.0,0.0,,,0.0,0.0,True,False,0,0,False,False
O55143_635.0,0.0,0.0,0.0,,,0.0,0.0,True,False,0,0,False,False
O55143_669.0,0.0,0.0,0.0,,,0.0,0.0,True,False,0,0,False,False
O55143_998.0,2.640518089135488,2.1444738705952964,-0.3001972871241396,0.03913287928824173,,-0.49604421854019165,0.49604421854019165,False,True,partial,partial,False,False
O55176_195.0,0.0,0.0,0.0,,,0.0,0.0,True,False,0,0,False,False
O55186_69.0,0.0,0.0,0.0,,,0.0,0.0,True,False,0,0,False,False
O55192_28.0,0.0,0.0,0.0,,,0.0,0.0,True,False,0,0,False,False
O55201_1006.0,0.0,0.0,0.0,,,0.0,0.0,True,False,0,0,False,False
O55201_427.0,0.0,0.0,0.0,,,0.0,0.0,True,False,0,0,False,False
O55201_734.0,0.0,0.0,0.0,,,0.0,0.0,True,False,0,0,False,False
O55222_239.0,0.0,0.0,0.0,,,0.0,0.0,True,False,0,0,False,False
O55222_346.0,0.0,0.0,0.0,,,0.0,0.0,True,False,0,0,False,False
O55222_42.0,0.0,0.0,0.0,,,0.0,0.0,True,False,0,0,False,False
O55222_422.0,0.0,0.0,0.0,,,0.0,0.0,True,False,0,0,False,False
O55222_428.0,0.0,0.0,0.0,,,0.0,0.0,True,False,0,0,False,False
O55229_28.0,0.0,0.0,0.0,,,0.0,0.0,True,False,0,0,False,False
O55229_72.0,0.0,14.370213826497396,33.74236247800185,0.18366464650236233,,14.370213826497396,14.370213826497396,False,True,0,partial,False,False
O55234_111.0,0.0,0.0,0.0,,,0.0,0.0,True,False,0,0,False,False
O55234_161.0,0.0,0.0,0.0,,,0.0,0.0,True,False,0,0,False,False
O55236_375.0,0.0,0.0,0.0,,,0.0,0.0,True,False,0,0,False,False
O70133_1031.0,0.0,0.0,0.0,,,0.0,0.0,True,False,0,0,False,False
O70133_12.0,0.0,0.0,0.0,,,0.0,0.0,True,False,0,0,False,False
O70133_244.0,1.1079824368158977,1.6169057289759319,0.5453005542094761,0.6299854134693406,,0.5089232921600342,0.5089232921600342,False,True,partial,partial,False,False
O70133_440.0,1.269654909769694,1.3994916280110676,0.14046642838436246,0.918103646947408,,0.12983671824137355,0.12983671824137355,False,True,partial,partial,False,False
O70133_471.0,0.0,0.0,0.0,,,0.0,0.0,True,False,0,0,False,False
O70161_225.0,0.0,0.0,0.0,,,0.0,0.0,True,False,0,0,False,False
O70161_306.0,7.648061116536458,8.004443327585856,0.06570702127505497,0.6775984637463346,,0.3563822110493975,0.3563822110493975,False,True,partial,partial,False,False
O70161_581.0,4.7577490011851,3.110418915748596,-0.6131702653806317,0.0003873771311948029,,-1.6473300854365034,1.6473300854365034,False,True,partial,partial,False,False
O70172_343.0,0.0,0.0,0.0,,,0.0,0.0,True,False,0,0,False,False
O70174_425.0,0.0,0.0,0.0,,,0.0,0.0,True,False,0,0,False,False
O70174_532.0,0.0,0.0,0.0,,,0.0,0.0,True,False,0,0,False,False
O70194_19.0,0.0,0.0,0.0,,,0.0,0.0,True,False,0,0,False,False
O70194_327.0,0.0,0.0,0.0,,,0.0,0.0,True,False,0,0,False,False
O70194_375.0,0.0,0.0,0.0,,,0.0,0.0,True,False,0,0,False,False
O70194_404.0,0.0,0.0,0.0,,,0.0,0.0,True,False,0,0,False,False
O70228_206.0,0.0,0.0,0.0,,,0.0,0.0,True,False,0,0,False,False
O70228_466.0,0.0,0.0,0.0,,,0.0,0.0,True,False,0,0,False,False
O70228_686.0,0.0,0.0,0.0,,,0.0,0.0,True,False,0,0,False,False
O70250_153.0,0.0,0.0,0.0,,,0.0,0.0,True,False,0,0,False,False
O70252_126.0,0.0,0.0,0.0,,,0.0,0.0,True,False,0,0,False,False
O70252_264.0,0.0,0.0,0.0,,,0.0,0.0,True,False,0,0,False,False
O70252_281.0,0.0,0.0,0.0,,,0.0,0.0,True,False,0,0,False,False
O70274_46.0,0.0,0.0,0.0,,,0.0,0.0,True,False,0,0,False,False
O70293_129.0,0.0,0.0,0.0,,,0.0,0.0,True,False,0,0,False,False
O70293_42.0,0.0,0.0,0.0,,,0.0,0.0,True,False,0,0,False,False
O70293_474.0,0.0,0.0,0.0,,,0.0,0.0,True,False,0,0,False,False
O70293_57.0,0.0,0.0,0.0,,,0.0,0.0,True,False,0,0,False,False
O70293_71.0,0.0,0.0,0.0,,,0.0,0.0,True,False,0,0,False,False
O70305_863.0,0.0,0.0,0.0,,,0.0,0.0,True,False,0,0,False,False
O70309_202.0,0.0,0.0,0.0,,,0.0,0.0,True,False,0,0,False,False
O70309_602.0,0.0,0.0,0.0,,,0.0,0.0,True,False,0,0,False,False
O70310_249.0,0.0,0.0,0.0,,,0.0,0.0,True,False,0,0,False,False
O70311_135.0,0.0,0.0,0.0,,,0.0,0.0,True,False,0,0,False,False
O70318_225.0,0.0,0.0,0.0,,,0.0,0.0,True,False,0,0,False,False
O70318_417.0,0.0,0.0,0.0,,,0.0,0.0,True,False,0,0,False,False
O70318_481.0,39.97174898783366,39.01471773783366,-0.03496223763904922,0.9526115358414375,,-0.95703125,0.95703125,False,True,partial,partial,False,False
O70325_102.0,0.0,0.0,0.0,,,0.0,0.0,True,False,0,0,False,False
O70325_134.0,6.608584086100261,2.9910438855489097,-1.1436921234659316,0.15991623281017975,,-3.617540200551351,3.617540200551351,False,True,partial,partial,False,False
O70325_55.0,0.0,0.0,0.0,,,0.0,0.0,True,False,0,0,False,False
O70325_93.0,0.0,0.0,0.0,,,0.0,0.0,True,False,0,0,False,False
O70340_30.0,0.0,0.0,0.0,,,0.0,0.0,True,False,0,0,False,False
O70340_422.0,0.0,0.0,0.0,,,0.0,0.0,True,False,0,0,False,False
O70362_779.0,0.0,0.0,0.0,,,0.0,0.0,True,False,0,0,False,False
O70378_12.0,0.0,0.0,0.0,,,0.0,0.0,True,False,0,0,False,False
O70378_133.0,0.0,0.0,0.0,,,0.0,0.0,True,False,0,0,False,False
O70378_150.0,0.0,0.0,0.0,,,0.0,0.0,True,False,0,0,False,False
O70378_24.0,22.73136329650879,17.636221567789715,-0.3661427042078705,0.7431076380675163,,-5.095141728719074,5.095141728719074,False,True,partial,partial,False,False
O70400_73.0,0.0,0.0,0.0,,,0.0,0.0,True,False,0,0,False,False
O70401_183.0,0.0,0.0,0.0,,,0.0,0.0,True,False,0,0,False,False
O70423_430.0,0.0,0.0,0.0,,,0.0,0.0,True,False,0,0,False,False
O70433_150.0,0.0,0.0,0.0,,,0.0,0.0,True,False,0,0,False,False
O70433_162.0,0.0,0.0,0.0,,,0.0,0.0,True,False,0,0,False,False
O70433_221.0,0.0,0.0,0.0,,,0.0,0.0,True,False,0,0,False,False
O70433_272.0,0.0,0.0,0.0,,,0.0,0.0,True,False,0,0,False,False
O70433_71.0,0.0,0.0,0.0,,,0.0,0.0,True,False,0,0,False,False
O70435_42.0,0.0,0.0,0.0,,,0.0,0.0,True,False,0,0,False,False
O70439_28.0,0.0,0.0,0.0,,,0.0,0.0,True,False,0,0,False,False
O70443_140.0,0.0,0.0,0.0,,,0.0,0.0,True,False,0,0,False,False
O70443_287.0,0.0,0.0,0.0,,,0.0,0.0,True,False,0,0,False,False
O70443_66.0,0.0,0.0,0.0,,,0.0,0.0,True,False,0,0,False,False
O70477_326.0,0.0,0.0,0.0,,,0.0,0.0,True,False,0,0,False,False
O70481_112.0,0.0,0.0,0.0,,,0.0,0.0,True,False,0,0,False,False
O70481_1200.0,0.0,0.0,0.0,,,0.0,0.0,True,False,0,0,False,False
O70481_1207.0,0.0,0.0,0.0,,,0.0,0.0,True,False,0,0,False,False
O70481_1577.0,0.0,0.0,0.0,,,0.0,0.0,True,False,0,0,False,False
O70481_1611.0,0.0,0.0,0.0,,,0.0,0.0,True,False,0,0,False,False
O70481_163.0,0.0,0.0,0.0,,,0.0,0.0,True,False,0,0,False,False
O70481_180.0,0.0,0.0,0.0,,,0.0,0.0,True,False,0,0,False,False
O70481_251.0,3.1599972248077393,9.195947647094727,1.5410749610676635,0.3689951487169609,,6.035950422286987,6.035950422286987,False,True,partial,partial,False,False
O70481_279.0,0.0,0.0,0.0,,,0.0,0.0,True,False,0,0,False,False
O70481_589.0,0.0,0.0,0.0,,,0.0,0.0,True,False,0,0,False,False
O70481_777.0,0.0,0.0,0.0,,,0.0,0.0,True,False,0,0,False,False
O70496_635.0,0.0,0.0,0.0,,,0.0,0.0,True,False,0,0,False,False
O70503_166.0,0.0,0.0,0.0,,,0.0,0.0,True,False,0,0,False,False
O70503_215.0,0.0,0.0,0.0,,,0.0,0.0,True,False,0,0,False,False
O70507_64.0,0.0,0.0,0.0,,,0.0,0.0,True,False,0,0,False,False
O70566_483.0,0.0,0.0,0.0,,,0.0,0.0,True,False,0,0,False,False
O70566_652.0,0.0,0.0,0.0,,,0.0,0.0,True,False,0,0,False,False
O70572_214.0,0.0,0.0,0.0,,,0.0,0.0,True,False,0,0,False,False
O70572_411.0,0.0,0.0,0.0,,,0.0,0.0,True,False,0,0,False,False
O70572_83.0,0.0,0.0,0.0,,,0.0,0.0,True,False,0,0,False,False
O70585_197.0,0.0,0.0,0.0,,,0.0,0.0,True,False,0,0,False,False
O70589_132.0,0.0,0.0,0.0,,,0.0,0.0,True,False,0,0,False,False
O70589_146.0,0.0,0.0,0.0,,,0.0,0.0,True,False,0,0,False,False
O70589_363.0,0.0,0.0,0.0,,,0.0,0.0,True,False,0,0,False,False
O70589_418.0,6.657329559326172,15.538626988728842,1.2228435378277307,0.47628491529172445,,8.88129742940267,8.88129742940267,False,True,partial,partial,False,False
O70589_513.0,0.0,0.0,0.0,,,0.0,0.0,True,False,0,0,False,False
O70589_578.0,0.0,0.0,0.0,,,0.0,0.0,True,False,0,0,False,False
O70589_633.0,0.0,0.0,0.0,,,0.0,0.0,True,False,0,0,False,False
O70589_66.0,0.0,0.0,0.0,,,0.0,0.0,True,False,0,0,False,False
O70589_684.0,0.0,0.0,0.0,,,0.0,0.0,True,False,0,0,False,False
O70589_698.0,0.0,0.0,0.0,,,0.0,0.0,True,False,0,0,False,False
O88196_1158.0,0.0,0.0,0.0,,,0.0,0.0,True,False,0,0,False,False
O88196_1167.0,0.0,0.0,0.0,,,0.0,0.0,True,False,0,0,False,False
O88291_360.0,0.0,0.0,0.0,,,0.0,0.0,True,False,0,0,False,False
O88307_1283.0,0.0,0.0,0.0,,,0.0,0.0,True,False,0,0,False,False
O88307_736.0,37.87736797332764,13.215807596842447,-1.5190714956106504,0.00209853302098249,,-24.66156037648519,24.66156037648519,False,True,partial,partial,False,False
O88322_1071.0,0.0,0.0,0.0,,,0.0,0.0,True,False,0,0,False,False
O88322_1089.0,0.0,0.0,0.0,,,0.0,0.0,True,False,0,0,False,False
O88322_1317.0,0.0,0.0,0.0,,,0.0,0.0,True,False,0,0,False,False
O88322_546.0,0.0,0.0,0.0,,,0.0,0.0,True,False,0,0,False,False
O88327_580.0,0.0,0.0,0.0,,,0.0,0.0,True,False,0,0,False,False
O88342_170.0,0.0,0.0,0.0,,,0.0,0.0,True,False,0,0,False,False
O88342_225.0,0.0,0.0,0.0,,,0.0,0.0,True,False,0,0,False,False
O88342_325.0,0.0,0.0,0.0,,,0.0,0.0,True,False,0,0,False,False
O88342_382.0,0.0,0.0,0.0,,,0.0,0.0,True,False,0,0,False,False
O88342_507.0,0.0,0.0,0.0,,,0.0,0.0,True,False,0,0,False,False
O88343_443.0,0.0,0.0,0.0,,,0.0,0.0,True,False,0,0,False,False
O88351_524.0,0.0,0.0,0.0,,,0.0,0.0,True,False,0,0,False,False
O88351_695.0,0.0,0.0,0.0,,,0.0,0.0,True,False,0,0,False,False
O88428_191.0,0.0,0.0,0.0,,,0.0,0.0,True,False,0,0,False,False
O88428_44.0,0.0,0.0,0.0,,,0.0,0.0,True,False,0,0,False,False
O88441_189.0,0.0,0.0,0.0,,,0.0,0.0,True,False,0,0,False,False
O88441_246.0,0.0,0.0,0.0,,,0.0,0.0,True,False,0,0,False,False
O88444_343.0,0.0,0.0,0.0,,,0.0,0.0,True,False,0,0,False,False
O88444_529.0,0.0,0.0,0.0,,,0.0,0.0,True,False,0,0,False,False
O88447_114.0,0.0,0.0,0.0,,,0.0,0.0,True,False,0,0,False,False
O88447_318.0,0.0,0.0,0.0,,,0.0,0.0,True,False,0,0,False,False
O88447_347.0,0.0,0.0,0.0,,,0.0,0.0,True,False,0,0,False,False
O88447_389.0,0.0,0.0,0.0,,,0.0,0.0,True,False,0,0,False,False
O88448_220.0,0.0,0.0,0.0,,,0.0,0.0,True,False,0,0,False,False
O88448_333.0,0.0,0.0,0.0,,,0.0,0.0,True,False,0,0,False,False
O88448_472.0,0.0,0.0,0.0,,,0.0,0.0,True,False,0,0,False,False
O88455_376.0,0.0,0.0,0.0,,,0.0,0.0,True,False,0,0,False,False
O88456_144.0,0.0,0.0,0.0,,,0.0,0.0,True,False,0,0,False,False
O88485_399.0,0.0,0.0,0.0,,,0.0,0.0,True,False,0,0,False,False
O88487_305.0,0.0,0.0,0.0,,,0.0,0.0,True,False,0,0,False,False
O88487_382.0,0.0,0.0,0.0,,,0.0,0.0,True,False,0,0,False,False
O88507_154.0,0.0,0.0,0.0,,,0.0,0.0,True,False,0,0,False,False
O88507_89.0,0.0,0.0,0.0,,,0.0,0.0,True,False,0,0,False,False
O88531_128.0,0.0,0.0,0.0,,,0.0,0.0,True,False,0,0,False,False
O88532_340.0,0.0,0.0,0.0,,,0.0,0.0,True,False,0,0,False,False
O88532_587.0,0.0,0.0,0.0,,,0.0,0.0,True,False,0,0,False,False
O88532_812.0,0.0,0.0,0.0,,,0.0,0.0,True,False,0,0,False,False
O88532_974.0,0.0,0.0,0.0,,,0.0,0.0,True,False,0,0,False,False
O88532_991.0,0.0,0.0,0.0,,,0.0,0.0,True,False,0,0,False,False
O88543_104.0,0.0,0.0,0.0,,,0.0,0.0,True,False,0,0,False,False
O88543_146.0,0.0,0.0,0.0,,,0.0,0.0,True,False,0,0,False,False
O88543_170.0,0.0,0.0,0.0,,,0.0,0.0,True,False,0,0,False,False
O88543_25.0,0.0,0.0,0.0,,,0.0,0.0,True,False,0,0,False,False
O88543_298.0,0.0,0.0,0.0,,,0.0,0.0,True,False,0,0,False,False
O88544_232.0,0.0,0.0,0.0,,,0.0,0.0,True,False,0,0,False,False
O88544_255.0,0.0,0.0,0.0,,,0.0,0.0,True,False,0,0,False,False
O88544_378.0,0.0,0.0,0.0,,,0.0,0.0,True,False,0,0,False,False
O88544_70.0,0.0,0.0,0.0,,,0.0,0.0,True,False,0,0,False,False
O88545_140.0,0.0,0.0,0.0,,,0.0,0.0,True,False,0,0,False,False
O88545_261.0,0.0,0.0,0.0,,,0.0,0.0,True,False,0,0,False,False
O88545_280.0,0.0,0.0,0.0,,,0.0,0.0,True,False,0,0,False,False
O88545_296.0,1.0657316048940022,0.3170649806658427,-1.7489937026916629,0.34904781864541895,,-0.7486666242281594,0.7486666242281594,False,True,partial,partial,False,False
O88569_50.0,0.887877474228541,0.7146902034680048,-0.3130425873105075,0.016638872892462332,,-0.1731872707605362,0.1731872707605362,False,True,partial,partial,False,False
O88587_200.0,0.0,0.0,0.0,,,0.0,0.0,True,False,0,0,False,False
O88587_234.0,0.0,0.0,0.0,,,0.0,0.0,True,False,0,0,False,False
O88587_76.0,0.0,0.0,0.0,,,0.0,0.0,True,False,0,0,False,False
O88597_351.0,0.0,0.0,0.0,,,0.0,0.0,True,False,0,0,False,False
O88602_302.0,0.0,0.0,0.0,,,0.0,0.0,True,False,0,0,False,False
O88622_153.0,0.0,0.0,0.0,,,0.0,0.0,True,False,0,0,False,False
O88622_811.0,0.0,0.0,0.0,,,0.0,0.0,True,False,0,0,False,False
O88643_373.0,1.2086394727230072,1.27547487616539,0.07765051686364265,0.9249125829354358,,0.06683540344238281,0.06683540344238281,False,True,partial,partial,False,False
O88685_403.0,0.0,0.0,0.0,,,0.0,0.0,True,False,0,0,False,False
O88697_53.0,0.0,0.0,0.0,,,0.0,0.0,True,False,0,0,False,False
O88703_508.0,0.0,0.0,0.0,,,0.0,0.0,True,False,0,0,False,False
O88703_69.0,0.0,0.0,0.0,,,0.0,0.0,True,False,0,0,False,False
O88703_89.0,0.0,0.0,0.0,,,0.0,0.0,True,False,0,0,False,False
O88704_531.0,0.0,0.0,0.0,,,0.0,0.0,True,False,0,0,False,False
O88704_55.0,0.0,0.0,0.0,,,0.0,0.0,True,False,0,0,False,False
O88712_312.0,0.0,0.0,0.0,,,0.0,0.0,True,False,0,0,False,False
O88712_38.0,2.0204008420308432,2.063889523347219,0.030724199545867754,0.9713098029735316,,0.04348868131637573,0.04348868131637573,False,True,partial,partial,False,False
O88712_54.0,0.0,0.0,0.0,,,0.0,0.0,True,False,0,0,False,False
O88736_158.0,0.0,0.0,0.0,,,0.0,0.0,True,False,0,0,False,False
O88737_1133.0,3.0857982635498047,2.1321239471435547,-0.5333524384930034,0.8050774727913154,,-0.95367431640625,0.95367431640625,False,True,partial,partial,False,False
O88737_1646.0,0.0,0.0,0.0,,,0.0,0.0,True,False,0,0,False,False
O88737_167.0,0.0,0.0,0.0,,,0.0,0.0,True,False,0,0,False,False
O88737_187.0,0.0,0.0,0.0,,,0.0,0.0,True,False,0,0,False,False
O88737_190.0,0.0,0.0,0.0,,,0.0,0.0,True,False,0,0,False,False
O88737_1918.0,0.0,0.0,0.0,,,0.0,0.0,True,False,0,0,False,False
O88737_195.0,0.0,0.0,0.0,,,0.0,0.0,True,False,0,0,False,False
O88737_2107.0,0.0,0.0,0.0,,,0.0,0.0,True,False,0,0,False,False
O88737_2489.0,0.0,0.0,0.0,,,0.0,0.0,True,False,0,0,False,False
O88737_2574.0,1.0227553844451904,3.1565272013346353,1.6258770500829969,0.26087283999459104,,2.133771816889445,2.133771816889445,False,True,partial,partial,False,False
O88737_2618.0,0.0,0.0,0.0,,,0.0,0.0,True,False,0,0,False,False
O88737_2681.0,0.0,0.0,0.0,,,0.0,0.0,True,False,0,0,False,False
O88737_3292.0,0.0,0.0,0.0,,,0.0,0.0,True,False,0,0,False,False
O88737_464.0,0.0,0.0,0.0,,,0.0,0.0,True,False,0,0,False,False
O88737_484.0,0.0,0.0,0.0,,,0.0,0.0,True,False,0,0,False,False
O88737_492.0,0.0,0.0,0.0,,,0.0,0.0,True,False,0,0,False,False
O88737_511.0,0.0,0.0,0.0,,,0.0,0.0,True,False,0,0,False,False
O88738_1241.0,0.0,0.0,0.0,,,0.0,0.0,True,False,0,0,False,False
O88738_1324.0,0.0,0.0,0.0,,,0.0,0.0,True,False,0,0,False,False
O88738_139.0,0.0,0.0,0.0,,,0.0,0.0,True,False,0,0,False,False
O88738_1397.0,0.0,0.0,0.0,,,0.0,0.0,True,False,0,0,False,False
O88738_3131.0,0.0,0.0,0.0,,,0.0,0.0,True,False,0,0,False,False
O88738_4468.0,0.0,0.0,0.0,,,0.0,0.0,True,False,0,0,False,False
O88738_466.0,0.0,0.0,0.0,,,0.0,0.0,True,False,0,0,False,False
O88738_4838.0,0.0,0.0,0.0,,,0.0,0.0,True,False,0,0,False,False
O88738_68.0,0.0,0.0,0.0,,,0.0,0.0,True,False,0,0,False,False
O88738_722.0,0.0,0.0,0.0,,,0.0,0.0,True,False,0,0,False,False
O88741_51.0,0.0,0.0,0.0,,,0.0,0.0,True,False,0,0,False,False
O88745_38.0,0.0,0.0,0.0,,,0.0,0.0,True,False,0,0,False,False
O88745_95.0,15.71839714050293,12.662586291631063,-0.3118820078726847,0.18164507896653104,,-3.0558108488718663,3.0558108488718663,False,True,partial,partial,False,False
O88792_152.0,4.244555155436198,7.241553942362468,0.7706859516958193,0.6422749368506517,,2.9969987869262695,2.9969987869262695,False,True,partial,partial,False,False
O88809_238.0,0.0,0.0,0.0,,,0.0,0.0,True,False,0,0,False,False
O88809_271.0,0.0,0.0,0.0,,,0.0,0.0,True,False,0,0,False,False
O88819_238.0,0.0,0.0,0.0,,,0.0,0.0,True,False,0,0,False,False
O88824_74.0,0.0,0.0,0.0,,,0.0,0.0,True,False,0,0,False,False
O88834_242.0,0.0,0.0,0.0,,,0.0,0.0,True,False,0,0,False,False
O88834_259.0,0.0,0.0,0.0,,,0.0,0.0,True,False,0,0,False,False
O88839_410.0,0.0,0.0,0.0,,,0.0,0.0,True,False,0,0,False,False
O88839_572.0,0.0,0.0,0.0,,,0.0,0.0,True,False,0,0,False,False
O88844_269.0,0.0,0.0,0.0,,,0.0,0.0,True,False,0,0,False,False
O88844_363.0,0.0,0.0,0.0,,,0.0,0.0,True,False,0,0,False,False
O88844_379.0,0.0,0.0,0.0,,,0.0,0.0,True,False,0,0,False,False
O88844_73.0,0.0,0.0,0.0,,,0.0,0.0,True,False,0,0,False,False
O88845_110.0,0.0,0.0,0.0,,,0.0,0.0,True,False,0,0,False,False
O88845_475.0,0.0,0.0,0.0,,,0.0,0.0,True,False,0,0,False,False
O88848_148.0,0.0,0.0,0.0,,,0.0,0.0,True,False,0,0,False,False
O88848_160.0,0.0,0.0,0.0,,,0.0,0.0,True,False,0,0,False,False
O88848_22.0,0.0,0.0,0.0,,,0.0,0.0,True,False,0,0,False,False
O88851_127.0,6.1945704619089765,6.627190589904785,0.09739316231394847,0.9157771102143255,,0.4326201279958086,0.4326201279958086,False,True,partial,partial,False,False
O88851_39.0,0.0,0.0,0.0,,,0.0,0.0,True,False,0,0,False,False
O88851_65.0,0.0,0.0,0.0,,,0.0,0.0,True,False,0,0,False,False
O88878_168.0,0.0,0.0,0.0,,,0.0,0.0,True,False,0,0,False,False
O88878_76.0,0.0,0.0,0.0,,,0.0,0.0,True,False,0,0,False,False
O88879_115.0,0.0,0.0,0.0,,,0.0,0.0,True,False,0,0,False,False
O88895_218.0,0.0,0.0,0.0,,,0.0,0.0,True,False,0,0,False,False
O88910_247.0,0.0,0.0,0.0,,,0.0,0.0,True,False,0,0,False,False
O88910_479.0,0.0,0.0,0.0,,,0.0,0.0,True,False,0,0,False,False
O88939_123.0,0.0,0.0,0.0,,,0.0,0.0,True,False,0,0,False,False
O88952_47.0,2.977624853452047,0.6742907365163168,-2.142719317696833,0.09019044046889138,,-2.30333411693573,2.30333411693573,False,True,partial,partial,False,False
O88958_118.0,0.0,0.0,0.0,,,0.0,0.0,True,False,0,0,False,False
O88983_126.0,0.0,0.0,0.0,,,0.0,0.0,True,False,0,0,False,False
O88983_14.0,0.0,0.0,0.0,,,0.0,0.0,True,False,0,0,False,False
O88986_215.0,0.0,0.0,0.0,,,0.0,0.0,True,False,0,0,False,False
O88986_230.0,0.0,0.0,0.0,,,0.0,0.0,True,False,0,0,False,False
O88986_346.0,0.0,0.0,0.0,,,0.0,0.0,True,False,0,0,False,False
O89001_194.0,0.0,0.0,0.0,,,0.0,0.0,True,False,0,0,False,False
O89013_66.0,0.0,0.0,0.0,,,0.0,0.0,True,False,0,0,False,False
O89017_221.0,0.0,0.0,0.0,,,0.0,0.0,True,False,0,0,False,False
O89017_52.0,0.0,0.0,0.0,,,0.0,0.0,True,False,0,0,False,False
O89020_340.0,0.0,0.0,0.0,,,0.0,0.0,True,False,0,0,False,False
O89026_1549.0,0.0,0.0,0.0,,,0.0,0.0,True,False,0,0,False,False
O89026_201.0,0.0,0.0,0.0,,,0.0,0.0,True,False,0,0,False,False
O89026_50.0,0.0,0.0,0.0,,,0.0,0.0,True,False,0,0,False,False
O89029_568.0,0.0,0.0,0.0,,,0.0,0.0,True,False,0,0,False,False
O89050_225.0,0.0,0.0,0.0,,,0.0,0.0,True,False,0,0,False,False
O89050_582.0,0.0,0.0,0.0,,,0.0,0.0,True,False,0,0,False,False
O89051_223.0,0.0,0.0,0.0,,,0.0,0.0,True,False,0,0,False,False
O89053_192.0,0.0,0.0,0.0,,,0.0,0.0,True,False,0,0,False,False
O89053_195.0,0.0,0.0,0.0,,,0.0,0.0,True,False,0,0,False,False
O89053_24.0,0.802655021349589,0.32380441824595135,-1.309657381365028,0.28181788968691285,,-0.47885060310363764,0.47885060310363764,False,True,partial,partial,False,False
O89053_345.0,0.0,0.0,0.0,,,0.0,0.0,True,False,0,0,False,False
O89053_40.0,2.5017268459002175,2.1873346169789634,-0.19375033581408266,0.2703781333941418,,-0.3143922289212542,0.3143922289212542,False,True,partial,partial,False,False
O89079_212.0,0.0,0.0,0.0,,,0.0,0.0,True,False,0,0,False,False
O89084_213.0,0.0,0.0,0.0,,,0.0,0.0,True,False,0,0,False,False
O89084_222.0,0.0,0.0,0.0,,,0.0,0.0,True,False,0,0,False,False
O89084_505.0,0.0,0.0,0.0,,,0.0,0.0,True,False,0,0,False,False
O89084_575.0,0.0,0.0,0.0,,,0.0,0.0,True,False,0,0,False,False
O89103_297.0,0.0,0.0,0.0,,,0.0,0.0,True,False,0,0,False,False
O89110_211.0,0.0,0.0,0.0,,,0.0,0.0,True,False,0,0,False,False
O89112_133.0,0.0,0.0,0.0,,,0.0,0.0,True,False,0,0,False,False
O89112_183.0,0.0,0.0,0.0,,,0.0,0.0,True,False,0,0,False,False
O89112_252.0,0.0,0.0,0.0,,,0.0,0.0,True,False,0,0,False,False
O89112_264.0,0.0,0.0,0.0,,,0.0,0.0,True,False,0,0,False,False
O89112_300.0,0.0,0.0,0.0,,,0.0,0.0,True,False,0,0,False,False
O89112_355.0,0.0,0.0,0.0,,,0.0,0.0,True,False,0,0,False,False
O89112_98.0,0.0,0.0,0.0,,,0.0,0.0,True,False,0,0,False,False
O89114_274.0,0.0,0.0,0.0,,,0.0,0.0,True,False,0,0,False,False
O89114_292.0,0.0,0.0,0.0,,,0.0,0.0,True,False,0,0,False,False
P00493_106.0,2.3242082397143045,0.3799954255421956,-2.6126853746992684,0.01623366082249616,,-1.944212814172109,1.944212814172109,False,True,partial,partial,False,False
P00493_206.0,7.770539919535319,7.958469231923421,0.03447611820925497,0.9592075208282826,,0.18792931238810162,0.18792931238810162,False,True,partial,partial,False,False
P00493_66.0,0.0,0.0,0.0,,,0.0,0.0,True,False,0,0,False,False
P01027_1158.0,0.0,0.0,0.0,,,0.0,0.0,True,False,0,0,False,False
P01027_1489.0,0.0,0.0,0.0,,,0.0,0.0,True,False,0,0,False,False
P01027_559.0,0.0,0.0,0.0,,,0.0,0.0,True,False,0,0,False,False
P01027_626.0,0.0,0.0,0.0,,,0.0,0.0,True,False,0,0,False,False
P01027_720.0,0.0,0.0,0.0,,,0.0,0.0,True,False,0,0,False,False
P01029_1117.0,0.0,0.0,0.0,,,0.0,0.0,True,False,0,0,False,False
P01831_28.0,11.638919830322266,8.004583040873209,-0.5400590128892517,1.0568206265556117e-06,,-3.6343367894490566,3.6343367894490566,False,True,partial,partial,False,False
P01837_87.0,0.4707554181416829,0.0,-28.810402461742612,0.1807000539592604,,-0.4707554181416829,0.4707554181416829,False,True,partial,0,False,False
P01867_313.0,0.0,0.0,0.0,,,0.0,0.0,True,False,0,0,False,False
P01872_135.0,4.153183539708455,18.038300196329754,2.118773860571878,0.28320505778959637,,13.8851166566213,13.8851166566213,False,True,partial,partial,False,False
P01872_27.0,0.0,0.0,0.0,,,0.0,0.0,True,False,0,0,False,False
P01872_292.0,0.0,0.0,0.0,,,0.0,0.0,True,False,0,0,False,False
P01872_304.0,5.032609144846599,7.673655827840169,0.6086075038120775,0.7606222489223122,,2.6410466829935704,2.6410466829935704,False,True,partial,partial,False,False
P01872_88.0,0.0,0.0,0.0,,,0.0,0.0,True,False,0,0,False,False
P01897_188.0,0.0,0.0,0.0,,,0.0,0.0,True,False,0,0,False,False
P02104_94.0,0.0,0.0,0.0,,,0.0,0.0,True,False,0,0,False,False
P02463_1460.0,13.664156993230185,15.325804869333902,0.16556638639530105,0.8433299574836581,,1.661647876103718,1.661647876103718,False,True,partial,partial,False,False
P02463_1493.0,3.5347816149393716,1.0945892930030823,-1.6912314349791873,0.003024507403094755,,-2.4401923219362893,2.4401923219362893,False,True,partial,partial,False,False
P02463_1616.0,14.208002408345541,3.2510440349578857,-2.127728728619139,0.00039343688901368314,,-10.956958373387655,10.956958373387655,False,True,partial,partial,False,False
P02468_1598.0,13.09677251180013,9.25900379816691,-0.5002824432122932,0.00910916338795066,,-3.8377687136332206,3.8377687136332206,False,True,partial,partial,False,False
P02468_180.0,11.901290575663248,12.77431583404541,0.10212799762721475,0.891983595425002,,0.873025258382162,0.873025258382162,False,True,partial,partial,False,False
P02468_314.0,0.0,0.0,0.0,,,0.0,0.0,True,False,0,0,False,False
P02468_349.0,6.255971908569336,11.451009750366211,0.8721688811331942,0.5356319034826575,,5.195037841796875,5.195037841796875,False,True,partial,partial,False,False
P02468_472.0,31.829672813415527,22.349198659261067,-0.5101492232979928,0.004725339890813617,,-9.48047415415446,9.48047415415446,False,True,partial,partial,False,False
P02468_475.0,17.59966468811035,4.223423322041829,-2.0590631787204567,0.17761762395277278,,-13.376241366068523,13.376241366068523,False,True,partial,partial,False,False
P02468_790.0,0.0,0.0,0.0,,,0.0,0.0,True,False,0,0,False,False
P02468_847.0,0.0,0.0,0.0,,,0.0,0.0,True,False,0,0,False,False
P02468_952.0,12.29348119099935,21.62926133473714,0.8150908894121065,0.6244502367895539,,9.335780143737791,9.335780143737791,False,True,partial,partial,False,False
P02469_455.0,24.12621815999349,4.222155253092448,-2.5145502530511212,0.059346159101516915,,-19.90406290690104,19.90406290690104,False,True,partial,partial,False,False
P02469_755.0,0.0,0.0,0.0,,,0.0,0.0,True,False,0,0,False,False
P03899_39.0,0.0,0.0,0.0,,,0.0,0.0,True,False,0,0,False,False
P03995_291.0,5.242559591929118,3.251905918121338,-0.688985836325594,0.061546972886684675,,-1.9906536738077802,1.9906536738077802,False,True,partial,partial,False,False
P04627_144.0,0.0,0.0,0.0,,,0.0,0.0,True,False,0,0,False,False
P04627_58.0,0.0,0.0,0.0,,,0.0,0.0,True,False,0,0,False,False
P04919_330.0,0.0,0.0,0.0,,,0.0,0.0,True,False,0,0,False,False
P04919_903.0,0.0,0.0,0.0,,,0.0,0.0,True,False,0,0,False,False
P04925_178.0,0.0,0.0,0.0,,,0.0,0.0,True,False,0,0,False,False
P04925_213.0,10.948420842488607,5.704044898351033,-0.9406655531556969,0.00019893446336820592,,-5.244375944137574,5.244375944137574,False,True,partial,partial,False,False
P05063_178.0,0.0,0.0,0.0,,,0.0,0.0,True,False,0,0,False,False
P05063_202.0,0.0,0.0,0.0,,,0.0,0.0,True,False,0,0,False,False
P05063_240.0,0.0,0.0,0.0,,,0.0,0.0,True,False,0,0,False,False
P05064_240.0,0.0,0.0,0.0,,,0.0,0.0,True,False,0,0,False,False
P05064_339.0,3.7876023054122925,3.0795170068740845,-0.2985807614973873,0.006973976940717566,,-0.708085298538208,0.708085298538208,False,True,partial,partial,False,False
P05064_73.0,4.032382408777873,1.7193762858708699,-1.2297471485477,0.07660274270085302,,-2.3130061229070034,2.3130061229070034,False,True,partial,partial,False,False
P05201_160.0,6.16303030649821,13.512235164642334,1.1325545511203243,0.04416469904583868,,7.349204858144124,7.349204858144124,False,True,partial,partial,False,False
P05201_391.0,3.981881260871887,2.9737533728281655,-0.42116519766316673,0.002586963033552645,,-1.0081278880437217,1.0081278880437217,False,True,partial,partial,False,False
P05202_106.0,1.1514976521333058,1.1082056363423665,-0.05528585974515705,0.7557113210657256,,-0.04329201579093933,0.04329201579093933,False,True,partial,partial,False,False
P05202_187.0,0.0,0.0,0.0,,,0.0,0.0,True,False,0,0,False,False
P05202_212.0,0.0,0.0,0.0,,,0.0,0.0,True,False,0,0,False,False
P05202_272.0,0.0,0.0,0.0,,,0.0,0.0,True,False,0,0,False,False
P05202_295.0,2.6096060276031494,2.7631425062815347,0.08247795010934268,0.5628709773324002,,0.15353647867838527,0.15353647867838527,False,True,partial,partial,False,False
P05202_382.0,0.0,0.0,0.0,,,0.0,0.0,True,False,0,0,False,False
P05480_187.0,0.0,0.0,0.0,,,0.0,0.0,True,False,0,0,False,False
P05480_247.0,4.151539166768392,2.010793685913086,-1.045881244809372,0.458629096443425,,-2.1407454808553057,2.1407454808553057,False,True,partial,partial,False,False
P05480_402.0,0.0,0.0,0.0,,,0.0,0.0,True,False,0,0,False,False
P05532_908.0,0.0,0.0,0.0,,,0.0,0.0,True,False,0,0,False,False
P05555_494.0,0.0,0.0,0.0,,,0.0,0.0,True,False,0,0,False,False
P05555_638.0,0.0,0.0,0.0,,,0.0,0.0,True,False,0,0,False,False
P06151_163.0,4.040714939435323,3.5085832675298056,-0.2037219755519011,0.0336232208500548,,-0.5321316719055171,0.5321316719055171,False,True,partial,partial,False,False
P06151_84.0,0.746995190779368,0.5407031973203024,-0.46626206662961744,0.6817229547355517,,-0.20629199345906568,0.20629199345906568,False,True,partial,partial,False,False
P06537_166.0,0.0,0.0,0.0,,,0.0,0.0,True,False,0,0,False,False
P06537_304.0,0.0,0.0,0.0,,,0.0,0.0,True,False,0,0,False,False
P06537_473.0,0.0,0.0,0.0,,,0.0,0.0,True,False,0,0,False,False
P06537_637.0,0.0,0.0,0.0,,,0.0,0.0,True,False,0,0,False,False
P06684_715.0,0.0,0.0,0.0,,,0.0,0.0,True,False,0,0,False,False
P06745_404.0,0.6007733345031738,0.280001163482666,-1.101387955107226,0.6430422661694031,,-0.3207721710205078,0.3207721710205078,False,True,partial,partial,False,False
P06797_125.0,0.0,0.0,0.0,,,0.0,0.0,True,False,0,0,False,False
P06797_322.0,0.0,0.0,0.0,,,0.0,0.0,True,False,0,0,False,False
P06801_110.0,0.0,0.0,0.0,,,0.0,0.0,True,False,0,0,False,False
P06801_164.0,0.0,0.0,0.0,,,0.0,0.0,True,False,0,0,False,False
P06801_240.0,1.4065793355305989,0.9116048018137614,-0.6257104979315568,0.7747902321782656,,-0.49497453371683753,0.49497453371683753,False,True,partial,partial,False,False
P06801_415.0,0.0,0.0,0.0,,,0.0,0.0,True,False,0,0,False,False
P06801_47.0,2.8356360594431558,0.0,-31.401025235828005,0.2214694896022401,,-2.8356360594431558,2.8356360594431558,False,True,partial,0,False,False
P06802_596.0,0.0,0.0,0.0,,,0.0,0.0,True,False,0,0,False,False
P06802_607.0,0.0,0.0,0.0,,,0.0,0.0,True,False,0,0,False,False
P06909_294.0,0.0,0.0,0.0,,,0.0,0.0,True,False,0,0,False,False
P06909_509.0,0.0,0.0,0.0,,,0.0,0.0,True,False,0,0,False,False
P06909_690.0,23.818365732828777,2.999933878580729,-2.98907181967188,0.1206263192798614,,-20.818431854248047,20.818431854248047,False,True,partial,partial,False,False
P06909_867.0,0.0,0.0,0.0,,,0.0,0.0,True,False,0,0,False,False
P06909_994.0,11.109061559041342,0.0,-33.371017898826764,0.0828649333697718,,-11.109061559041342,11.109061559041342,False,True,partial,0,False,False
P07214_122.0,12.110059261322021,15.649244785308838,0.3698871110281935,0.3215485623061122,,3.5391855239868164,3.5391855239868164,False,True,partial,partial,False,False
P07214_148.0,0.0,0.0,0.0,,,0.0,0.0,True,False,0,0,False,False
P07214_264.0,13.78791618347168,11.44019365310669,-0.269292960256232,0.10392628005147701,,-2.3477225303649902,2.3477225303649902,False,True,partial,partial,False,False
P07356_133.0,0.0,0.0,0.0,,,0.0,0.0,True,False,0,0,False,False
P07724_114.0,0.0,0.0,0.0,,,0.0,0.0,True,False,0,0,False,False
P07724_115.0,19.502438227335613,14.983373483022055,-0.38029202247470834,0.13195081850712845,,-4.5190647443135585,4.5190647443135585,False,True,partial,partial,False,False
P07724_125.0,24.102939287821453,19.625744501749676,-0.29646170628702306,0.2478861356178931,,-4.477194786071777,4.477194786071777,False,True,partial,partial,False,False
P07724_148.0,24.75592041015625,20.086541811625164,-0.301544384158029,0.0009728520435931786,,-4.669378598531086,4.669378598531086,False,True,partial,partial,False,False
P07724_201.0,0.0,0.0,0.0,,,0.0,0.0,True,False,0,0,False,False
P07724_269.0,46.5795644124349,32.367886225382485,-0.5251339943957954,0.005744523583493732,,-14.211678187052414,14.211678187052414,False,True,partial,partial,False,False
P07724_289.0,20.54489803314209,14.820432662963867,-0.47119260438769756,7.903163419415902e-05,,-5.724465370178223,5.724465370178223,False,True,partial,partial,False,False
P07724_302.0,3.491281747817993,0.7422031859556834,-2.2338706870944853,7.581406165784936e-05,,-2.74907856186231,2.74907856186231,False,True,partial,partial,False,False
P07724_303.0,0.0,0.0,0.0,,,0.0,0.0,True,False,0,0,False,False
P07724_416.0,10.668604214986166,7.723120927810669,-0.46611557287211136,3.201023168962237e-05,,-2.945483287175497,2.945483287175497,False,True,partial,partial,False,False
P07724_461.0,0.0,0.0,0.0,,,0.0,0.0,True,False,0,0,False,False
P07724_472.0,5.661701043446858,0.9127026398976644,-2.633018761527205,0.16118918837866703,,-4.748998403549194,4.748998403549194,False,True,partial,partial,False,False
P07724_485.0,11.95388126373291,7.18457825978597,-0.7345037407913341,0.00028741319567881656,,-4.76930300394694,4.76930300394694,False,True,partial,partial,False,False
P07724_500.0,0.7447408040364584,0.0,-29.472163165408286,0.36321746764912255,,-0.7447408040364584,0.7447408040364584,False,True,partial,0,False,False
P07724_511.0,9.446017742156982,5.772729237874349,-0.7104526859065522,7.911440592376556e-05,,-3.6732885042826338,3.6732885042826338,False,True,partial,partial,False,False
P07724_538.0,20.21319516499837,16.15552854537964,-0.3232694405022263,0.01867175290209962,,-4.0576666196187325,4.0576666196187325,False,True,partial,partial,False,False
P07724_58.0,0.6660807132720947,0.6005977193514506,-0.14929801170208507,0.9342053455767534,,-0.06548299392064416,0.06548299392064416,False,True,partial,partial,False,False
P07724_591.0,20.845638116200764,2.35656468073527,-3.144988350610942,0.01810585799442143,,-18.489073435465492,18.489073435465492,False,True,partial,partial,False,False
P07724_77.0,2.673122843106588,1.5326973994572957,-0.8024532438778806,0.2159555110474338,,-1.1404254436492922,1.1404254436492922,False,True,partial,partial,False,False
P07724_86.0,31.610925992329914,22.14599068959554,-0.5133777604292555,0.002131250216078468,,-9.464935302734375,9.464935302734375,False,True,partial,partial,False,False
P07724_99.0,11.983726978302002,7.5650856494903564,-0.663648339339218,2.3285510289789304e-05,,-4.4186413288116455,4.4186413288116455,False,True,partial,partial,False,False
P07759_260.0,0.0,0.0,0.0,,,0.0,0.0,True,False,0,0,False,False
P07901_421.0,41.94853909810384,43.621826171875,0.056429599650288334,0.5435492879648254,,1.6732870737711565,1.6732870737711565,False,True,partial,partial,False,False
P07901_482.0,0.0,0.0,0.0,,,0.0,0.0,True,False,0,0,False,False
P07901_530.0,0.0,0.0,0.0,,,0.0,0.0,True,False,0,0,False,False
P07901_598.0,0.0,0.0,0.0,,,0.0,0.0,True,False,0,0,False,False
P07901_599.0,0.0,0.0,0.0,,,0.0,0.0,True,False,0,0,False,False
P07903_274.0,0.0,0.0,0.0,,,0.0,0.0,True,False,0,0,False,False
P07903_33.0,0.0,0.0,0.0,,,0.0,0.0,True,False,0,0,False,False
P07934_173.0,0.0,0.0,0.0,,,0.0,0.0,True,False,0,0,False,False
P08030_153.0,0.0,0.0,0.0,,,0.0,0.0,True,False,0,0,False,False
P08032_1248.0,0.0,0.0,0.0,,,0.0,0.0,True,False,0,0,False,False
P08032_1569.0,0.0,0.0,0.0,,,0.0,0.0,True,False,0,0,False,False
P08032_963.0,16.666666666666668,16.666666666666668,0.0,1.0,,0.0,0.0,True,False,partial,partial,False,False
P08113_645.0,51.58734321594238,35.2441775004069,-0.5496322112264499,0.20539693869133172,,-16.343165715535484,16.343165715535484,False,True,partial,partial,False,False
P08122_1532.0,0.0,0.0,0.0,,,0.0,0.0,True,False,0,0,False,False
P08122_1653.0,0.0,0.0,0.0,,,0.0,0.0,True,False,0,0,False,False
P08122_1660.0,0.0,0.0,0.0,,,0.0,0.0,True,False,0,0,False,False
P08122_42.0,0.0,0.0,0.0,,,0.0,0.0,True,False,0,0,False,False
P08228_147.0,3.615431308746338,0.0,-31.7515206204751,0.17835696818077076,,-3.615431308746338,3.615431308746338,False,True,partial,0,False,False
P08249_212.0,5.013303120930989,4.093100945154826,-0.29256721946665737,0.01224956469725168,,-0.9202021757761631,0.9202021757761631,False,True,partial,partial,False,False
P08249_275.0,2.176966150601705,2.6208435893058777,0.2677122813719988,0.5590827520550244,,0.4438774387041726,0.4438774387041726,False,True,partial,partial,False,False
P08249_285.0,0.07036322355270386,0.0,-26.068318263274936,0.21235079841451868,,-0.07036322355270386,0.07036322355270386,False,True,partial,0,False,False
P08249_89.0,3.640003283818563,2.790042002995809,-0.38365291039707206,0.05809919870768848,,-0.8499612808227539,0.8499612808227539,False,True,partial,partial,False,False
P08249_93.0,0.0,0.0,0.0,,,0.0,0.0,True,False,0,0,False,False
P08414_198.0,0.0,0.0,0.0,,,0.0,0.0,True,False,0,0,False,False
P08414_204.0,0.0,0.0,0.0,,,0.0,0.0,True,False,0,0,False,False
P08551_323.0,0.0,0.0,0.0,,,0.0,0.0,True,False,0,0,False,False
P08553_277.0,0.0,0.0,0.0,,,0.0,0.0,True,False,0,0,False,False
P08607_240.0,0.0,0.0,0.0,,,0.0,0.0,True,False,0,0,False,False
P08752_112.0,0.0,0.0,0.0,,,0.0,0.0,True,False,0,0,False,False
P08752_140.0,0.0,0.0,0.0,,,0.0,0.0,True,False,0,0,False,False
P08752_255.0,0.0,0.0,0.0,,,0.0,0.0,True,False,0,0,False,False
P08752_287.0,0.0,0.0,0.0,,,0.0,0.0,True,False,0,0,False,False
P08752_326.0,0.0,0.0,0.0,,,0.0,0.0,True,False,0,0,False,False
P08752_66.0,0.0,0.0,0.0,,,0.0,0.0,True,False,0,0,False,False
P08775_148.0,0.0,0.0,0.0,,,0.0,0.0,True,False,0,0,False,False
P08775_154.0,0.0,0.0,0.0,,,0.0,0.0,True,False,0,0,False,False
P08775_233.0,0.0,0.0,0.0,,,0.0,0.0,True,False,0,0,False,False
P08775_981.0,0.0,0.0,0.0,,,0.0,0.0,True,False,0,0,False,False
P09055_464.0,0.0,0.0,0.0,,,0.0,0.0,True,False,0,0,False,False
P09055_553.0,0.0,0.0,0.0,,,0.0,0.0,True,False,0,0,False,False
P09055_691.0,15.261674324671427,12.28913696606954,-0.3125296431565581,0.3171970726873608,,-2.972537358601887,2.972537358601887,False,True,partial,partial,False,False
P09055_75.0,22.045509338378906,6.718409538269043,-1.714293162521177,0.0035063338040505214,,-15.327099800109863,15.327099800109863,False,True,partial,partial,False,False
P09103_314.0,0.0,0.0,0.0,,,0.0,0.0,True,False,0,0,False,False
P09103_345.0,0.0,0.0,0.0,,,0.0,0.0,True,False,0,0,False,False
P09405_544.0,0.0,0.0,0.0,,,0.0,0.0,True,False,0,0,False,False
P09411_316.0,1.445596198240916,2.1784823735555015,0.5916588227006457,0.22217065236505945,,0.7328861753145854,0.7328861753145854,False,True,partial,partial,False,False
P09411_367.0,0.0,0.0,0.0,,,0.0,0.0,True,False,0,0,False,False
P09411_379.0,0.0,0.0,0.0,,,0.0,0.0,True,False,0,0,False,False
P09411_50.0,1.9339592854181926,1.3639997839927673,-0.5037140066645968,0.4675504482003324,,-0.5699595014254253,0.5699595014254253,False,True,partial,partial,False,False
P09411_99.0,0.13455477356910706,1.2285151084264119,3.190650111535677,0.07494125393288775,,1.0939603348573048,1.0939603348573048,False,True,partial,partial,False,False
P09470_1106.0,0.0,0.0,0.0,,,0.0,0.0,True,False,0,0,False,False
P09470_170.0,0.0,0.0,0.0,,,0.0,0.0,True,False,0,0,False,False
P09470_508.0,0.0,0.0,0.0,,,0.0,0.0,True,False,0,0,False,False
P09470_562.0,0.0,0.0,0.0,,,0.0,0.0,True,False,0,0,False,False
P09470_582.0,0.0,0.0,0.0,,,0.0,0.0,True,False,0,0,False,False
P09528_103.0,0.0,0.0,0.0,,,0.0,0.0,True,False,0,0,False,False
P09528_131.0,0.9201499621073405,0.0,-29.777293765268787,0.36321746764912255,,-0.9201499621073405,0.9201499621073405,False,True,partial,0,False,False
P09541_74.0,0.0,0.0,0.0,,,0.0,0.0,True,False,0,0,False,False
P0C0A3_110.0,0.0,0.0,0.0,,,0.0,0.0,True,False,0,0,False,False
P0C192_219.0,0.0,0.0,0.0,,,0.0,0.0,True,False,0,0,False,False
P0C192_342.0,16.885850588480633,13.806740760803223,-0.2904420587145493,0.6277327657606954,,-3.07910982767741,3.07910982767741,False,True,partial,partial,False,False
P0C192_680.0,0.0,0.0,0.0,,,0.0,0.0,True,False,0,0,False,False
P0C605_43.0,0.0,0.0,0.0,,,0.0,0.0,True,False,0,0,False,False
P0C605_519.0,0.0,0.0,0.0,,,0.0,0.0,True,False,0,0,False,False
P0C7L0_317.0,0.0,0.0,0.0,,,0.0,0.0,True,False,0,0,False,False
P0C7M9_125.0,100.0,100.0,0.0,,,0.0,0.0,True,False,100,100,False,False
P0C7M9_197.0,0.0,0.0,0.0,,,0.0,0.0,True,False,0,0,False,False
P0CG14_173.0,0.0,0.0,0.0,,,0.0,0.0,True,False,0,0,False,False
P0CW02_53.0,0.0,0.0,0.0,,,0.0,0.0,True,False,0,0,False,False
P0DP60_39.0,0.0,0.0,0.0,,,0.0,0.0,True,False,0,0,False,False
P0DP60_64.0,0.0,0.0,0.0,,,0.0,0.0,True,False,0,0,False,False
P0DP60_68.0,0.0,0.0,0.0,,,0.0,0.0,True,False,0,0,False,False
P0DW87_336.0,0.0,0.0,0.0,,,0.0,0.0,True,False,0,0,False,False
P10107_189.0,0.0,0.0,0.0,,,0.0,0.0,True,False,0,0,False,False
P10126_234.0,0.0,0.0,0.0,,,0.0,0.0,True,False,0,0,False,False
P10126_411.0,0.0,0.0,0.0,,,0.0,0.0,True,False,0,0,False,False
P10493_1133.0,21.014296372731526,4.635398228963216,-2.180605959104208,0.0016374372754181753,,-16.37889814376831,16.37889814376831,False,True,partial,partial,False,False
P10493_423.0,20.984553972880047,8.873618284861246,-1.2417333995393671,0.0722673637471495,,-12.1109356880188,12.1109356880188,False,True,partial,partial,False,False
P10493_734.0,0.0,0.0,0.0,,,0.0,0.0,True,False,0,0,False,False
P10493_804.0,25.583620230356853,3.2276557286580405,-2.986661818175508,0.03001217163011408,,-22.355964501698814,22.355964501698814,False,True,partial,partial,False,False
P10518_162.0,9.101431528727213,3.132162094116211,-1.5389346025350896,0.40615392226331637,,-5.969269434611002,5.969269434611002,False,True,partial,partial,False,False
P10518_203.0,0.0,0.0,0.0,,,0.0,0.0,True,False,0,0,False,False
P10518_75.0,0.0,0.0,0.0,,,0.0,0.0,True,False,0,0,False,False
P10605_105.0,0.0,0.0,0.0,,,0.0,0.0,True,False,0,0,False,False
P10605_122.0,0.0,0.0,0.0,,,0.0,0.0,True,False,0,0,False,False
P10605_211.0,26.542327245076496,20.19483534495036,-0.39430848916168326,0.034434798544678236,,-6.347491900126137,6.347491900126137,False,True,partial,partial,False,False
P10605_319.0,0.0,0.0,0.0,,,0.0,0.0,True,False,0,0,False,False
P10605_59.0,0.0,0.0,0.0,,,0.0,0.0,True,False,0,0,False,False
P10605_93.0,15.885958989461264,10.476946671803793,-0.6005338548072104,3.958893712179037e-05,,-5.409012317657471,5.409012317657471,False,True,partial,partial,False,False
P10637_151.0,0.0,0.0,0.0,,,0.0,0.0,True,False,0,0,False,False
P10637_614.0,0.0,0.0,0.0,,,0.0,0.0,True,False,0,0,False,False
P10639_32.0,0.0,0.0,0.0,,,0.0,0.0,True,False,0,0,False,False
P10639_46.0,0.0,0.0,0.0,,,0.0,0.0,True,False,0,0,False,False
P10639_73.0,0.0,0.0,0.0,,,0.0,0.0,True,False,0,0,False,False
P10649_115.0,0.0,0.0,0.0,,,0.0,0.0,True,False,0,0,False,False
P10649_174.0,9.231822967529297,5.495613694190979,-0.7483349628825079,0.02792154756343361,,-3.736209273338318,3.736209273338318,False,True,partial,partial,False,False
P10711_212.0,0.0,0.0,0.0,,,0.0,0.0,True,False,0,0,False,False
P10711_263.0,0.0,0.0,0.0,,,0.0,0.0,True,False,0,0,False,False
P10711_271.0,1.306868076324463,0.0,-30.283466368650092,0.36321746764912255,,-1.306868076324463,1.306868076324463,False,True,partial,0,False,False
P10711_291.0,0.0,0.0,0.0,,,0.0,0.0,True,False,0,0,False,False
P10833_70.0,0.0,0.0,0.0,,,0.0,0.0,True,False,0,0,False,False
P11103_295.0,0.0,0.0,0.0,,,0.0,0.0,True,False,0,0,False,False
P11103_298.0,0.0,0.0,0.0,,,0.0,0.0,True,False,0,0,False,False
P11103_311.0,0.0,0.0,0.0,,,0.0,0.0,True,False,0,0,False,False
P11214_490.0,0.0,0.0,0.0,,,0.0,0.0,True,False,0,0,False,False
P11276_124.0,0.0,0.0,0.0,,,0.0,0.0,True,False,0,0,False,False
P11276_374.0,0.0,0.0,0.0,,,0.0,0.0,True,False,0,0,False,False
P11276_508.0,0.0,0.0,0.0,,,0.0,0.0,True,False,0,0,False,False
P11352_154.0,0.0,0.0,0.0,,,0.0,0.0,True,False,0,0,False,False
P11352_76.0,12.013443946838379,6.209021091461182,-0.9522120564431125,0.10116949629099636,,-5.804422855377197,5.804422855377197,False,True,partial,partial,False,False
P11438_327.0,33.48457113901774,13.722946325937906,-1.2869062280970043,0.0003437297018272727,,-19.761624813079834,19.761624813079834,False,True,partial,partial,False,False
P11499_412.0,12.407209555308023,9.720996379852295,-0.35200258298910847,0.26959199018008095,,-2.6862131754557286,2.6862131754557286,False,True,partial,partial,False,False
P11499_521.0,0.0,0.0,0.0,,,0.0,0.0,True,False,0,0,False,False
P11499_589.0,0.0,0.0,0.0,,,0.0,0.0,True,False,0,0,False,False
P11531_1042.0,0.0,0.0,0.0,,,0.0,0.0,True,False,0,0,False,False
P11531_3200.0,0.0,0.0,0.0,,,0.0,0.0,True,False,0,0,False,False
P11531_3222.0,0.0,0.0,0.0,,,0.0,0.0,True,False,0,0,False,False
P11531_3353.0,0.0,0.0,0.0,,,0.0,0.0,True,False,0,0,False,False
P11627_353.0,15.525402069091797,6.933352867762248,-1.1630055386251632,0.10771181777963323,,-8.592049201329548,8.592049201329548,False,True,partial,partial,False,False
P11798_280.0,3.084551970163981,3.8094646334648132,0.3045273076684864,0.4369541869729203,,0.7249126633008323,0.7249126633008323,False,True,partial,partial,False,False
P11798_289.0,0.0,0.0,0.0,,,0.0,0.0,True,False,0,0,False,False
P11798_373.0,0.0,0.0,0.0,,,0.0,0.0,True,False,0,0,False,False
P11798_428.0,0.0,0.0,0.0,,,0.0,0.0,True,False,0,0,False,False
P11835_401.0,0.0,0.0,0.0,,,0.0,0.0,True,False,0,0,False,False
P11835_482.0,0.0,0.0,0.0,,,0.0,0.0,True,False,0,0,False,False
P11881_1187.0,0.0,0.0,0.0,,,0.0,0.0,True,False,0,0,False,False
P11881_1245.0,0.0,0.0,0.0,,,0.0,0.0,True,False,0,0,False,False
P11881_1396.0,0.0,0.0,0.0,,,0.0,0.0,True,False,0,0,False,False
P11881_1414.0,0.0,0.0,0.0,,,0.0,0.0,True,False,0,0,False,False
P11881_1458.0,0.0,0.0,0.0,,,0.0,0.0,True,False,0,0,False,False
P11881_1461.0,0.0,0.0,0.0,,,0.0,0.0,True,False,0,0,False,False
P11881_1521.0,0.0,0.0,0.0,,,0.0,0.0,True,False,0,0,False,False
P11881_1535.0,0.0,0.0,0.0,,,0.0,0.0,True,False,0,0,False,False
P11881_1796.0,0.0,0.0,0.0,,,0.0,0.0,True,False,0,0,False,False
P11881_1976.0,0.0,0.0,0.0,,,0.0,0.0,True,False,0,0,False,False
P11881_2268.0,0.0,0.0,0.0,,,0.0,0.0,True,False,0,0,False,False
P11881_2496.0,0.0,0.0,0.0,,,0.0,0.0,True,False,0,0,False,False
P11881_253.0,0.0,0.0,0.0,,,0.0,0.0,True,False,0,0,False,False
P11881_2610.0,0.0,0.0,0.0,,,0.0,0.0,True,False,0,0,False,False
P11881_292.0,0.0,0.0,0.0,,,0.0,0.0,True,False,0,0,False,False
P11881_37.0,0.0,0.0,0.0,,,0.0,0.0,True,False,0,0,False,False
P11881_530.0,0.0,0.0,0.0,,,0.0,0.0,True,False,0,0,False,False
P11881_638.0,1.3892173369725545,1.7161062558492024,0.3048665621986909,0.7582524401119987,,0.32688891887664795,0.32688891887664795,False,True,partial,partial,False,False
P11881_653.0,0.0,0.0,0.0,,,0.0,0.0,True,False,0,0,False,False
P11881_767.0,0.0,0.0,0.0,,,0.0,0.0,True,False,0,0,False,False
P11983_147.0,0.0,0.0,0.0,,,0.0,0.0,True,False,0,0,False,False
P11983_218.0,0.0,0.0,0.0,,,0.0,0.0,True,False,0,0,False,False
P11983_236.0,0.0,0.0,0.0,,,0.0,0.0,True,False,0,0,False,False
P11983_357.0,0.0,0.0,0.0,,,0.0,0.0,True,False,0,0,False,False
P11983_385.0,0.0,0.0,0.0,,,0.0,0.0,True,False,0,0,False,False
P11983_397.0,0.8187100887298584,0.8412718772888184,0.0392194441110741,0.9821985936492942,,0.02256178855895996,0.02256178855895996,False,True,partial,partial,False,False
P11983_76.0,0.0,0.0,0.0,,,0.0,0.0,True,False,0,0,False,False
P12023_117.0,0.0,3.4562559127807617,31.6865628978399,0.36321746764912255,,3.4562559127807617,3.4562559127807617,False,True,0,partial,False,False
P12023_174.0,18.517202218373615,15.239897886912027,-0.2810129006260381,0.018332401868883734,,-3.277304331461588,3.277304331461588,False,True,partial,partial,False,False
P12025_58.0,0.0,0.0,0.0,,,0.0,0.0,True,False,0,0,False,False
P12025_91.0,0.0,0.0,0.0,,,0.0,0.0,True,False,0,0,False,False
P12265_392.0,0.0,0.0,0.0,,,0.0,0.0,True,False,0,0,False,False
P12367_131.0,0.0,0.0,0.0,,,0.0,0.0,True,False,0,0,False,False
P12367_327.0,0.0,0.0,0.0,,,0.0,0.0,True,False,0,0,False,False
P12367_371.0,0.0,0.0,0.0,,,0.0,0.0,True,False,0,0,False,False
P12367_98.0,0.0,0.0,0.0,,,0.0,0.0,True,False,0,0,False,False
P12382_630.0,0.0,0.0,0.0,,,0.0,0.0,True,False,0,0,False,False
P12382_708.0,1.8570011655489604,0.2659432291984558,-2.803784503999317,0.010285276603920222,,-1.5910579363505046,1.5910579363505046,False,True,partial,partial,False,False
P12658_100.0,0.0,0.0,0.0,,,0.0,0.0,True,False,0,0,False,False
P12849_18.0,0.0,0.0,0.0,,,0.0,0.0,True,False,0,0,False,False
P12849_362.0,0.0,0.0,0.0,,,0.0,0.0,True,False,0,0,False,False
P12849_75.0,0.0,0.0,0.0,,,0.0,0.0,True,False,0,0,False,False
P12960_114.0,0.0,0.0,0.0,,,0.0,0.0,True,False,0,0,False,False
P12960_158.0,21.211785952250164,11.76117197672526,-0.8508342664536969,0.3748322528060778,,-9.450613975524904,9.450613975524904,False,True,partial,partial,False,False
P12960_310.0,42.0801944732666,26.482417424519856,-0.6681065487058594,0.00032712287325647847,,-15.597777048746746,15.597777048746746,False,True,partial,partial,False,False
P12960_436.0,0.0,0.0,0.0,,,0.0,0.0,True,False,0,0,False,False
P12960_484.0,18.239885648091633,4.311281522115071,-2.080908007378096,0.00330993518221219,,-13.928604125976562,13.928604125976562,False,True,partial,partial,False,False
P12970_182.0,0.0,0.0,0.0,,,0.0,0.0,True,False,0,0,False,False
P12970_199.0,1.53928542137146,0.0,-30.519613622533825,0.081693703354372,,-1.53928542137146,1.53928542137146,False,True,partial,0,False,False
P13011_355.0,0.0,0.0,0.0,,,0.0,0.0,True,False,0,0,False,False
P13020_329.0,0.0,0.0,0.0,,,0.0,0.0,True,False,0,0,False,False
P13439_174.0,0.0,0.0,0.0,,,0.0,0.0,True,False,0,0,False,False
P13439_278.0,0.0,0.0,0.0,,,0.0,0.0,True,False,0,0,False,False
P13595_288.0,38.980414072672524,24.45633316040039,-0.6725413049819584,3.8849473126600494e-07,,-14.524080912272133,14.524080912272133,False,True,partial,partial,False,False
P13595_41.0,22.96324634552002,13.034415086110434,-0.8170007681601041,1.0178382038586261e-10,,-9.928831259409586,9.928831259409586,False,True,partial,partial,False,False
P13597_239.0,0.0,0.0,0.0,,,0.0,0.0,True,False,0,0,False,False
P13707_162.0,0.0,0.0,0.0,,,0.0,0.0,True,False,0,0,False,False
P13707_168.0,0.0,0.0,0.0,,,0.0,0.0,True,False,0,0,False,False
P13707_200.0,0.0,0.0,0.0,,,0.0,0.0,True,False,0,0,False,False
P13707_329.0,0.6120180288950602,2.4810715913772583,2.019317305326141,0.048423792582992564,,1.8690535624821982,1.8690535624821982,False,True,partial,partial,False,False
P13707_341.0,0.0,0.0,0.0,,,0.0,0.0,True,False,0,0,False,False
P13707_7.0,36.856824239095054,42.810376485188804,0.21602875621363796,0.0021667206496784126,,5.95355224609375,5.95355224609375,False,True,partial,partial,False,False
P13864_232.0,0.0,0.0,0.0,,,0.0,0.0,True,False,0,0,False,False
P13864_62.0,0.0,0.0,0.0,,,0.0,0.0,True,False,0,0,False,False
P14094_126.0,46.78679529825846,39.06660270690918,-0.2601656114888715,0.0004193287577239241,,-7.7201925913492815,7.7201925913492815,False,True,partial,partial,False,False
P14094_175.0,18.7836701075236,11.218209902445475,-0.7436364936102191,3.190936999084106e-06,,-7.565460205078127,7.565460205078127,False,True,partial,partial,False,False
P14094_214.0,17.40385341644287,13.162342071533203,-0.40299054978273785,0.003311515985078233,,-4.241511344909668,4.241511344909668,False,True,partial,partial,False,False
P14106_179.0,0.0,0.0,0.0,,,0.0,0.0,True,False,0,0,False,False
P14115_144.0,0.0,0.0,0.0,,,0.0,0.0,True,False,0,0,False,False
P14115_70.0,0.0,0.0,0.0,,,0.0,0.0,True,False,0,0,False,False
P14131_25.0,0.0,0.0,0.0,,,0.0,0.0,True,False,0,0,False,False
P14152_137.0,5.159771243731181,3.2958448628584542,-0.6466587699265359,0.08615036798682134,,-1.8639263808727269,1.8639263808727269,False,True,partial,partial,False,False
P14152_154.0,17.55206831296285,2.7052156130472818,-2.6978255549396244,0.3369246901362296,,-14.846852699915567,14.846852699915567,False,True,partial,partial,False,False
P14206_148.0,0.0,0.0,0.0,,,0.0,0.0,True,False,0,0,False,False
P14206_163.0,4.534201741218567,2.6120490630467734,-0.7956665866220076,0.1474118557266814,,-1.9221526781717935,1.9221526781717935,False,True,partial,partial,False,False
P14211_105.0,26.805413564046223,17.13632869720459,-0.6454663354413359,0.01663263360139813,,-9.669084866841633,9.669084866841633,False,True,partial,partial,False,False
P14211_137.0,23.937472979227703,15.514197190602621,-0.6256818144744825,3.9360100049461897e-07,,-8.423275788625082,8.423275788625082,False,True,partial,partial,False,False
P14231_10.0,1.8307324250539143,1.0742888450622559,-0.7690390012804432,0.59311897503879,,-0.7564435799916585,0.7564435799916585,False,True,partial,partial,False,False
P14231_129.0,15.753759066263834,9.593606313069662,-0.715550973879389,0.0002562968201339884,,-6.160152753194172,6.160152753194172,False,True,partial,partial,False,False
P14231_261.0,11.555079778035482,9.353585322697958,-0.30493584485040925,0.018077167251035267,,-2.2014944553375244,2.2014944553375244,False,True,partial,partial,False,False
P14576_133.0,0.0,0.0,0.0,,,0.0,0.0,True,False,0,0,False,False
P14733_199.0,0.0,0.0,0.0,,,0.0,0.0,True,False,0,0,False,False
P14824_114.0,0.0,0.0,0.0,,,0.0,0.0,True,False,0,0,False,False
P14824_358.0,3.489726185798645,2.1811116139094033,-0.6780502436979925,0.2455949311884661,,-1.3086145718892417,1.3086145718892417,False,True,partial,partial,False,False
P14824_552.0,0.0,0.0,0.0,,,0.0,0.0,True,False,0,0,False,False
P14824_59.0,0.0,0.0,0.0,,,0.0,0.0,True,False,0,0,False,False
P14824_669.0,0.0,0.0,0.0,,,0.0,0.0,True,False,0,0,False,False
P14824_96.0,0.0,0.0,0.0,,,0.0,0.0,True,False,0,0,False,False
P14869_119.0,0.0,0.0,0.0,,,0.0,0.0,True,False,0,0,False,False
P14869_226.0,21.719404220581055,41.9920285542806,0.9511309541653812,0.3172650546298874,,20.272624333699547,20.272624333699547,False,True,partial,partial,False,False
P14869_27.0,0.0,0.0,0.0,,,0.0,0.0,True,False,0,0,False,False
P14873_1224.0,0.0,0.0,0.0,,,0.0,0.0,True,False,0,0,False,False
P14873_1305.0,0.0,0.0,0.0,,,0.0,0.0,True,False,0,0,False,False
P14873_1609.0,0.0,0.0,0.0,,,0.0,0.0,True,False,0,0,False,False
P14873_190.0,0.0,0.0,0.0,,,0.0,0.0,True,False,0,0,False,False
P14873_1913.0,0.7088854114214579,1.2590879301230113,0.828754692898369,0.4278775032748233,,0.5502025187015535,0.5502025187015535,False,True,partial,partial,False,False
P14873_1936.0,2.853323539098104,3.327632466952006,0.22185275449386863,0.25090249695910233,,0.4743089278539019,0.4743089278539019,False,True,partial,partial,False,False
P14873_2037.0,3.476577639579773,1.1456212600072224,-1.601537636626326,0.04801701141141608,,-2.3309563795725508,2.3309563795725508,False,True,partial,partial,False,False
P14873_2079.0,0.0,0.0,0.0,,,0.0,0.0,True,False,0,0,False,False
P14873_2357.0,0.0,0.0,0.0,,,0.0,0.0,True,False,0,0,False,False
P14873_382.0,0.0,0.0,0.0,,,0.0,0.0,True,False,0,0,False,False
P14873_73.0,0.0,0.0,0.0,,,0.0,0.0,True,False,0,0,False,False
P15105_183.0,3.2382503350575766,3.490928848584493,0.10839643400132036,0.8470295662257515,,0.2526785135269165,0.2526785135269165,False,True,partial,partial,False,False
P15105_209.0,4.837681611378987,2.3346376419067383,-1.051117174920198,0.5320502790403017,,-2.503043969472249,2.503043969472249,False,True,partial,partial,False,False
P15105_229.0,1.663717786471049,3.2564436992009482,0.9688865512432766,0.17686978599632758,,1.5927259127298992,1.5927259127298992,False,True,partial,partial,False,False
P15105_252.0,0.0,0.0,0.0,,,0.0,0.0,True,False,0,0,False,False
P15105_269.0,0.0,0.0,0.0,,,0.0,0.0,True,False,0,0,False,False
P15105_346.0,1.9096794923146565,1.4264251192410786,-0.42092651209470605,0.0018268932204512714,,-0.4832543730735779,0.4832543730735779,False,True,partial,partial,False,False
P15105_359.0,14.23599131902059,11.065825939178467,-0.3634318221078703,0.22039964267212445,,-3.170165379842123,3.170165379842123,False,True,partial,partial,False,False
P15105_49.0,0.0,0.0,0.0,,,0.0,0.0,True,False,0,0,False,False
P15105_99.0,3.4578529993693032,2.4362224340438843,-0.5052306766747431,0.00016885875787054939,,-1.021630565325419,1.021630565325419,False,True,partial,partial,False,False
P15208_1262.0,0.0,0.0,0.0,,,0.0,0.0,True,False,0,0,False,False
P15208_196.0,0.0,0.0,0.0,,,0.0,0.0,True,False,0,0,False,False
P15208_815.0,0.0,0.0,0.0,,,0.0,0.0,True,False,0,0,False,False
P15209_176.0,35.402079264322914,24.779624938964844,-0.5146797451348942,0.00014750312605696136,,-10.62245432535807,10.62245432535807,False,True,partial,partial,False,False
P15209_194.0,0.0,0.0,0.0,,,0.0,0.0,True,False,0,0,False,False
P15209_45.0,0.0,0.0,0.0,,,0.0,0.0,True,False,0,0,False,False
P15209_681.0,0.0,0.0,0.0,,,0.0,0.0,True,False,0,0,False,False
P15209_764.0,0.0,0.0,0.0,,,0.0,0.0,True,False,0,0,False,False
P15261_128.0,0.0,0.0,0.0,,,0.0,0.0,True,False,0,0,False,False
P15327_145.0,0.0,0.0,0.0,,,0.0,0.0,True,False,0,0,False,False
P15327_23.0,0.0,0.0,0.0,,,0.0,0.0,True,False,0,0,False,False
P15331_148.0,0.0,0.0,0.0,,,0.0,0.0,True,False,0,0,False,False
P15379_760.0,0.0,0.0,0.0,,,0.0,0.0,True,False,0,0,False,False
P15388_488.0,40.085418701171875,30.722623825073242,-0.38377611079112023,0.48729339442917974,,-9.362794876098633,9.362794876098633,False,True,partial,partial,False,False
P15508_1159.0,5.3023362159729,4.104798475901286,-0.3693167579390806,0.7837742885894272,,-1.1975377400716143,1.1975377400716143,False,True,partial,partial,False,False
P15508_1275.0,0.0,0.0,0.0,,,0.0,0.0,True,False,0,0,False,False
P15508_1544.0,0.0,0.0,0.0,,,0.0,0.0,True,False,0,0,False,False
P15508_1883.0,0.0,0.0,0.0,,,0.0,0.0,True,False,0,0,False,False
P15508_1953.0,0.0,0.0,0.0,,,0.0,0.0,True,False,0,0,False,False
P15508_595.0,0.0,0.0,0.0,,,0.0,0.0,True,False,0,0,False,False
P15508_610.0,24.480668703715008,35.36403592427572,0.5306399652050549,0.30230523997005193,,10.88336722056071,10.88336722056071,False,True,partial,partial,False,False
P15508_952.0,0.0,0.0,0.0,,,0.0,0.0,True,False,0,0,False,False
P15508_955.0,0.0,0.0,0.0,,,0.0,0.0,True,False,0,0,False,False
P15532_109.0,2.3041829466819763,1.8655500809351604,-0.30465417774724407,0.08285611102537999,,-0.4386328657468159,0.4386328657468159,False,True,partial,partial,False,False
P15532_145.0,0.0,0.0,0.0,,,0.0,0.0,True,False,0,0,False,False
P15626_115.0,0.0,0.0,0.0,,,0.0,0.0,True,False,0,0,False,False
P15946_173.0,0.0,0.0,0.0,,,0.0,0.0,True,False,0,0,False,False
P15946_198.0,20.50358708699544,5.054829915364583,-2.0201418756636413,0.004371389416576251,,-15.44875717163086,15.44875717163086,False,True,partial,partial,False,False
P16014_57.0,0.0,0.0,0.0,,,0.0,0.0,True,False,0,0,False,False
P16015_182.0,0.0,0.0,0.0,,,0.0,0.0,True,False,0,0,False,False
P16045_43.0,0.0,0.0,0.0,,,0.0,0.0,True,False,0,0,False,False
P16045_61.0,0.0,0.0,0.0,,,0.0,0.0,True,False,0,0,False,False
P16054_13.0,5.4499467213948565,0.0,-32.343594980442354,0.36321746764912255,,-5.4499467213948565,5.4499467213948565,False,True,partial,0,False,False
P16054_183.0,0.0,0.0,0.0,,,0.0,0.0,True,False,0,0,False,False
P16054_284.0,0.0,0.0,0.0,,,0.0,0.0,True,False,0,0,False,False
P16054_352.0,0.0,0.0,0.0,,,0.0,0.0,True,False,0,0,False,False
P16054_452.0,0.0,0.0,0.0,,,0.0,0.0,True,False,0,0,False,False
P16054_546.0,0.0,0.0,0.0,,,0.0,0.0,True,False,0,0,False,False
P16054_554.0,1.389638106028239,0.6850281159083048,-1.0204741120030572,0.06821559279866453,,-0.7046099901199342,0.7046099901199342,False,True,partial,partial,False,False
P16054_652.0,0.0,0.0,0.0,,,0.0,0.0,True,False,0,0,False,False
P16054_74.0,0.0,0.0,0.0,,,0.0,0.0,True,False,0,0,False,False
P16283_236.0,0.0,0.0,0.0,,,0.0,0.0,True,False,0,0,False,False
P16305_156.0,0.0,0.0,0.0,,,0.0,0.0,True,False,0,0,False,False
P16305_170.0,0.0,0.0,0.0,,,0.0,0.0,True,False,0,0,False,False
P16330_111.0,1.0745848268270493,0.791548582414786,-0.4410295662771671,0.2809760620644493,,-0.28303624441226327,0.28303624441226327,False,True,partial,partial,False,False
P16330_251.0,3.020686705907186,2.3127079606056213,-0.3852934610680544,0.03866442027599761,,-0.7079787453015647,0.7079787453015647,False,True,partial,partial,False,False
P16330_49.0,0.0,0.0,0.0,,,0.0,0.0,True,False,0,0,False,False
P16332_349.0,21.083977381388348,35.20347595214844,0.7395708364987958,0.26727899814857126,,14.11949857076009,14.11949857076009,False,True,partial,partial,False,False
P16332_469.0,0.0,0.0,0.0,,,0.0,0.0,True,False,0,0,False,False
P16388_243.0,0.0,0.0,0.0,,,0.0,0.0,True,False,0,0,False,False
P16388_35.0,0.0,0.0,0.0,,,0.0,0.0,True,False,0,0,False,False
P16388_478.0,0.0,0.0,0.0,,,0.0,0.0,True,False,0,0,False,False
P16390_76.0,0.0,0.0,0.0,,,0.0,0.0,True,False,0,0,False,False
P16406_744.0,0.0,0.0,0.0,,,0.0,0.0,True,False,0,0,False,False
P16460_132.0,1.1874031225840251,3.221830447514852,1.4400707596460658,0.17601614314662975,,2.034427324930827,2.034427324930827,False,True,partial,partial,False,False
P16460_331.0,0.0,0.0,0.0,,,0.0,0.0,True,False,0,0,False,False
P16546_1314.0,0.0,0.0,0.0,,,0.0,0.0,True,False,0,0,False,False
P16546_1444.0,0.0,0.0,0.0,,,0.0,0.0,True,False,0,0,False,False
P16546_1454.0,1.6264007687568665,0.9548547466595968,-0.7683296106769781,0.1801357505857117,,-0.6715460220972697,0.6715460220972697,False,True,partial,partial,False,False
P16546_158.0,3.2709025144577026,0.6038768291473389,-2.4373625375124046,0.03024759477662065,,-2.6670256853103638,2.6670256853103638,False,True,partial,partial,False,False
P16546_1622.0,1.67716117699941,0.9547880093256632,-0.812768985857392,0.41060201857346434,,-0.7223731676737467,0.7223731676737467,False,True,partial,partial,False,False
P16546_1930.0,1.3837225238482158,0.7300558288892111,-0.9224759699894342,0.20948993591959236,,-0.6536666949590048,0.6536666949590048,False,True,partial,partial,False,False
P16546_2120.0,0.0,0.0,0.0,,,0.0,0.0,True,False,0,0,False,False
P16546_2233.0,0.0,7.509019215901692,32.805977337848894,0.17486418127780204,,7.509019215901692,7.509019215901692,False,True,0,partial,False,False
P16546_2441.0,0.6824357012907664,0.7465745309988657,0.12959316999155696,0.8612242333424981,,0.06413882970809937,0.06413882970809937,False,True,partial,partial,False,False
P16546_315.0,0.0,0.0,0.0,,,0.0,0.0,True,False,0,0,False,False
P16546_466.0,6.8716044425964355,4.8681721687316895,-0.4972667998164328,0.630653234648989,,-2.003432273864746,2.003432273864746,False,True,partial,partial,False,False
P16546_956.0,0.0,0.0,0.0,,,0.0,0.0,True,False,0,0,False,False
P16675_438.0,0.0,0.0,0.0,,,0.0,0.0,True,False,0,0,False,False
P16858_22.0,0.0,0.0,0.0,,,0.0,0.0,True,False,0,0,False,False
P16951_400.0,0.0,0.0,0.0,,,0.0,0.0,True,False,0,0,False,False
P16951_61.0,0.0,0.0,0.0,,,0.0,0.0,True,False,0,0,False,False
P17047_75.0,0.0,0.0,0.0,,,0.0,0.0,True,False,0,0,False,False
P17156_577.0,0.0,0.0,0.0,,,0.0,0.0,True,False,0,0,False,False
P17156_606.0,0.0,0.0,0.0,,,0.0,0.0,True,False,0,0,False,False
P17182_119.0,0.0,0.0,0.0,,,0.0,0.0,True,False,0,0,False,False
P17182_337.0,0.0,0.0,0.0,,,0.0,0.0,True,False,0,0,False,False
P17182_339.0,0.0,0.0,0.0,,,0.0,0.0,True,False,0,0,False,False
P17183_337.0,0.0,0.0,0.0,,,0.0,0.0,True,False,0,0,False,False
P17183_339.0,0.0,0.0,0.0,,,0.0,0.0,True,False,0,0,False,False
P17183_357.0,2.0547518134117126,1.9319385985533397,-0.08891490334464536,0.8669816102337949,,-0.12281321485837293,0.12281321485837293,False,True,partial,partial,False,False
P17426_171.0,2.0421958764394126,1.6735866864522297,-0.28717796828057435,0.22917034738916559,,-0.36860918998718284,0.36860918998718284,False,True,partial,partial,False,False
P17426_225.0,0.0,0.0,0.0,,,0.0,0.0,True,False,0,0,False,False
P17426_267.0,0.3935112953186035,0.27602618932724,-0.5115998895700218,0.7602320334341156,,-0.11748510599136353,0.11748510599136353,False,True,partial,partial,False,False
P17426_283.0,0.0,0.0,0.0,,,0.0,0.0,True,False,0,0,False,False
P17426_331.0,1.663757209976514,5.900760332743327,1.8264559437772012,0.2020957707674898,,4.237003122766813,4.237003122766813,False,True,partial,partial,False,False
P17426_354.0,0.26025893290837604,0.42478852967421216,0.7067971260142804,0.5226899970709622,,0.16452959676583612,0.16452959676583612,False,True,partial,partial,False,False
P17426_397.0,0.0,0.0,0.0,,,0.0,0.0,True,False,0,0,False,False
P17426_492.0,1.7999932765960693,1.5656809012095134,-0.20120130829631325,0.825904895930893,,-0.23431237538655592,0.23431237538655592,False,True,partial,partial,False,False
P17426_533.0,0.0,0.0,0.0,,,0.0,0.0,True,False,0,0,False,False
P17426_830.0,0.0,0.0,0.0,,,0.0,0.0,True,False,0,0,False,False
P17426_941.0,1.3548764685789745,1.1802219947179158,-0.19910306921335452,0.6428290332649078,,-0.1746544738610587,0.1746544738610587,False,True,partial,partial,False,False
P17426_970.0,0.0,0.0,0.0,,,0.0,0.0,True,False,0,0,False,False
P17427_134.0,0.0,0.0,0.0,,,0.0,0.0,True,False,0,0,False,False
P17427_267.0,2.190728704134623,2.439784129460653,0.15534266997810667,0.871765452821039,,0.24905542532602976,0.24905542532602976,False,True,partial,partial,False,False
P17427_282.0,1.9081637064615886,1.2827708721160889,-0.5729214489644945,0.3854770647835358,,-0.6253928343454997,0.6253928343454997,False,True,partial,partial,False,False
P17427_396.0,1.878064235051473,1.2753564914067586,-0.5583458378522137,0.6847344153845918,,-0.6027077436447144,0.6027077436447144,False,True,partial,partial,False,False
P17427_491.0,2.149181683858236,2.1380346616109214,-0.007502205931716234,0.9710699969216221,,-0.011147022247314453,0.011147022247314453,False,True,partial,partial,False,False
P17427_532.0,0.0,0.0,0.0,,,0.0,0.0,True,False,0,0,False,False
P17427_902.0,1.7890926003456116,1.4995614687601726,-0.25468739941410046,0.6275134776067512,,-0.28953113158543897,0.28953113158543897,False,True,partial,partial,False,False
P17427_931.0,0.0,0.0,0.0,,,0.0,0.0,True,False,0,0,False,False
P17439_145.0,0.0,0.0,0.0,,,0.0,0.0,True,False,0,0,False,False
P17563_268.0,0.0,0.0,0.0,,,0.0,0.0,True,False,0,0,False,False
P17563_31.0,0.0,0.0,0.0,,,0.0,0.0,True,False,0,0,False,False
P17563_371.0,0.0,0.0,0.0,,,0.0,0.0,True,False,0,0,False,False
P17563_466.0,0.0,0.0,0.0,,,0.0,0.0,True,False,0,0,False,False
P17563_8.0,0.0,0.0,0.0,,,0.0,0.0,True,False,0,0,False,False
P17563_80.0,0.0,0.0,0.0,,,0.0,0.0,True,False,0,0,False,False
P17710_214.0,0.0,0.0,0.0,,,0.0,0.0,True,False,0,0,False,False
P17710_312.0,0.0,0.0,0.0,,,0.0,0.0,True,False,0,0,False,False
P17710_424.0,0.0,0.0,0.0,,,0.0,0.0,True,False,0,0,False,False
P17710_662.0,0.0,0.0,0.0,,,0.0,0.0,True,False,0,0,False,False
P17710_669.0,0.0,0.0,0.0,,,0.0,0.0,True,False,0,0,False,False
P17710_684.0,16.2045442511638,6.16424020131429,-1.3944034602267865,0.15281402837381267,,-10.04030404984951,10.04030404984951,False,True,partial,partial,False,False
P17710_869.0,0.0,0.0,0.0,,,0.0,0.0,True,False,0,0,False,False
P17710_879.0,0.7067526976267496,0.7841020226478577,0.14983589643454634,0.8946670589076287,,0.07734932502110803,0.07734932502110803,False,True,partial,partial,False,False
P17710_890.0,2.821098526318868,2.4342909256617227,-0.21275545562097103,0.13702147796463285,,-0.3868076006571455,0.3868076006571455,False,True,partial,partial,False,False
P17710_942.0,0.0,0.0,0.0,,,0.0,0.0,True,False,0,0,False,False
P17742_115.0,3.83784019947052,3.6852879921595254,-0.058517276413465324,0.815206422995234,,-0.15255220731099461,0.15255220731099461,False,True,partial,partial,False,False
P17742_161.0,0.0,0.0,0.0,,,0.0,0.0,True,False,0,0,False,False
P17742_62.0,3.7060868740081787,3.754719853401184,0.01880856977202766,0.8961774090936838,,0.04863297939300537,0.04863297939300537,False,True,partial,partial,False,False
P17751_127.0,11.31054973602295,10.03364928563436,-0.17282263512423524,0.390369114936116,,-1.27690045038859,1.27690045038859,False,True,partial,partial,False,False
P17751_218.0,2.3347153663635254,2.1728501518567405,-0.10365799228847984,0.24447617660646642,,-0.16186521450678493,0.16186521450678493,False,True,partial,partial,False,False
P17751_67.0,3.8388670285542807,3.3736883401870728,-0.18635388437700254,0.5449560292121096,,-0.465178688367208,0.465178688367208,False,True,partial,partial,False,False
P17879_306.0,0.0,0.0,0.0,,,0.0,0.0,True,False,0,0,False,False
P17918_135.0,0.0,0.0,0.0,,,0.0,0.0,True,False,0,0,False,False
P17918_162.0,0.0,0.0,0.0,,,0.0,0.0,True,False,0,0,False,False
P18052_242.0,0.0,0.0,0.0,,,0.0,0.0,True,False,0,0,False,False
P18052_411.0,0.0,0.0,0.0,,,0.0,0.0,True,False,0,0,False,False
P18052_654.0,0.0,0.0,0.0,,,0.0,0.0,True,False,0,0,False,False
P18052_695.0,0.0,0.0,0.0,,,0.0,0.0,True,False,0,0,False,False
P18052_759.0,0.0,0.0,0.0,,,0.0,0.0,True,False,0,0,False,False
P18052_770.0,5.587395588556926,2.224402904510498,-1.328757840518416,0.35609577061941033,,-3.3629926840464277,3.3629926840464277,False,True,partial,partial,False,False
P18242_117.0,27.003740946451824,10.664859453837076,-1.3402943305592492,0.004716637501086275,,-16.338881492614746,16.338881492614746,False,True,partial,partial,False,False
P18242_284.0,16.14978249867757,8.037096977233887,-1.0067683401271748,0.3997072561635302,,-8.112685521443684,8.112685521443684,False,True,partial,partial,False,False
P18242_288.0,0.0,0.0,0.0,,,0.0,0.0,True,False,0,0,False,False
P18242_327.0,43.08303133646647,39.03307088216146,-0.1424227923320771,0.21565824964209707,,-4.049960454305008,4.049960454305008,False,True,partial,partial,False,False
P18572_203.0,29.41085720062256,21.63808536529541,-0.4427759845130026,1.2734019081223913e-06,,-7.772771835327148,7.772771835327148,False,True,partial,partial,False,False
P18581_454.0,0.0,0.0,0.0,,,0.0,0.0,True,False,0,0,False,False
P18653_421.0,0.0,0.0,0.0,,,0.0,0.0,True,False,0,0,False,False
P18653_541.0,0.0,0.0,0.0,,,0.0,0.0,True,False,0,0,False,False
P18653_564.0,0.0,0.0,0.0,,,0.0,0.0,True,False,0,0,False,False
P18760_139.0,15.394542694091797,9.992805480957031,-0.623457334931019,0.34948104232390664,,-5.401737213134766,5.401737213134766,False,True,partial,partial,False,False
P18760_39.0,2.0931970874468484,1.410222093264262,-0.5697857684269363,0.04306167788096052,,-0.6829749941825864,0.6829749941825864,False,True,partial,partial,False,False
P18760_80.0,0.0,0.0,0.0,,,0.0,0.0,True,False,0,0,False,False
P18826_1100.0,0.0,0.0,0.0,,,0.0,0.0,True,False,0,0,False,False
P18826_1203.0,0.0,0.0,0.0,,,0.0,0.0,True,False,0,0,False,False
P18826_24.0,0.0,0.0,0.0,,,0.0,0.0,True,False,0,0,False,False
P18826_698.0,0.0,0.0,0.0,,,0.0,0.0,True,False,0,0,False,False
P18826_845.0,0.0,0.0,0.0,,,0.0,0.0,True,False,0,0,False,False
P18872_108.0,2.4099257787068686,2.4467175006866455,0.021858821902946465,0.9486170315531082,,0.03679172197977687,0.03679172197977687,False,True,partial,partial,False,False
P18872_140.0,1.750874658425649,1.4361766974131267,-0.2858425482016825,0.048218819285755915,,-0.31469796101252223,0.31469796101252223,False,True,partial,partial,False,False
P18872_255.0,13.600667039553324,10.842612425486246,-0.3269650072389446,0.7327720443155523,,-2.7580546140670776,2.7580546140670776,False,True,partial,partial,False,False
P18872_287.0,0.0,0.0,0.0,,,0.0,0.0,True,False,0,0,False,False
P19096_1010.0,0.0,0.0,0.0,,,0.0,0.0,True,False,0,0,False,False
P19096_1128.0,0.0,0.0,0.0,,,0.0,0.0,True,False,0,0,False,False
P19096_1222.0,0.0,0.0,0.0,,,0.0,0.0,True,False,0,0,False,False
P19096_135.0,0.0,0.0,0.0,,,0.0,0.0,True,False,0,0,False,False
P19096_1590.0,0.0,0.0,0.0,,,0.0,0.0,True,False,0,0,False,False
P19096_161.0,0.0,0.0,0.0,,,0.0,0.0,True,False,0,0,False,False
P19096_180.0,0.0,0.0,0.0,,,0.0,0.0,True,False,0,0,False,False
P19096_1874.0,0.0,0.0,0.0,,,0.0,0.0,True,False,0,0,False,False
P19096_2003.0,0.0,0.0,0.0,,,0.0,0.0,True,False,0,0,False,False
P19096_212.0,0.0,0.0,0.0,,,0.0,0.0,True,False,0,0,False,False
P19096_223.0,0.0,0.0,0.0,,,0.0,0.0,True,False,0,0,False,False
P19096_2461.0,0.0,0.0,0.0,,,0.0,0.0,True,False,0,0,False,False
P19096_630.0,0.0,0.0,0.0,,,0.0,0.0,True,False,0,0,False,False
P19096_779.0,1.7815648317337036,0.8048744002978007,-1.1463094085519003,0.35157368454754734,,-0.976690431435903,0.976690431435903,False,True,partial,partial,False,False
P19137_1136.0,0.0,0.0,0.0,,,0.0,0.0,True,False,0,0,False,False
P19137_189.0,0.0,0.0,0.0,,,0.0,0.0,True,False,0,0,False,False
P19137_2133.0,0.0,0.0,0.0,,,0.0,0.0,True,False,0,0,False,False
P19137_2488.0,0.0,0.0,0.0,,,0.0,0.0,True,False,0,0,False,False
P19137_57.0,0.0,0.0,0.0,,,0.0,0.0,True,False,0,0,False,False
P19157_48.0,0.0,0.0,0.0,,,0.0,0.0,True,False,0,0,False,False
P19221_215.0,0.0,0.0,0.0,,,0.0,0.0,True,False,0,0,False,False
P19221_264.0,0.0,0.0,0.0,,,0.0,0.0,True,False,0,0,False,False
P19221_333.0,0.0,0.0,0.0,,,0.0,0.0,True,False,0,0,False,False
P19221_479.0,0.0,0.0,0.0,,,0.0,0.0,True,False,0,0,False,False
P19221_547.0,0.0,0.0,0.0,,,0.0,0.0,True,False,0,0,False,False
P19221_91.0,0.0,0.0,0.0,,,0.0,0.0,True,False,0,0,False,False
P19246_225.0,2.115807910760244,1.6316704750061035,-0.3748589279143592,0.321727784204522,,-0.48413743575414037,0.48413743575414037,False,True,partial,partial,False,False
P19246_246.0,32.7366631825765,40.23871421813965,0.2976769294585691,0.35206713694855757,,7.502051035563149,7.502051035563149,False,True,partial,partial,False,False
P19246_263.0,0.0,0.0,0.0,,,0.0,0.0,True,False,0,0,False,False
P19246_409.0,0.0,0.0,0.0,,,0.0,0.0,True,False,0,0,False,False
P19246_85.0,0.0,0.0,0.0,,,0.0,0.0,True,False,0,0,False,False
P19253_38.0,0.0,0.0,0.0,,,0.0,0.0,True,False,0,0,False,False
P19536_112.0,0.0,0.0,0.0,,,0.0,0.0,True,False,0,0,False,False
P20060_288.0,0.0,0.0,0.0,,,0.0,0.0,True,False,0,0,False,False
P20108_128.0,0.0,0.0,0.0,,,0.0,0.0,True,False,0,0,False,False
P20108_230.0,37.02284049987793,43.99783515930176,0.24901695285751782,0.6484290228663958,,6.974994659423828,6.974994659423828,False,True,partial,partial,False,False
P20152_328.0,100.0,100.0,0.0,,,0.0,0.0,True,False,100,100,False,False
P20357_1181.0,45.972084045410156,46.68565432230631,0.022221234196215734,0.8440848826411019,,0.7135702768961565,0.7135702768961565,False,True,partial,partial,False,False
P20357_1279.0,1.8336455623308818,1.500679761171341,-0.28909865281830904,0.5670463493354361,,-0.3329658011595409,0.3329658011595409,False,True,partial,partial,False,False
P20357_1506.0,11.401156107584635,2.8610257705052695,-1.9945757267334692,0.04851091084545965,,-8.540130337079365,8.540130337079365,False,True,partial,partial,False,False
P20357_759.0,1.3696279923121135,0.5342723727226257,-1.3581367688563244,0.003458925665108212,,-0.8353556195894878,0.8353556195894878,False,True,partial,partial,False,False
P20444_132.0,0.0,0.0,0.0,,,0.0,0.0,True,False,0,0,False,False
P20444_569.0,0.0,0.0,0.0,,,0.0,0.0,True,False,0,0,False,False
P20444_583.0,0.0,0.0,0.0,,,0.0,0.0,True,False,0,0,False,False
P20444_78.0,0.0,0.0,0.0,,,0.0,0.0,True,False,0,0,False,False
P20917_100.0,9.820543924967447,60.94948514302572,2.6337391963261108,0.0025478481960607307,,51.12894121805827,51.12894121805827,False,True,partial,partial,False,False
P20917_430.0,0.0,0.0,0.0,,,0.0,0.0,True,False,0,0,False,False
P20918_206.0,0.0,0.0,0.0,,,0.0,0.0,True,False,0,0,False,False
P20918_398.0,0.0,0.0,0.0,,,0.0,0.0,True,False,0,0,False,False
P20918_437.0,0.0,0.0,0.0,,,0.0,0.0,True,False,0,0,False,False
P20918_502.0,46.55752372741699,25.643980662027996,-0.8603941011916781,0.20260514196458917,,-20.913543065388996,20.913543065388996,False,True,partial,partial,False,False
P20918_687.0,0.0,0.0,0.0,,,0.0,0.0,True,False,0,0,False,False
P21107_191.0,0.0,0.0,0.0,,,0.0,0.0,True,False,0,0,False,False
P21126_13.0,0.0,0.0,0.0,,,0.0,0.0,True,False,0,0,False,False
P21271_514.0,0.0,0.0,0.0,,,0.0,0.0,True,False,0,0,False,False
P21278_144.0,0.0,0.0,0.0,,,0.0,0.0,True,False,0,0,False,False
P21278_9.0,0.0,0.0,0.0,,,0.0,0.0,True,False,0,0,False,False
P21279_144.0,0.0,0.0,0.0,,,0.0,0.0,True,False,0,0,False,False
P21279_330.0,0.0,0.0,0.0,,,0.0,0.0,True,False,0,0,False,False
P21279_9.0,0.0,0.0,0.0,,,0.0,0.0,True,False,0,0,False,False
P21447_1070.0,0.0,0.0,0.0,,,0.0,0.0,True,False,0,0,False,False
P21447_427.0,0.0,0.0,0.0,,,0.0,0.0,True,False,0,0,False,False
P21447_669.0,0.0,0.0,0.0,,,0.0,0.0,True,False,0,0,False,False
P21460_103.0,36.260192235310875,34.431646982828774,-0.07465138205273607,0.13570627272576252,,-1.828545252482101,1.828545252482101,False,True,partial,partial,False,False
P21460_117.0,0.0,0.0,0.0,,,0.0,0.0,True,False,0,0,False,False
P21550_357.0,2.477578083674113,0.6597104469935099,-1.9090256683586995,0.035917034638125345,,-1.817867636680603,1.817867636680603,False,True,partial,partial,False,False
P21614_220.0,0.0,0.0,0.0,,,0.0,0.0,True,False,0,0,False,False
P21614_29.0,0.0,0.0,0.0,,,0.0,0.0,True,False,0,0,False,False
P21614_407.0,0.0,0.0,0.0,,,0.0,0.0,True,False,0,0,False,False
P21619_190.0,0.0,0.0,0.0,,,0.0,0.0,True,False,0,0,False,False
P21661_467.0,0.0,0.0,0.0,,,0.0,0.0,True,False,0,0,False,False
P21661_493.0,0.0,0.0,0.0,,,0.0,0.0,True,False,0,0,False,False
P21803_728.0,0.0,0.0,0.0,,,0.0,0.0,True,False,0,0,False,False
P21836_440.0,0.0,0.0,0.0,,,0.0,0.0,True,False,0,0,False,False
P21836_560.0,0.0,0.0,0.0,,,0.0,0.0,True,False,0,0,False,False
P21981_27.0,0.0,0.0,0.0,,,0.0,0.0,True,False,0,0,False,False
P21981_370.0,0.0,0.0,0.0,,,0.0,0.0,True,False,0,0,False,False
P21981_553.0,0.0,0.0,0.0,,,0.0,0.0,True,False,0,0,False,False
P21981_619.0,0.0,0.0,0.0,,,0.0,0.0,True,False,0,0,False,False
P21981_669.0,0.0,0.0,0.0,,,0.0,0.0,True,False,0,0,False,False
P21995_145.0,0.0,0.0,0.0,,,0.0,0.0,True,False,0,0,False,False
P21995_240.0,0.0,0.0,0.0,,,0.0,0.0,True,False,0,0,False,False
P22005_48.0,0.0,0.0,0.0,,,0.0,0.0,True,False,0,0,False,False
P22315_195.0,0.0,0.0,0.0,,,0.0,0.0,True,False,0,0,False,False
P22682_351.0,0.0,0.0,0.0,,,0.0,0.0,True,False,0,0,False,False
P22892_106.0,0.0,0.0,0.0,,,0.0,0.0,True,False,0,0,False,False
P22892_160.0,0.0,0.0,0.0,,,0.0,0.0,True,False,0,0,False,False
P22892_353.0,0.0,0.0,0.0,,,0.0,0.0,True,False,0,0,False,False
P22892_392.0,0.0,0.0,0.0,,,0.0,0.0,True,False,0,0,False,False
P22892_400.0,0.0,0.0,0.0,,,0.0,0.0,True,False,0,0,False,False
P22892_539.0,0.0,0.0,0.0,,,0.0,0.0,True,False,0,0,False,False
P22907_114.0,0.0,0.0,0.0,,,0.0,0.0,True,False,0,0,False,False
P22907_261.0,5.064470609029134,0.0,-32.23776432573693,0.36321746764912255,,-5.064470609029134,5.064470609029134,False,True,partial,0,False,False
P23116_160.0,0.0,0.0,0.0,,,0.0,0.0,True,False,0,0,False,False
P23116_185.0,0.0,0.0,0.0,,,0.0,0.0,True,False,0,0,False,False
P23116_478.0,0.0,0.0,0.0,,,0.0,0.0,True,False,0,0,False,False
P23116_78.0,0.0,0.0,0.0,,,0.0,0.0,True,False,0,0,False,False
P23198_177.0,0.0,0.0,0.0,,,0.0,0.0,True,False,0,0,False,False
P23242_260.0,0.0,0.0,0.0,,,0.0,0.0,True,False,0,0,False,False
P23242_271.0,66.42630449930827,65.09279441833496,-0.029256804948532108,0.8947205231477221,,-1.333510080973312,1.333510080973312,False,True,partial,partial,False,False
P23492_142.0,30.564191818237305,16.49092388153076,-0.8901701936013725,0.11972173612341702,,-14.073267936706543,14.073267936706543,False,True,partial,partial,False,False
P23506_95.0,3.952570637067159,1.365341067314148,-1.5335298579800116,0.0967529880442033,,-2.587229569753011,2.587229569753011,False,True,partial,partial,False,False
P23591_112.0,0.0,0.0,0.0,,,0.0,0.0,True,False,0,0,False,False
P23591_309.0,0.0,0.0,0.0,,,0.0,0.0,True,False,0,0,False,False
P23780_394.0,0.0,0.0,0.0,,,0.0,0.0,True,False,0,0,False,False
P23780_427.0,0.0,0.0,0.0,,,0.0,0.0,True,False,0,0,False,False
P23818_204.0,0.0,0.0,0.0,,,0.0,0.0,True,False,0,0,False,False
P23818_323.0,10.286842028299967,7.032114028930664,-0.5487697854716719,0.28459125520480066,,-3.254727999369303,3.254727999369303,False,True,partial,partial,False,False
P23818_439.0,0.0,0.0,0.0,,,0.0,0.0,True,False,0,0,False,False
P23818_843.0,0.0,0.0,0.0,,,0.0,0.0,True,False,0,0,False,False
P23819_211.0,0.0,0.0,0.0,,,0.0,0.0,True,False,0,0,False,False
P23819_330.0,19.81801414489746,10.767091115315756,-0.8801838674182941,1.2963783735576391e-05,,-9.050923029581705,9.050923029581705,False,True,partial,partial,False,False
P23819_446.0,0.0,0.0,0.0,,,0.0,0.0,True,False,0,0,False,False
P23819_739.0,38.735167821248375,22.683467229207356,-0.772002813211234,0.005468887807686995,,-16.05170059204102,16.05170059204102,False,True,partial,partial,False,False
P23819_794.0,33.022231101989746,18.900702317555744,-0.8049977537274632,0.005262002951836763,,-14.121528784434002,14.121528784434002,False,True,partial,partial,False,False
P24270_232.0,0.0,0.0,0.0,,,0.0,0.0,True,False,0,0,False,False
P24270_377.0,0.0,0.0,0.0,,,0.0,0.0,True,False,0,0,False,False
P24270_425.0,0.0,0.0,0.0,,,0.0,0.0,True,False,0,0,False,False
P24270_460.0,0.0,0.0,0.0,,,0.0,0.0,True,False,0,0,False,False
P24288_335.0,0.0,0.0,0.0,,,0.0,0.0,True,False,0,0,False,False
P24527_136.0,0.0,0.0,0.0,,,0.0,0.0,True,False,0,0,False,False
P24527_147.0,10.829931418100992,19.082701365152996,0.8172413080816224,0.3281358039505039,,8.252769947052004,8.252769947052004,False,True,partial,partial,False,False
P24527_8.0,0.0,0.0,0.0,,,0.0,0.0,True,False,0,0,False,False
P24529_249.0,0.0,0.0,0.0,,,0.0,0.0,True,False,0,0,False,False
P24547_140.0,0.0,0.0,0.0,,,0.0,0.0,True,False,0,0,False,False
P24547_468.0,0.0,0.0,0.0,,,0.0,0.0,True,False,0,0,False,False
P24549_126.0,0.0,0.0,0.0,,,0.0,0.0,True,False,0,0,False,False
P24549_133.0,0.0,0.0,0.0,,,0.0,0.0,True,False,0,0,False,False
P24549_370.0,0.0,0.0,0.0,,,0.0,0.0,True,False,0,0,False,False
P24549_50.0,0.0,0.0,0.0,,,0.0,0.0,True,False,0,0,False,False
P24638_159.0,0.0,0.0,0.0,,,0.0,0.0,True,False,0,0,False,False
P24638_349.0,0.0,0.0,0.0,,,0.0,0.0,True,False,0,0,False,False
P24668_133.0,34.23120911916097,16.81555461883545,-1.0255158889417675,0.0381229830208279,,-17.415654500325523,17.415654500325523,False,True,partial,partial,False,False
P24668_33.0,0.0,0.0,0.0,,,0.0,0.0,True,False,0,0,False,False
P24788_429.0,0.0,0.0,0.0,,,0.0,0.0,True,False,0,0,False,False
P25206_360.0,0.0,0.0,0.0,,,0.0,0.0,True,False,0,0,False,False
P25444_182.0,0.0,0.0,0.0,,,0.0,0.0,True,False,0,0,False,False
P25444_222.0,0.0,0.0,0.0,,,0.0,0.0,True,False,0,0,False,False
P25444_229.0,0.0,0.0,0.0,,,0.0,0.0,True,False,0,0,False,False
P25785_152.0,0.0,0.0,0.0,,,0.0,0.0,True,False,0,0,False,False
P25799_59.0,0.0,0.0,0.0,,,0.0,0.0,True,False,0,0,False,False
P25911_203.0,0.0,0.0,0.0,,,0.0,0.0,True,False,0,0,False,False
P25911_381.0,0.0,0.0,0.0,,,0.0,0.0,True,False,0,0,False,False
P25911_468.0,0.0,0.0,0.0,,,0.0,0.0,True,False,0,0,False,False
P25976_328.0,0.0,0.0,0.0,,,0.0,0.0,True,False,0,0,False,False
P25976_68.0,0.0,0.0,0.0,,,0.0,0.0,True,False,0,0,False,False
P26039_1023.0,0.0,0.0,0.0,,,0.0,0.0,True,False,0,0,False,False
P26039_1045.0,0.0,0.0,0.0,,,0.0,0.0,True,False,0,0,False,False
P26039_116.0,0.0,0.0,0.0,,,0.0,0.0,True,False,0,0,False,False
P26039_1353.0,0.0,0.0,0.0,,,0.0,0.0,True,False,0,0,False,False
P26039_1506.0,0.0,0.0,0.0,,,0.0,0.0,True,False,0,0,False,False
P26039_1661.0,0.0,0.0,0.0,,,0.0,0.0,True,False,0,0,False,False
P26039_1927.0,0.0,0.0,0.0,,,0.0,0.0,True,False,0,0,False,False
P26039_1939.0,0.0,0.0,0.0,,,0.0,0.0,True,False,0,0,False,False
P26039_2161.0,0.0,0.0,0.0,,,0.0,0.0,True,False,0,0,False,False
P26039_2196.0,0.0,0.0,0.0,,,0.0,0.0,True,False,0,0,False,False
P26039_2408.0,0.0,1.1638069947560628,30.116204677393192,0.36321746764912255,,1.1638069947560628,1.1638069947560628,False,True,0,partial,False,False
P26039_2442.0,0.0,0.0,0.0,,,0.0,0.0,True,False,0,0,False,False
P26039_286.0,0.0,0.0,0.0,,,0.0,0.0,True,False,0,0,False,False
P26039_29.0,0.0,0.0,0.0,,,0.0,0.0,True,False,0,0,False,False
P26039_732.0,0.0,0.0,0.0,,,0.0,0.0,True,False,0,0,False,False
P26039_956.0,0.0,0.0,0.0,,,0.0,0.0,True,False,0,0,False,False
P26040_117.0,0.0,0.0,0.0,,,0.0,0.0,True,False,0,0,False,False
P26040_284.0,0.0,0.0,0.0,,,0.0,0.0,True,False,0,0,False,False
P26041_284.0,0.0,0.0,0.0,,,0.0,0.0,True,False,0,0,False,False
P26231_116.0,0.0,0.0,0.0,,,0.0,0.0,True,False,0,0,False,False
P26231_228.0,0.0,0.0,0.0,,,0.0,0.0,True,False,0,0,False,False
P26231_438.0,0.0,0.0,0.0,,,0.0,0.0,True,False,0,0,False,False
P26231_461.0,0.0,0.0,0.0,,,0.0,0.0,True,False,0,0,False,False
P26231_767.0,0.0,0.0,0.0,,,0.0,0.0,True,False,0,0,False,False
P26262_284.0,0.0,0.0,0.0,,,0.0,0.0,True,False,0,0,False,False
P26262_548.0,0.0,0.0,0.0,,,0.0,0.0,True,False,0,0,False,False
P26369_429.0,0.0,0.0,0.0,,,0.0,0.0,True,False,0,0,False,False
P26369_442.0,0.0,0.0,0.0,,,0.0,0.0,True,False,0,0,False,False
P26369_464.0,0.0,0.0,0.0,,,0.0,0.0,True,False,0,0,False,False
P26443_112.0,0.0,0.0,0.0,,,0.0,0.0,True,False,0,0,False,False
P26443_172.0,0.0,0.0,0.0,,,0.0,0.0,True,False,0,0,False,False
P26443_327.0,0.0,0.0,0.0,,,0.0,0.0,True,False,0,0,False,False
P26443_376.0,0.0,0.0,0.0,,,0.0,0.0,True,False,0,0,False,False
P26450_146.0,0.0,0.0,0.0,,,0.0,0.0,True,False,0,0,False,False
P26450_498.0,0.0,0.0,0.0,,,0.0,0.0,True,False,0,0,False,False
P26638_162.0,0.0,0.0,0.0,,,0.0,0.0,True,False,0,0,False,False
P26638_300.0,0.0,0.0,0.0,,,0.0,0.0,True,False,0,0,False,False
P26638_395.0,0.0,0.0,0.0,,,0.0,0.0,True,False,0,0,False,False
P26638_398.0,0.0,0.0,0.0,,,0.0,0.0,True,False,0,0,False,False
P26638_431.0,0.0,0.0,0.0,,,0.0,0.0,True,False,0,0,False,False
P26638_438.0,2.1627653439839682,0.8082526524861654,-1.4199989009035354,0.2327716886580309,,-1.3545126914978027,1.3545126914978027,False,True,partial,partial,False,False
P26883_23.0,2.323078473409017,2.218644857406616,-0.06635913791860573,0.8527134810110611,,-0.10443361600240086,0.10443361600240086,False,True,partial,partial,False,False
P27048_43.0,0.0,0.0,0.0,,,0.0,0.0,True,False,0,0,False,False
P27546_595.0,0.0,0.0,0.0,,,0.0,0.0,True,False,0,0,False,False
P27546_636.0,2.8867188692092896,2.1874318718910217,-0.400192529014308,0.35998427283808954,,-0.6992869973182678,0.6992869973182678,False,True,partial,partial,False,False
P27600_332.0,0.0,0.0,0.0,,,0.0,0.0,True,False,0,0,False,False
P27601_318.0,0.0,0.0,0.0,,,0.0,0.0,True,False,0,0,False,False
P27601_329.0,0.0,0.0,0.0,,,0.0,0.0,True,False,0,0,False,False
P27612_116.0,0.0,0.0,0.0,,,0.0,0.0,True,False,0,0,False,False
P27612_12.0,0.0,0.0,0.0,,,0.0,0.0,True,False,0,0,False,False
P27612_193.0,0.0,0.0,0.0,,,0.0,0.0,True,False,0,0,False,False
P27612_208.0,0.0,0.0,0.0,,,0.0,0.0,True,False,0,0,False,False
P27612_631.0,0.0,0.0,0.0,,,0.0,0.0,True,False,0,0,False,False
P27612_663.0,0.0,0.0,0.0,,,0.0,0.0,True,False,0,0,False,False
P27659_114.0,0.0,0.0,0.0,,,0.0,0.0,True,False,0,0,False,False
P27659_253.0,4.709695816040039,7.497034947077434,0.6706862432440919,0.038847765719416144,,2.7873391310373945,2.7873391310373945,False,True,partial,partial,False,False
P27659_336.0,0.0,0.0,0.0,,,0.0,0.0,True,False,0,0,False,False
P27671_1109.0,0.0,0.0,0.0,,,0.0,0.0,True,False,0,0,False,False
P27671_1111.0,0.0,0.0,0.0,,,0.0,0.0,True,False,0,0,False,False
P27671_118.0,0.0,0.0,0.0,,,0.0,0.0,True,False,0,0,False,False
P27671_373.0,0.0,0.0,0.0,,,0.0,0.0,True,False,0,0,False,False
P27671_451.0,0.0,0.0,0.0,,,0.0,0.0,True,False,0,0,False,False
P27671_506.0,0.0,0.0,0.0,,,0.0,0.0,True,False,0,0,False,False
P27671_527.0,0.0,0.0,0.0,,,0.0,0.0,True,False,0,0,False,False
P27671_586.0,0.0,0.0,0.0,,,0.0,0.0,True,False,0,0,False,False
P27671_592.0,0.0,0.0,0.0,,,0.0,0.0,True,False,0,0,False,False
P27671_620.0,0.0,0.0,0.0,,,0.0,0.0,True,False,0,0,False,False
P27671_73.0,0.0,0.0,0.0,,,0.0,0.0,True,False,0,0,False,False
P27671_764.0,8.633921305338541,5.839719136555989,-0.5641169593799394,0.7948342932313845,,-2.794202168782552,2.794202168782552,False,True,partial,partial,False,False
P27671_970.0,0.0,0.0,0.0,,,0.0,0.0,True,False,0,0,False,False
P27773_244.0,4.444740176200867,3.4108877579371133,-0.3819518055937576,0.3793680062507768,,-1.0338524182637534,1.0338524182637534,False,True,partial,partial,False,False
P27773_85.0,2.485249479611715,2.4399914741516113,-0.026514576021530668,0.9655764888189343,,-0.0452580054601035,0.0452580054601035,False,True,partial,partial,False,False
P27773_92.0,24.09601879119873,16.956724484761555,-0.5069372874695718,0.045345597447116456,,-7.139294306437176,7.139294306437176,False,True,partial,partial,False,False
P28028_178.0,0.0,0.0,0.0,,,0.0,0.0,True,False,0,0,False,False
P28028_681.0,0.0,0.0,0.0,,,0.0,0.0,True,False,0,0,False,False
P28028_733.0,0.0,0.0,0.0,,,0.0,0.0,True,False,0,0,False,False
P28271_118.0,0.0,0.0,0.0,,,0.0,0.0,True,False,0,0,False,False
P28271_165.0,0.0,0.0,0.0,,,0.0,0.0,True,False,0,0,False,False
P28271_392.0,0.0,0.0,0.0,,,0.0,0.0,True,False,0,0,False,False
P28271_50.0,0.0,0.0,0.0,,,0.0,0.0,True,False,0,0,False,False
P28352_207.0,0.0,0.0,0.0,,,0.0,0.0,True,False,0,0,False,False
P28352_295.0,0.0,0.0,0.0,,,0.0,0.0,True,False,0,0,False,False
P28352_309.0,0.0,0.0,0.0,,,0.0,0.0,True,False,0,0,False,False
P28352_64.0,0.0,0.0,0.0,,,0.0,0.0,True,False,0,0,False,False
P28352_92.0,0.0,0.0,0.0,,,0.0,0.0,True,False,0,0,False,False
P28474_100.0,0.0,0.0,0.0,,,0.0,0.0,True,False,0,0,False,False
P28474_240.0,1.0485552549362183,0.0,-29.965755743427138,0.1759487690127525,,-1.0485552549362183,1.0485552549362183,False,True,partial,0,False,False
P28474_97.0,0.0,0.0,0.0,,,0.0,0.0,True,False,0,0,False,False
P28571_116.0,0.0,0.0,0.0,,,0.0,0.0,True,False,0,0,False,False
P28650_183.0,0.0,0.0,0.0,,,0.0,0.0,True,False,0,0,False,False
P28650_63.0,0.0,0.0,0.0,,,0.0,0.0,True,False,0,0,False,False
P28651_201.0,0.0,0.0,0.0,,,0.0,0.0,True,False,0,0,False,False
P28651_267.0,0.0,0.12045730153719585,26.843946616476426,0.36321746764912255,,0.12045730153719585,0.12045730153719585,False,True,0,partial,False,False
P28651_78.0,0.0,0.0,0.0,,,0.0,0.0,True,False,0,0,False,False
P28651_81.0,0.0,0.0,0.0,,,0.0,0.0,True,False,0,0,False,False
P28652_273.0,0.0,0.0,0.0,,,0.0,0.0,True,False,0,0,False,False
P28652_290.0,0.0,0.0,0.0,,,0.0,0.0,True,False,0,0,False,False
P28652_35.0,0.0,0.29842941959698993,28.15281452946784,0.17740580996117478,,0.29842941959698993,0.29842941959698993,False,True,0,partial,False,False
P28652_437.0,0.0,0.0,0.0,,,0.0,0.0,True,False,0,0,False,False
P28652_492.0,0.0,0.0,0.0,,,0.0,0.0,True,False,0,0,False,False
P28652_533.0,13.45065704981486,10.949278831481934,-0.2968407979439728,0.6896740560283086,,-2.501378218332926,2.501378218332926,False,True,partial,partial,False,False
P28653_322.0,0.0,0.0,0.0,,,0.0,0.0,True,False,0,0,False,False
P28658_283.0,0.0,0.0,0.0,,,0.0,0.0,True,False,0,0,False,False
P28658_382.0,0.0,0.0,0.0,,,0.0,0.0,True,False,0,0,False,False
P28658_65.0,0.0,0.0,0.0,,,0.0,0.0,True,False,0,0,False,False
P28658_92.0,0.0,0.0,0.0,,,0.0,0.0,True,False,0,0,False,False
P28659_137.0,0.0,0.0,0.0,,,0.0,0.0,True,False,0,0,False,False
P28659_177.0,0.0,0.0,0.0,,,0.0,0.0,True,False,0,0,False,False
P28660_292.0,0.0,0.0,0.0,,,0.0,0.0,True,False,0,0,False,False
P28660_556.0,0.9115603764851888,0.0,-29.763762975882937,0.17539736280919907,,-0.9115603764851888,0.9115603764851888,False,True,partial,0,False,False
P28660_573.0,0.0,0.0,0.0,,,0.0,0.0,True,False,0,0,False,False
P28660_599.0,0.0,0.0,0.0,,,0.0,0.0,True,False,0,0,False,False
P28660_618.0,0.0,0.0,0.0,,,0.0,0.0,True,False,0,0,False,False
P28661_323.0,0.0,0.0,0.0,,,0.0,0.0,True,False,0,0,False,False
P28661_378.0,0.0,0.0,0.0,,,0.0,0.0,True,False,0,0,False,False
P28661_411.0,0.9653952916463217,0.0,-29.846544551188682,0.36321746764912255,,-0.9653952916463217,0.9653952916463217,False,True,partial,0,False,False
P28661_72.0,0.0,0.0,0.0,,,0.0,0.0,True,False,0,0,False,False
P28663_103.0,0.0,0.0,0.0,,,0.0,0.0,True,False,0,0,False,False
P28663_212.0,0.447528878847758,0.4184485375881195,-0.09693057615700505,0.9425862446203996,,-0.029080341259638487,0.029080341259638487,False,True,partial,partial,False,False
P28663_42.0,1.1467962712049484,1.2162925004959106,0.08488109862614006,0.8693688033102074,,0.06949622929096222,0.06949622929096222,False,True,partial,partial,False,False
P28663_66.0,2.5265028278032937,1.6581825216611226,-0.6075389765905479,0.09147223642314918,,-0.8683203061421711,0.8683203061421711,False,True,partial,partial,False,False
P28665_1129.0,0.0,0.0,0.0,,,0.0,0.0,True,False,0,0,False,False
P28665_587.0,0.0,0.0,0.0,,,0.0,0.0,True,False,0,0,False,False
P28738_296.0,0.0,0.0,0.0,,,0.0,0.0,True,False,0,0,False,False
P28738_393.0,0.0,0.0,0.0,,,0.0,0.0,True,False,0,0,False,False
P28738_628.0,0.0,0.0,0.0,,,0.0,0.0,True,False,0,0,False,False
P28738_66.0,0.0,0.0,0.0,,,0.0,0.0,True,False,0,0,False,False
P28740_198.0,0.0,0.0,0.0,,,0.0,0.0,True,False,0,0,False,False
P28740_308.0,0.0,0.0,0.0,,,0.0,0.0,True,False,0,0,False,False
P28740_419.0,0.0,0.0,0.0,,,0.0,0.0,True,False,0,0,False,False
P28740_524.0,0.0,0.0,0.0,,,0.0,0.0,True,False,0,0,False,False
P28741_12.0,0.0,0.0,0.0,,,0.0,0.0,True,False,0,0,False,False
P28741_319.0,0.0,0.0,0.0,,,0.0,0.0,True,False,0,0,False,False
P28798_539.0,0.0,0.0,0.0,,,0.0,0.0,True,False,0,0,False,False
P28828_1205.0,0.0,0.0,0.0,,,0.0,0.0,True,False,0,0,False,False
P28867_172.0,0.0,0.0,0.0,,,0.0,0.0,True,False,0,0,False,False
P28867_261.0,0.0,0.0,0.0,,,0.0,0.0,True,False,0,0,False,False
P28867_280.0,0.0,0.0,0.0,,,0.0,0.0,True,False,0,0,False,False
P28867_342.0,0.0,0.0,0.0,,,0.0,0.0,True,False,0,0,False,False
P28867_507.0,0.0,0.0,0.0,,,0.0,0.0,True,False,0,0,False,False
P29387_148.0,0.0,0.0,0.0,,,0.0,0.0,True,False,0,0,False,False
P29387_204.0,0.5314135750134786,0.9847712715466818,0.8899535917629647,0.3858464281128202,,0.4533576965332031,0.4533576965332031,False,True,partial,partial,False,False
P29387_25.0,0.0,0.0,0.0,,,0.0,0.0,True,False,0,0,False,False
P29387_271.0,0.0,0.0,0.0,,,0.0,0.0,True,False,0,0,False,False
P29387_317.0,0.0,0.0,0.0,,,0.0,0.0,True,False,0,0,False,False
P29533_668.0,28.471049944559734,0.0,-34.72877664614494,0.006410417637046515,,-28.471049944559734,28.471049944559734,False,True,partial,0,False,False
P29699_114.0,22.343483289082844,9.527894337972006,-1.2296247962863125,0.12505545683877786,,-12.815588951110838,12.815588951110838,False,True,partial,partial,False,False
P29699_132.0,0.0,35.50810750325521,35.04742941914567,0.09583455486007851,,35.50810750325521,35.50810750325521,False,True,0,partial,False,False
P29699_247.0,0.0,0.0,0.0,,,0.0,0.0,True,False,0,0,False,False
P29699_336.0,10.408469994862875,9.103191693623861,-0.19331364740404902,0.1549481941930431,,-1.3052783012390137,1.3052783012390137,False,True,partial,partial,False,False
P29758_150.0,0.0,0.0,0.0,,,0.0,0.0,True,False,0,0,False,False
P29758_93.0,0.0,0.0,0.0,,,0.0,0.0,True,False,0,0,False,False
P29788_179.0,0.0,0.0,0.0,,,0.0,0.0,True,False,0,0,False,False
P30275_180.0,5.2221312920252485,3.395049254099528,-0.6212062247236411,0.023834555536126786,,-1.8270820379257207,1.8270820379257207,False,True,partial,partial,False,False
P30275_317.0,2.4253724813461304,2.047207454840342,-0.24454902290458952,0.868827605692571,,-0.3781650265057883,0.3781650265057883,False,True,partial,partial,False,False
P30275_63.0,3.558647394180298,1.0684946775436401,-1.7357492690964407,0.03308875927804423,,-2.4901527166366577,2.4901527166366577,False,True,partial,partial,False,False
P30275_90.0,4.285352309544881,0.927505890528361,-2.207985466231269,0.024362836387275773,,-3.35784641901652,3.35784641901652,False,True,partial,partial,False,False
P30416_103.0,0.0,0.0,0.0,,,0.0,0.0,True,False,0,0,False,False
P30416_189.0,0.0,0.0,0.0,,,0.0,0.0,True,False,0,0,False,False
P30416_328.0,0.0,0.0,0.0,,,0.0,0.0,True,False,0,0,False,False
P30416_342.0,0.0,0.0,0.0,,,0.0,0.0,True,False,0,0,False,False
P30416_396.0,0.0,0.0,0.0,,,0.0,0.0,True,False,0,0,False,False
P30999_394.0,0.0,0.0,0.0,,,0.0,0.0,True,False,0,0,False,False
P30999_429.0,0.0,0.0,0.0,,,0.0,0.0,True,False,0,0,False,False
P30999_450.0,0.0,0.0,0.0,,,0.0,0.0,True,False,0,0,False,False
P30999_533.0,0.0,0.0,0.0,,,0.0,0.0,True,False,0,0,False,False
P30999_579.0,0.0,0.0,0.0,,,0.0,0.0,True,False,0,0,False,False
P30999_618.0,0.0,0.0,0.0,,,0.0,0.0,True,False,0,0,False,False
P30999_692.0,0.0,0.0,0.0,,,0.0,0.0,True,False,0,0,False,False
P31230_159.0,0.0,0.0,0.0,,,0.0,0.0,True,False,0,0,False,False
P31230_227.0,0.0,0.0,0.0,,,0.0,0.0,True,False,0,0,False,False
P31230_282.0,0.0,0.0,0.0,,,0.0,0.0,True,False,0,0,False,False
P31324_114.0,0.2647547721862793,1.3897324403127034,2.392078554862774,0.3148322683215211,,1.124977668126424,1.124977668126424,False,True,partial,partial,False,False
P31324_209.0,0.0,0.0,0.0,,,0.0,0.0,True,False,0,0,False,False
P31324_371.0,0.0,0.0,0.0,,,0.0,0.0,True,False,0,0,False,False
P31324_386.0,0.7501496076583862,0.9371044635772705,0.321031529463577,0.7748997339952032,,0.18695485591888428,0.18695485591888428,False,True,partial,partial,False,False
P31648_164.0,20.386862754821777,13.229857444763184,-0.6238422660870389,2.1297590730958824e-06,,-7.157005310058594,7.157005310058594,False,True,partial,partial,False,False
P31648_74.0,0.0,0.0,0.0,,,0.0,0.0,True,False,0,0,False,False
P31649_569.0,0.0,0.0,0.0,,,0.0,0.0,True,False,0,0,False,False
P31650_607.0,3.0250184535980225,1.562431275844574,-0.9531512092170236,0.0011639944133233812,,-1.4625871777534485,1.4625871777534485,False,True,partial,partial,False,False
P31650_75.0,1.5453352530797322,0.9068652590115865,-0.7689597393719602,0.35085263666330435,,-0.6384699940681456,0.6384699940681456,False,True,partial,partial,False,False
P31750_60.0,0.0,0.0,0.0,,,0.0,0.0,True,False,0,0,False,False
P31938_277.0,12.201608339945475,18.86562728881836,0.6286887436381164,0.3405072986255291,,6.664018948872885,6.664018948872885,False,True,partial,partial,False,False
P32020_495.0,0.0,0.0,0.0,,,0.0,0.0,True,False,0,0,False,False
P32067_18.0,0.0,0.0,0.0,,,0.0,0.0,True,False,0,0,False,False
P32067_244.0,0.0,0.0,0.0,,,0.0,0.0,True,False,0,0,False,False
P32211_353.0,0.0,0.0,0.0,,,0.0,0.0,True,False,0,0,False,False
P32233_243.0,0.0,0.0,0.0,,,0.0,0.0,True,False,0,0,False,False
P32233_322.0,0.0,0.0,0.0,,,0.0,0.0,True,False,0,0,False,False
P32261_280.0,0.0,0.0,0.0,,,0.0,0.0,True,False,0,0,False,False
P32261_463.0,0.0,0.0,0.0,,,0.0,0.0,True,False,0,0,False,False
P32261_54.0,16.543581008911133,12.971248308817545,-0.35095422644641894,0.5284646712344365,,-3.572332700093588,3.572332700093588,False,True,partial,partial,False,False
P32300_360.0,0.0,0.0,0.0,,,0.0,0.0,True,False,0,0,False,False
P32883_80.0,0.0,0.0,0.0,,,0.0,0.0,True,False,0,0,False,False
P32921_229.0,0.0,0.0,0.0,,,0.0,0.0,True,False,0,0,False,False
P32921_278.0,0.0,0.0,0.0,,,0.0,0.0,True,False,0,0,False,False
P32921_309.0,0.0,0.0,0.0,,,0.0,0.0,True,False,0,0,False,False
P32921_313.0,0.0,0.0,0.0,,,0.0,0.0,True,False,0,0,False,False
P32921_66.0,0.0,0.0,0.0,,,0.0,0.0,True,False,0,0,False,False
P32921_77.0,0.0,0.0,0.0,,,0.0,0.0,True,False,0,0,False,False
P33173_1128.0,0.0,0.0,0.0,,,0.0,0.0,True,False,0,0,False,False
P33173_1335.0,0.0,0.0,0.0,,,0.0,0.0,True,False,0,0,False,False
P33173_1513.0,0.0,0.0,0.0,,,0.0,0.0,True,False,0,0,False,False
P33173_1532.0,0.0,0.0,0.0,,,0.0,0.0,True,False,0,0,False,False
P33173_1650.0,0.0,0.0,0.0,,,0.0,0.0,True,False,0,0,False,False
P33173_506.0,0.0,0.0,0.0,,,0.0,0.0,True,False,0,0,False,False
P33173_609.0,0.0,0.0,0.0,,,0.0,0.0,True,False,0,0,False,False
P33173_704.0,0.0,0.0,0.0,,,0.0,0.0,True,False,0,0,False,False
P33173_830.0,33.29291343688965,23.588505427042644,-0.4971311131085027,0.5358979026812578,,-9.704408009847004,9.704408009847004,False,True,partial,partial,False,False
P33173_926.0,0.0,0.0,0.0,,,0.0,0.0,True,False,0,0,False,False
P33175_1007.0,0.0,0.0,0.0,,,0.0,0.0,True,False,0,0,False,False
P33175_394.0,0.0,0.0,0.0,,,0.0,0.0,True,False,0,0,False,False
P33175_615.0,0.0,0.0,0.0,,,0.0,0.0,True,False,0,0,False,False
P33175_629.0,22.464595794677734,0.0,-34.38693405263048,0.1777433621187653,,-22.464595794677734,22.464595794677734,False,True,partial,0,False,False
P34022_132.0,0.0,0.0,0.0,,,0.0,0.0,True,False,0,0,False,False
P34022_99.0,0.0,0.0,0.0,,,0.0,0.0,True,False,0,0,False,False
P34152_459.0,0.0,0.0,0.0,,,0.0,0.0,True,False,0,0,False,False
P34152_559.0,0.0,0.0,0.0,,,0.0,0.0,True,False,0,0,False,False
P34884_81.0,5.3566616376241045,5.028753916422526,-0.09113321227344247,0.7617976578794744,,-0.3279077212015782,0.3279077212015782,False,True,partial,partial,False,False
P34914_120.0,0.0,0.0,0.0,,,0.0,0.0,True,False,0,0,False,False
P34914_521.0,10.860965410868326,16.734906037648518,0.6237081033238437,0.6057931503774658,,5.8739406267801915,5.8739406267801915,False,True,partial,partial,False,False
P34914_78.0,0.0,0.0,0.0,,,0.0,0.0,True,False,0,0,False,False
P35123_110.0,0.0,0.0,0.0,,,0.0,0.0,True,False,0,0,False,False
P35123_500.0,0.0,0.0,0.0,,,0.0,0.0,True,False,0,0,False,False
P35123_624.0,0.0,0.0,0.0,,,0.0,0.0,True,False,0,0,False,False
P35123_758.0,0.0,0.0,0.0,,,0.0,0.0,True,False,0,0,False,False
P35123_855.0,0.0,0.0,0.0,,,0.0,0.0,True,False,0,0,False,False
P35123_926.0,0.0,0.0,0.0,,,0.0,0.0,True,False,0,0,False,False
P35235_104.0,2.6119956175486245,0.0,-31.282505330846305,0.17468802837420422,,-2.6119956175486245,2.6119956175486245,False,True,partial,0,False,False
P35235_333.0,0.0,0.0,0.0,,,0.0,0.0,True,False,0,0,False,False
P35235_459.0,0.0,0.0,0.0,,,0.0,0.0,True,False,0,0,False,False
P35235_486.0,0.0,0.0,0.0,,,0.0,0.0,True,False,0,0,False,False
P35282_124.0,0.0,0.0,0.0,,,0.0,0.0,True,False,0,0,False,False
P35282_175.0,0.0,0.0,0.0,,,0.0,0.0,True,False,0,0,False,False
P35282_27.0,0.0,0.0,0.0,,,0.0,0.0,True,False,0,0,False,False
P35283_158.0,0.0,0.0,0.0,,,0.0,0.0,True,False,0,0,False,False
P35283_182.0,0.0,0.0,0.0,,,0.0,0.0,True,False,0,0,False,False
P35283_67.0,0.0,0.0,0.0,,,0.0,0.0,True,False,0,0,False,False
P35288_130.0,0.0,0.0,0.0,,,0.0,0.0,True,False,0,0,False,False
P35290_113.0,0.0,0.0,0.0,,,0.0,0.0,True,False,0,0,False,False
P35290_51.0,0.0,0.0,0.0,,,0.0,0.0,True,False,0,0,False,False
P35290_87.0,0.0,0.0,0.0,,,0.0,0.0,True,False,0,0,False,False
P35293_110.0,0.0,0.0,0.0,,,0.0,0.0,True,False,0,0,False,False
P35293_155.0,0.0,0.0,0.0,,,0.0,0.0,True,False,0,0,False,False
P35436_1098.0,0.0,0.0,0.0,,,0.0,0.0,True,False,0,0,False,False
P35436_1217.0,0.0,0.0,0.0,,,0.0,0.0,True,False,0,0,False,False
P35436_1412.0,0.0,0.0,0.0,,,0.0,0.0,True,False,0,0,False,False
P35436_1448.0,0.0,0.0,0.0,,,0.0,0.0,True,False,0,0,False,False
P35436_87.0,0.0,0.0,0.0,,,0.0,0.0,True,False,0,0,False,False
P35438_308.0,7.897265275319417,0.0,-32.87870600660135,0.07581670340367348,,-7.897265275319417,7.897265275319417,False,True,partial,0,False,False
P35438_420.0,100.0,100.0,0.0,,,0.0,0.0,True,False,100,100,False,False
P35438_744.0,0.0,0.0,0.0,,,0.0,0.0,True,False,0,0,False,False
P35438_798.0,24.518211046854656,14.19864273071289,-0.7881006906834135,6.368083652034137e-05,,-10.319568316141766,10.319568316141766,False,True,partial,partial,False,False
P35438_932.0,0.0,0.0,0.0,,,0.0,0.0,True,False,0,0,False,False
P35486_181.0,0.0,0.0,0.0,,,0.0,0.0,True,False,0,0,False,False
P35486_218.0,0.0,0.0,0.0,,,0.0,0.0,True,False,0,0,False,False
P35486_261.0,1.529318372408549,0.8525411387284597,-0.8430474193533134,0.056580675816028124,,-0.6767772336800894,0.6767772336800894,False,True,partial,partial,False,False
P35486_273.0,0.0,0.0,0.0,,,0.0,0.0,True,False,0,0,False,False
P35486_41.0,0.0,0.0,0.0,,,0.0,0.0,True,False,0,0,False,False
P35505_315.0,0.0,0.0,0.0,,,0.0,0.0,True,False,0,0,False,False
P35505_396.0,0.0,0.0,0.0,,,0.0,0.0,True,False,0,0,False,False
P35505_408.0,0.0,0.0,0.0,,,0.0,0.0,True,False,0,0,False,False
P35550_105.0,0.0,0.0,0.0,,,0.0,0.0,True,False,0,0,False,False
P35561_356.0,0.0,0.0,0.0,,,0.0,0.0,True,False,0,0,False,False
P35564_361.0,10.912094195683798,7.626289010047913,-0.5168748927654968,0.3096996800419453,,-3.285805185635885,3.285805185635885,False,True,partial,partial,False,False
P35700_173.0,0.0,0.0,0.0,,,0.0,0.0,True,False,0,0,False,False
P35700_71.0,0.0,0.0,0.0,,,0.0,0.0,True,False,0,0,False,False
P35762_156.0,2.696926792462667,2.0365917483965554,-0.4051595510905767,0.013163466757991764,,-0.6603350440661115,0.6603350440661115,False,True,partial,partial,False,False
P35762_175.0,14.563905239105225,7.154905637105306,-1.0253926137225318,0.00011129883228506335,,-7.408999601999919,7.408999601999919,False,True,partial,partial,False,False
P35762_190.0,27.5749610265096,19.14651934305827,-0.526276699128473,0.0003646409198120001,,-8.428441683451332,8.428441683451332,False,True,partial,partial,False,False
P35802_174.0,0.0,0.0,0.0,,,0.0,0.0,True,False,0,0,False,False
P35802_192.0,13.4092116355896,10.530025641123453,-0.34871547029888955,0.0002440191391340613,,-2.8791859944661464,2.8791859944661464,False,True,partial,partial,False,False
P35803_226.0,36.78284200032552,18.942827860514324,-0.9573812347090594,0.18135030555959783,,-17.8400141398112,17.8400141398112,False,True,partial,partial,False,False
P35821_32.0,0.0,0.0,0.0,,,0.0,0.0,True,False,0,0,False,False
P35821_339.0,0.0,0.0,0.0,,,0.0,0.0,True,False,0,0,False,False
P35822_863.0,0.0,0.0,0.0,,,0.0,0.0,True,False,0,0,False,False
P35831_242.0,0.0,0.0,0.0,,,0.0,0.0,True,False,0,0,False,False
P35846_133.0,0.0,0.0,0.0,,,0.0,0.0,True,False,0,0,False,False
P35846_35.0,0.0,0.0,0.0,,,0.0,0.0,True,False,0,0,False,False
P35922_260.0,0.0,0.0,0.0,,,0.0,0.0,True,False,0,0,False,False
P35979_141.0,1.8004865447680156,1.5802985628445942,-0.18818966821724925,0.5738695620285931,,-0.22018798192342137,0.22018798192342137,False,True,partial,partial,False,False
P35979_162.0,5.836457411448161,6.379741748174031,0.12840507113909025,0.7679963581159942,,0.5432843367258702,0.5432843367258702,False,True,partial,partial,False,False
P35979_17.0,0.0,0.0,0.0,,,0.0,0.0,True,False,0,0,False,False
P36536_178.0,0.0,0.0,0.0,,,0.0,0.0,True,False,0,0,False,False
P36552_116.0,0.0,0.0,0.0,,,0.0,0.0,True,False,0,0,False,False
P36552_153.0,0.0,0.0,0.0,,,0.0,0.0,True,False,0,0,False,False
P36552_181.0,0.0,0.0,0.0,,,0.0,0.0,True,False,0,0,False,False
P36552_293.0,0.0,0.0,0.0,,,0.0,0.0,True,False,0,0,False,False
P36552_346.0,0.0,0.0,0.0,,,0.0,0.0,True,False,0,0,False,False
P36552_362.0,0.0,0.0,0.0,,,0.0,0.0,True,False,0,0,False,False
P36916_294.0,0.0,0.0,0.0,,,0.0,0.0,True,False,0,0,False,False
P36916_365.0,0.0,0.0,0.0,,,0.0,0.0,True,False,0,0,False,False
P36916_474.0,0.0,0.0,0.0,,,0.0,0.0,True,False,0,0,False,False
P36916_517.0,0.0,0.0,0.0,,,0.0,0.0,True,False,0,0,False,False
P36916_607.0,0.0,0.0,0.0,,,0.0,0.0,True,False,0,0,False,False
P36993_149.0,0.0,0.0,0.0,,,0.0,0.0,True,False,0,0,False,False
P37040_363.0,0.0,0.0,0.0,,,0.0,0.0,True,False,0,0,False,False
P37040_566.0,0.0,0.0,0.0,,,0.0,0.0,True,False,0,0,False,False
P37040_630.0,0.0,0.0,0.0,,,0.0,0.0,True,False,0,0,False,False
P37172_449.0,0.0,0.0,0.0,,,0.0,0.0,True,False,0,0,False,False
P37172_477.0,0.0,0.0,0.0,,,0.0,0.0,True,False,0,0,False,False
P37804_38.0,0.0,0.0,0.0,,,0.0,0.0,True,False,0,0,False,False
P38060_141.0,0.0,0.0,0.0,,,0.0,0.0,True,False,0,0,False,False
P38060_170.0,0.0,0.0,0.0,,,0.0,0.0,True,False,0,0,False,False
P38060_307.0,0.0,0.0,0.0,,,0.0,0.0,True,False,0,0,False,False
P38060_323.0,0.0,0.0,0.0,,,0.0,0.0,True,False,0,0,False,False
P38585_294.0,0.0,0.0,0.0,,,0.0,0.0,True,False,0,0,False,False
P38585_91.0,0.0,0.0,0.0,,,0.0,0.0,True,False,0,0,False,False
P38647_317.0,0.0,0.0,0.0,,,0.0,0.0,True,False,0,0,False,False
P38647_366.0,0.0,0.0,0.0,,,0.0,0.0,True,False,0,0,False,False
P38647_608.0,0.0,0.0,0.0,,,0.0,0.0,True,False,0,0,False,False
P39053_169.0,0.0,0.0,0.0,,,0.0,0.0,True,False,0,0,False,False
P39053_424.0,0.0,0.0,0.0,,,0.0,0.0,True,False,0,0,False,False
P39053_427.0,0.0,0.0,0.0,,,0.0,0.0,True,False,0,0,False,False
P39053_607.0,34.54100036621094,18.068097432454426,-0.9348652676786888,0.1643154837823993,,-16.47290293375651,16.47290293375651,False,True,partial,partial,False,False
P39053_86.0,0.0,0.0,0.0,,,0.0,0.0,True,False,0,0,False,False
P39054_86.0,0.0,0.0,0.0,,,0.0,0.0,True,False,0,0,False,False
P39061_1623.0,0.0,0.0,0.0,,,0.0,0.0,True,False,0,0,False,False
P39061_1725.0,0.0,0.0,0.0,,,0.0,0.0,True,False,0,0,False,False
P39087_463.0,0.0,0.0,0.0,,,0.0,0.0,True,False,0,0,False,False
P39447_1697.0,0.0,0.0,0.0,,,0.0,0.0,True,False,0,0,False,False
P39688_404.0,0.0,0.0,0.0,,,0.0,0.0,True,False,0,0,False,False
P39688_487.0,0.0,0.0,0.0,,,0.0,0.0,True,False,0,0,False,False
P39749_161.0,0.0,0.0,0.0,,,0.0,0.0,True,False,0,0,False,False
P40124_29.0,3.938182214895884,3.88896573583285,-0.01814334071977107,0.985265643905623,,-0.04921647906303406,0.04921647906303406,False,True,partial,partial,False,False
P40124_355.0,0.0,0.0,0.0,,,0.0,0.0,True,False,0,0,False,False
P40124_374.0,0.0,0.0,0.0,,,0.0,0.0,True,False,0,0,False,False
P40124_415.0,0.0,0.0,0.0,,,0.0,0.0,True,False,0,0,False,False
P40124_426.0,1.4601320226987202,0.19535815715789795,-2.9019054132209305,0.0670427712002912,,-1.2647738655408223,1.2647738655408223,False,True,partial,partial,False,False
P40124_92.0,5.500064134597778,5.482489983240764,-0.004617170536942763,0.9915647690409946,,-0.017574151357014678,0.017574151357014678,False,True,partial,partial,False,False
P40142_133.0,0.0,0.0,0.0,,,0.0,0.0,True,False,0,0,False,False
P40142_206.0,0.0,0.0,0.0,,,0.0,0.0,True,False,0,0,False,False
P40237_174.0,0.0,0.0,0.0,,,0.0,0.0,True,False,0,0,False,False
P40237_176.0,66.99585278828938,35.96980539957682,-0.8972854375032139,0.14654556498973537,,-31.026047388712563,31.026047388712563,False,True,partial,partial,False,False
P40936_231.0,0.0,0.0,0.0,,,0.0,0.0,True,False,0,0,False,False
P41105_13.0,0.0,0.0,0.0,,,0.0,0.0,True,False,0,0,False,False
P41139_27.0,0.0,0.0,0.0,,,0.0,0.0,True,False,0,0,False,False
P41216_109.0,0.0,0.0,0.0,,,0.0,0.0,True,False,0,0,False,False
P41216_133.0,0.0,0.0,0.0,,,0.0,0.0,True,False,0,0,False,False
P41216_298.0,0.0,0.0,0.0,,,0.0,0.0,True,False,0,0,False,False
P41216_510.0,0.0,0.0,0.0,,,0.0,0.0,True,False,0,0,False,False
P41216_55.0,0.0,0.0,0.0,,,0.0,0.0,True,False,0,0,False,False
P41216_626.0,0.0,0.0,0.0,,,0.0,0.0,True,False,0,0,False,False
P41233_1463.0,0.0,0.0,0.0,,,0.0,0.0,True,False,0,0,False,False
P41234_1248.0,0.0,0.0,0.0,,,0.0,0.0,True,False,0,0,False,False
P41234_1542.0,0.0,0.0,0.0,,,0.0,0.0,True,False,0,0,False,False
P41234_268.0,0.0,0.0,0.0,,,0.0,0.0,True,False,0,0,False,False
P41241_290.0,0.0,0.0,0.0,,,0.0,0.0,True,False,0,0,False,False
P41241_299.0,0.0,0.0,0.0,,,0.0,0.0,True,False,0,0,False,False
P41241_31.0,0.0,0.0,0.0,,,0.0,0.0,True,False,0,0,False,False
P41241_411.0,0.0,0.0,0.0,,,0.0,0.0,True,False,0,0,False,False
P41242_51.0,0.0,0.0,0.0,,,0.0,0.0,True,False,0,0,False,False
P41242_79.0,0.0,0.0,0.0,,,0.0,0.0,True,False,0,0,False,False
P42128_174.0,0.0,0.0,0.0,,,0.0,0.0,True,False,0,0,False,False
P42128_425.0,0.0,0.0,0.0,,,0.0,0.0,True,False,0,0,False,False
P42208_111.0,0.0,0.0,0.0,,,0.0,0.0,True,False,0,0,False,False
P42225_155.0,0.0,0.0,0.0,,,0.0,0.0,True,False,0,0,False,False
P42227_367.0,0.0,0.0,0.0,,,0.0,0.0,True,False,0,0,False,False
P42227_542.0,0.0,0.0,0.0,,,0.0,0.0,True,False,0,0,False,False
P42227_687.0,0.0,0.0,0.0,,,0.0,0.0,True,False,0,0,False,False
P42232_508.0,0.0,0.0,0.0,,,0.0,0.0,True,False,0,0,False,False
P42232_688.0,0.0,0.0,0.0,,,0.0,0.0,True,False,0,0,False,False
P42337_368.0,7.6694386800130205,23.2708002726237,1.6013279280939536,0.25792524882147055,,15.60136159261068,15.60136159261068,False,True,partial,partial,False,False
P42337_378.0,0.0,0.0,0.0,,,0.0,0.0,True,False,0,0,False,False
P42337_558.0,0.0,0.0,0.0,,,0.0,0.0,True,False,0,0,False,False
P42567_657.0,0.0,0.0,0.0,,,0.0,0.0,True,False,0,0,False,False
P42567_784.0,0.0,0.0,0.0,,,0.0,0.0,True,False,0,0,False,False
P42567_826.0,0.0,0.0,0.0,,,0.0,0.0,True,False,0,0,False,False
P42669_271.0,0.0,0.0,0.0,,,0.0,0.0,True,False,0,0,False,False
P42859_1132.0,22.89953104654948,13.9198849995931,-0.7181707617347934,0.6461236452918033,,-8.97964604695638,8.97964604695638,False,True,partial,partial,False,False
P42859_129.0,0.0,0.0,0.0,,,0.0,0.0,True,False,0,0,False,False
P42859_1291.0,0.0,0.0,0.0,,,0.0,0.0,True,False,0,0,False,False
P42859_1504.0,0.0,0.0,0.0,,,0.0,0.0,True,False,0,0,False,False
P42859_1688.0,0.0,0.0,0.0,,,0.0,0.0,True,False,0,0,False,False
P42859_1706.0,0.0,0.0,0.0,,,0.0,0.0,True,False,0,0,False,False
P42859_1940.0,0.0,0.0,0.0,,,0.0,0.0,True,False,0,0,False,False
P42859_257.0,0.0,0.0,0.0,,,0.0,0.0,True,False,0,0,False,False
P42859_2724.0,0.0,0.0,0.0,,,0.0,0.0,True,False,0,0,False,False
P42859_2948.0,0.0,0.0,0.0,,,0.0,0.0,True,False,0,0,False,False
P42859_3109.0,0.0,0.0,0.0,,,0.0,0.0,True,False,0,0,False,False
P42859_644.0,0.0,0.0,0.0,,,0.0,0.0,True,False,0,0,False,False
P42859_664.0,0.0,0.0,0.0,,,0.0,0.0,True,False,0,0,False,False
P42859_803.0,0.0,0.0,0.0,,,0.0,0.0,True,False,0,0,False,False
P42859_807.0,0.0,0.0,0.0,,,0.0,0.0,True,False,0,0,False,False
P42859_82.0,0.0,0.0,0.0,,,0.0,0.0,True,False,0,0,False,False
P42859_922.0,0.0,0.0,0.0,,,0.0,0.0,True,False,0,0,False,False
P42866_170.0,0.0,0.0,0.0,,,0.0,0.0,True,False,0,0,False,False
P42932_136.0,0.0,0.0,0.0,,,0.0,0.0,True,False,0,0,False,False
P42932_148.0,0.0,0.0,0.0,,,0.0,0.0,True,False,0,0,False,False
P42932_149.0,0.0,0.0,0.0,,,0.0,0.0,True,False,0,0,False,False
P42932_187.0,4.49337895711263,0.0,-32.06515359355399,0.36321746764912255,,-4.49337895711263,4.49337895711263,False,True,partial,0,False,False
P42932_244.0,4.05846643447876,3.2527055740356445,-0.3192944421735951,0.009513751207586522,,-0.8057608604431152,0.8057608604431152,False,True,partial,partial,False,False
P42932_347.0,0.0,0.0,0.0,,,0.0,0.0,True,False,0,0,False,False
P42932_430.0,0.0,0.0,0.0,,,0.0,0.0,True,False,0,0,False,False
P43006_373.0,0.0,0.0,0.0,,,0.0,0.0,True,False,0,0,False,False
P43006_535.0,0.0,0.0,0.0,,,0.0,0.0,True,False,0,0,False,False
P43006_548.0,0.0,0.0,0.0,,,0.0,0.0,True,False,0,0,False,False
P43006_561.0,0.39082806805769604,0.346847007671992,-0.17223464225730178,0.7801561994467929,,-0.04398106038570404,0.04398106038570404,False,True,partial,partial,False,False
P43247_199.0,0.0,0.0,0.0,,,0.0,0.0,True,False,0,0,False,False
P43247_863.0,0.0,0.0,0.0,,,0.0,0.0,True,False,0,0,False,False
P43406_138.0,17.99298350016276,2.7119439442952475,-2.7300351624556964,0.05060047053026622,,-15.281039555867514,15.281039555867514,False,True,partial,partial,False,False
P43406_158.0,0.0,0.0,0.0,,,0.0,0.0,True,False,0,0,False,False
P43406_172.0,27.101037343343098,21.33946418762207,-0.3448241224939017,0.01593227082660842,,-5.7615731557210275,5.7615731557210275,False,True,partial,partial,False,False
P43406_491.0,0.0,0.0,0.0,,,0.0,0.0,True,False,0,0,False,False
P43406_502.0,0.0,0.0,0.0,,,0.0,0.0,True,False,0,0,False,False
P43406_565.0,0.0,0.0,0.0,,,0.0,0.0,True,False,0,0,False,False
P43406_711.0,0.0,0.0,0.0,,,0.0,0.0,True,False,0,0,False,False
P43406_900.0,17.405420303344727,11.559430917104086,-0.5904662782142988,0.2300628327154835,,-5.845989386240641,5.845989386240641,False,True,partial,partial,False,False
P45376_187.0,0.0,0.0,0.0,,,0.0,0.0,True,False,0,0,False,False
P45376_200.0,0.0,0.0,0.0,,,0.0,0.0,True,False,0,0,False,False
P45376_45.0,0.0,0.0,0.0,,,0.0,0.0,True,False,0,0,False,False
P45376_81.0,0.0,0.0,0.0,,,0.0,0.0,True,False,0,0,False,False
P45481_1284.0,0.0,0.0,0.0,,,0.0,0.0,True,False,0,0,False,False
P45591_39.0,0.6082493265469869,0.2214125394821167,-1.4579258836176348,0.3124208052924651,,-0.38683678706487024,0.38683678706487024,False,True,partial,partial,False,False
P45591_80.0,0.0,0.0,0.0,,,0.0,0.0,True,False,0,0,False,False
P45878_95.0,16.743998050689697,10.34697182973226,-0.6944354418848295,9.521806676743858e-05,,-6.397026220957438,6.397026220957438,False,True,partial,partial,False,False
P45952_156.0,0.0,0.0,0.0,,,0.0,0.0,True,False,0,0,False,False
P46061_141.0,0.0,0.0,0.0,,,0.0,0.0,True,False,0,0,False,False
P46061_152.0,0.0,0.0,0.0,,,0.0,0.0,True,False,0,0,False,False
P46061_169.0,0.0,0.0,0.0,,,0.0,0.0,True,False,0,0,False,False
P46061_274.0,0.0,0.0,0.0,,,0.0,0.0,True,False,0,0,False,False
P46061_303.0,0.0,0.0,0.0,,,0.0,0.0,True,False,0,0,False,False
P46061_82.0,0.0,0.0,0.0,,,0.0,0.0,True,False,0,0,False,False
P46096_277.0,2.4982352256774902,2.013259530067444,-0.3113761600347763,0.024022668773902998,,-0.4849756956100464,0.4849756956100464,False,True,partial,partial,False,False
P46097_278.0,0.0,0.0,0.0,,,0.0,0.0,True,False,0,0,False,False
P46097_293.0,0.0,0.0,0.0,,,0.0,0.0,True,False,0,0,False,False
P46414_148.0,0.0,0.0,0.0,,,0.0,0.0,True,False,0,0,False,False
P46460_11.0,0.0,0.0,0.0,,,0.0,0.0,True,False,0,0,False,False
P46460_250.0,0.9116422136624655,0.33413581053415936,-1.4480331177541113,0.3158209684271275,,-0.5775064031283061,0.5775064031283061,False,True,partial,partial,False,False
P46460_264.0,3.3368300994237265,3.0896568298339844,-0.11103162503460275,0.20103985255530443,,-0.24717326958974217,0.24717326958974217,False,True,partial,partial,False,False
P46460_334.0,0.0,0.0,0.0,,,0.0,0.0,True,False,0,0,False,False
P46460_59.0,2.219649761915207,3.189603885014852,0.5230452155127787,0.41670826785784887,,0.9699541230996451,0.9699541230996451,False,True,partial,partial,False,False
P46460_599.0,1.6085646748542786,1.3351851503054302,-0.268734128278119,0.4586386313496807,,-0.2733795245488484,0.2733795245488484,False,True,partial,partial,False,False
P46460_91.0,0.0,0.0,0.0,,,0.0,0.0,True,False,0,0,False,False
P46467_240.0,0.0,0.0,0.0,,,0.0,0.0,True,False,0,0,False,False
P46471_180.0,0.0,0.0,0.0,,,0.0,0.0,True,False,0,0,False,False
P46471_236.0,0.0,0.0,0.0,,,0.0,0.0,True,False,0,0,False,False
P46471_270.0,0.0,0.0,0.0,,,0.0,0.0,True,False,0,0,False,False
P46471_377.0,0.0,0.0,0.0,,,0.0,0.0,True,False,0,0,False,False
P46471_389.0,0.0,0.0,0.0,,,0.0,0.0,True,False,0,0,False,False
P46656_156.0,0.0,0.0,0.0,,,0.0,0.0,True,False,0,0,False,False
P46660_182.0,0.0,0.0,0.0,,,0.0,0.0,True,False,0,0,False,False
P46660_54.0,0.0,0.0,0.0,,,0.0,0.0,True,False,0,0,False,False
P46662_51.0,0.0,0.0,0.0,,,0.0,0.0,True,False,0,0,False,False
P46664_182.0,3.979962706565857,2.611956556638082,-0.6076240106991662,0.19740699691474095,,-1.368006149927775,1.368006149927775,False,True,partial,partial,False,False
P46664_338.0,0.0,0.0,0.0,,,0.0,0.0,True,False,0,0,False,False
P46664_58.0,0.0,0.0,0.0,,,0.0,0.0,True,False,0,0,False,False
P46735_483.0,0.0,0.0,0.0,,,0.0,0.0,True,False,0,0,False,False
P46735_509.0,0.0,0.0,0.0,,,0.0,0.0,True,False,0,0,False,False
P46735_613.0,0.0,0.0,0.0,,,0.0,0.0,True,False,0,0,False,False
P46735_641.0,0.0,0.0,0.0,,,0.0,0.0,True,False,0,0,False,False
P46737_172.0,0.0,0.0,0.0,,,0.0,0.0,True,False,0,0,False,False
P46737_203.0,0.0,0.0,0.0,,,0.0,0.0,True,False,0,0,False,False
P46737_215.0,0.0,0.0,0.0,,,0.0,0.0,True,False,0,0,False,False
P46935_365.0,0.0,0.0,0.0,,,0.0,0.0,True,False,0,0,False,False
P46978_637.0,0.0,0.0,0.0,,,0.0,0.0,True,False,0,0,False,False
P47199_137.0,0.0,0.0,0.0,,,0.0,0.0,True,False,0,0,False,False
P47199_166.0,0.0,0.0,0.0,,,0.0,0.0,True,False,0,0,False,False
P47199_250.0,0.0,0.0,0.0,,,0.0,0.0,True,False,0,0,False,False
P47199_45.0,0.0,0.0,0.0,,,0.0,0.0,True,False,0,0,False,False
P47708_122.0,0.0,0.0,0.0,,,0.0,0.0,True,False,0,0,False,False
P47708_470.0,0.0,0.0,0.0,,,0.0,0.0,True,False,0,0,False,False
P47708_502.0,0.0,0.0,0.0,,,0.0,0.0,True,False,0,0,False,False
P47708_641.0,3.994006554285685,1.0834810733795166,-1.8821627471618136,0.11828938468429556,,-2.9105254809061685,2.9105254809061685,False,True,partial,partial,False,False
P47708_658.0,0.0,0.0,0.0,,,0.0,0.0,True,False,0,0,False,False
P47738_388.0,0.0,0.0,0.0,,,0.0,0.0,True,False,0,0,False,False
P47738_68.0,0.0,0.0,0.0,,,0.0,0.0,True,False,0,0,False,False
P47740_214.0,0.0,0.0,0.0,,,0.0,0.0,True,False,0,0,False,False
P47740_220.0,0.0,0.0,0.0,,,0.0,0.0,True,False,0,0,False,False
P47743_246.0,0.0,0.0,0.0,,,0.0,0.0,True,False,0,0,False,False
P47743_886.0,0.0,0.0,0.0,,,0.0,0.0,True,False,0,0,False,False
P47746_416.0,3.577487309773763,2.8373839060465493,-0.3343852847343067,0.8427379258389471,,-0.7401034037272138,0.7401034037272138,False,True,partial,partial,False,False
P47746_432.0,0.0,0.0,0.0,,,0.0,0.0,True,False,0,0,False,False
P47746_450.0,0.0,0.0,0.0,,,0.0,0.0,True,False,0,0,False,False
P47753_124.0,0.0,0.0,0.0,,,0.0,0.0,True,False,0,0,False,False
P47753_157.0,0.0,0.0,0.0,,,0.0,0.0,True,False,0,0,False,False
P47754_141.0,0.0,0.0,0.0,,,0.0,0.0,True,False,0,0,False,False
P47754_157.0,0.7876108090082804,0.0,-29.552907671555115,0.1774021791100351,,-0.7876108090082804,0.7876108090082804,False,True,partial,0,False,False
P47757_147.0,1.371031512816747,0.6407751540342966,-1.0973716166358432,0.015358534463263691,,-0.7302563587824503,0.7302563587824503,False,True,partial,partial,False,False
P47757_206.0,0.0,0.0,0.0,,,0.0,0.0,True,False,0,0,False,False
P47757_62.0,1.0317337413628895,0.8953771193822225,-0.20450334656313165,0.6769409945531277,,-0.136356621980667,0.136356621980667,False,True,partial,partial,False,False
P47758_177.0,0.0,0.0,0.0,,,0.0,0.0,True,False,0,0,False,False
P47758_244.0,0.0,0.0,0.0,,,0.0,0.0,True,False,0,0,False,False
P47791_306.0,0.0,0.0,0.0,,,0.0,0.0,True,False,0,0,False,False
P47791_355.0,0.0,0.0,0.0,,,0.0,0.0,True,False,0,0,False,False
P47791_445.0,0.0,0.0,0.0,,,0.0,0.0,True,False,0,0,False,False
P47791_462.0,0.0,0.0,0.0,,,0.0,0.0,True,False,0,0,False,False
P47791_80.0,0.0,0.0,0.0,,,0.0,0.0,True,False,0,0,False,False
P47802_155.0,0.0,0.0,0.0,,,0.0,0.0,True,False,0,0,False,False
P47802_177.0,0.0,0.0,0.0,,,0.0,0.0,True,False,0,0,False,False
P47809_244.0,0.0,0.0,0.0,,,0.0,0.0,True,False,0,0,False,False
P47809_264.0,0.0,0.0,0.0,,,0.0,0.0,True,False,0,0,False,False
P47809_377.0,0.0,0.0,0.0,,,0.0,0.0,True,False,0,0,False,False
P47856_262.0,0.0,0.0,0.0,,,0.0,0.0,True,False,0,0,False,False
P47856_55.0,0.0,0.0,0.0,,,0.0,0.0,True,False,0,0,False,False
P47857_114.0,0.0,0.0,0.0,,,0.0,0.0,True,False,0,0,False,False
P47857_351.0,3.7321199576059976,2.886336406071981,-0.3707559003336235,0.09626866260316509,,-0.8457835515340166,0.8457835515340166,False,True,partial,partial,False,False
P47857_631.0,0.0,0.0,0.0,,,0.0,0.0,True,False,0,0,False,False
P47857_709.0,3.663979093233744,3.076451301574707,-0.25214411562453876,0.11851658460474958,,-0.5875277916590371,0.5875277916590371,False,True,partial,partial,False,False
P47877_115.0,0.0,0.0,0.0,,,0.0,0.0,True,False,0,0,False,False
P47879_170.0,0.0,0.0,0.0,,,0.0,0.0,True,False,0,0,False,False
P47879_200.0,0.0,0.0,0.0,,,0.0,0.0,True,False,0,0,False,False
P47934_287.0,0.0,0.0,0.0,,,0.0,0.0,True,False,0,0,False,False
P47934_449.0,0.0,0.0,0.0,,,0.0,0.0,True,False,0,0,False,False
P47941_249.0,20.343746821085613,8.791982968648275,-1.210324916057512,0.10334984140770903,,-11.551763852437338,11.551763852437338,False,True,partial,partial,False,False
P47941_44.0,0.0,0.0,0.0,,,0.0,0.0,True,False,0,0,False,False
P47962_100.0,0.0,0.0,0.0,,,0.0,0.0,True,False,0,0,False,False
P47962_62.0,0.0,0.0,0.0,,,0.0,0.0,True,False,0,0,False,False
P47962_76.0,0.0,0.0,0.0,,,0.0,0.0,True,False,0,0,False,False
P47964_48.0,0.0,0.0,0.0,,,0.0,0.0,True,False,0,0,False,False
P48024_69.0,0.8592498302459717,2.800233562787374,1.7043975971096783,0.16893006025797797,,1.9409837325414023,1.9409837325414023,False,True,partial,partial,False,False
P48036_314.0,0.0,0.0,0.0,,,0.0,0.0,True,False,0,0,False,False
P48168_39.0,0.0,0.0,0.0,,,0.0,0.0,True,False,0,0,False,False
P48193_225.0,0.0,0.0,0.0,,,0.0,0.0,True,False,0,0,False,False
P48302_174.0,0.0,0.0,0.0,,,0.0,0.0,True,False,0,0,False,False
P48302_255.0,0.0,0.0,0.0,,,0.0,0.0,True,False,0,0,False,False
P48318_426.0,0.0,0.0,0.0,,,0.0,0.0,True,False,0,0,False,False
P48318_47.0,0.0,0.0,0.0,,,0.0,0.0,True,False,0,0,False,False
P48318_482.0,0.0,0.0,0.0,,,0.0,0.0,True,False,0,0,False,False
P48318_78.0,0.0,0.0,0.0,,,0.0,0.0,True,False,0,0,False,False
P48320_30.0,0.0,0.0,0.0,,,0.0,0.0,True,False,0,0,False,False
P48320_404.0,0.0,0.0,0.0,,,0.0,0.0,True,False,0,0,False,False
P48320_418.0,0.0,0.0,0.0,,,0.0,0.0,True,False,0,0,False,False
P48320_45.0,2.3801064491271973,1.2355173428853352,-0.9459108364276092,0.14553121221730533,,-1.144589106241862,1.144589106241862,False,True,partial,partial,False,False
P48320_505.0,0.0,0.0,0.0,,,0.0,0.0,True,False,0,0,False,False
P48320_73.0,0.0,0.0,0.0,,,0.0,0.0,True,False,0,0,False,False
P48428_67.0,0.0,0.0,0.0,,,0.0,0.0,True,False,0,0,False,False
P48453_237.0,0.0,0.0,0.0,,,0.0,0.0,True,False,0,0,False,False
P48453_478.0,0.0,0.0,0.0,,,0.0,0.0,True,False,0,0,False,False
P48453_97.0,0.0,0.0,0.0,,,0.0,0.0,True,False,0,0,False,False
P48542_65.0,0.0,0.0,0.0,,,0.0,0.0,True,False,0,0,False,False
P48678_522.0,3.9166375398635864,4.713326056798299,0.26712986486252976,0.7529732370030375,,0.7966885169347124,0.7966885169347124,False,True,partial,partial,False,False
P48678_572.0,3.687641461690267,0.0,-31.780051248055123,0.36321746764912255,,-3.687641461690267,3.687641461690267,False,True,partial,0,False,False
P48678_590.0,0.0,0.0,0.0,,,0.0,0.0,True,False,0,0,False,False
P48722_140.0,0.0,0.0,0.0,,,0.0,0.0,True,False,0,0,False,False
P48722_167.0,0.8896363278230032,0.5234713753064474,-0.7651050505854173,0.4451071906180678,,-0.3661649525165558,0.3661649525165558,False,True,partial,partial,False,False
P48722_270.0,0.0,0.0,0.0,,,0.0,0.0,True,False,0,0,False,False
P48722_310.0,5.26789665222168,0.6737521489461263,-2.966937166125633,0.010843584924450846,,-4.594144503275554,4.594144503275554,False,True,partial,partial,False,False
P48722_417.0,0.0,0.0,0.0,,,0.0,0.0,True,False,0,0,False,False
P48722_540.0,0.0,0.0,0.0,,,0.0,0.0,True,False,0,0,False,False
P48722_782.0,0.0,0.0,0.0,,,0.0,0.0,True,False,0,0,False,False
P48758_226.0,0.0,0.0,0.0,,,0.0,0.0,True,False,0,0,False,False
P48758_227.0,0.0,0.0,0.0,,,0.0,0.0,True,False,0,0,False,False
P48774_177.0,0.0,0.0,0.0,,,0.0,0.0,True,False,0,0,False,False
P48774_38.0,5.788702408472697,2.864693760871887,-1.0148590692477364,0.026139292660463942,,-2.92400864760081,2.92400864760081,False,True,partial,partial,False,False
P48774_90.0,0.0,0.0,0.0,,,0.0,0.0,True,False,0,0,False,False
P48962_129.0,0.9164477984110514,0.0,-29.77147746673196,0.36321746764912255,,-0.9164477984110514,0.9164477984110514,False,True,partial,0,False,False
P48962_160.0,2.0447093645731607,1.5080006122589111,-0.439258778155447,0.46142616548398097,,-0.5367087523142495,0.5367087523142495,False,True,partial,partial,False,False
P48962_257.0,2.145068903764089,2.7637722293535867,0.3656147330823369,0.3354919065652128,,0.6187033255894976,0.6187033255894976,False,True,partial,partial,False,False
P48962_57.0,0.0,0.0,0.0,,,0.0,0.0,True,False,0,0,False,False
P49025_1402.0,0.0,0.0,0.0,,,0.0,0.0,True,False,0,0,False,False
P49025_1561.0,0.0,0.0,0.0,,,0.0,0.0,True,False,0,0,False,False
P49025_1681.0,0.0,0.0,0.0,,,0.0,0.0,True,False,0,0,False,False
P49025_513.0,0.0,0.0,0.0,,,0.0,0.0,True,False,0,0,False,False
P49070_121.0,0.0,0.0,0.0,,,0.0,0.0,True,False,0,0,False,False
P49222_363.0,0.0,0.0,0.0,,,0.0,0.0,True,False,0,0,False,False
P49312_175.0,0.0,0.0,0.0,,,0.0,0.0,True,False,0,0,False,False
P49312_43.0,0.0,0.0,0.0,,,0.0,0.0,True,False,0,0,False,False
P49442_277.0,0.0,0.0,0.0,,,0.0,0.0,True,False,0,0,False,False
P49442_315.0,3.9136810302734375,0.0,-31.86587903372414,0.36321746764912255,,-3.9136810302734375,3.9136810302734375,False,True,partial,0,False,False
P49443_144.0,0.0,0.0,0.0,,,0.0,0.0,True,False,0,0,False,False
P49443_268.0,0.0,0.0,0.0,,,0.0,0.0,True,False,0,0,False,False
P49443_290.0,0.0,0.0,0.0,,,0.0,0.0,True,False,0,0,False,False
P49443_71.0,0.0,0.0,0.0,,,0.0,0.0,True,False,0,0,False,False
P49446_173.0,0.0,0.0,0.0,,,0.0,0.0,True,False,0,0,False,False
P49586_139.0,0.0,0.0,0.0,,,0.0,0.0,True,False,0,0,False,False
P49586_68.0,0.0,0.0,0.0,,,0.0,0.0,True,False,0,0,False,False
P49615_117.0,0.0,0.0,0.0,,,0.0,0.0,True,False,0,0,False,False
P49615_83.0,0.0,0.0,0.0,,,0.0,0.0,True,False,0,0,False,False
P49615_94.0,0.0,0.0,0.0,,,0.0,0.0,True,False,0,0,False,False
P49722_213.0,0.0,0.0,0.0,,,0.0,0.0,True,False,0,0,False,False
P49962_48.0,0.0,0.0,0.0,,,0.0,0.0,True,False,0,0,False,False
P50096_468.0,0.0,0.0,0.0,,,0.0,0.0,True,False,0,0,False,False
P50136_175.0,0.0,0.0,0.0,,,0.0,0.0,True,False,0,0,False,False
P50136_194.0,0.0,0.0,0.0,,,0.0,0.0,True,False,0,0,False,False
P50153_28.0,0.0,0.0,0.0,,,0.0,0.0,True,False,0,0,False,False
P50171_192.0,0.0,0.0,0.0,,,0.0,0.0,True,False,0,0,False,False
P50172_241.0,0.0,0.0,0.0,,,0.0,0.0,True,False,0,0,False,False
P50247_113.0,0.0,0.0,0.0,,,0.0,0.0,True,False,0,0,False,False
P50247_195.0,0.0,0.0,0.0,,,0.0,0.0,True,False,0,0,False,False
P50247_228.0,0.0,0.0,0.0,,,0.0,0.0,True,False,0,0,False,False
P50247_79.0,0.0,0.0,0.0,,,0.0,0.0,True,False,0,0,False,False
P50396_202.0,2.8344029585520425,1.6993450125058491,-0.7380660881613006,0.033518987193934556,,-1.1350579460461934,1.1350579460461934,False,True,partial,partial,False,False
P50396_282.0,1.2966087261835735,1.641836166381836,0.34056698469737434,0.6682353923634086,,0.34522744019826246,0.34522744019826246,False,True,partial,partial,False,False
P50396_302.0,0.6067329545815786,1.012787143389384,0.7391974167468409,0.10055976440946582,,0.4060541888078054,0.4060541888078054,False,True,partial,partial,False,False
P50396_335.0,0.0,0.0,0.0,,,0.0,0.0,True,False,0,0,False,False
P50428_293.0,0.0,0.0,0.0,,,0.0,0.0,True,False,0,0,False,False
P50428_413.0,30.017605463663738,35.12420241038004,0.22665656919214705,0.7481554313462031,,5.106596946716305,5.106596946716305,False,True,partial,partial,False,False
P50462_168.0,0.0,0.0,0.0,,,0.0,0.0,True,False,0,0,False,False
P50516_240.0,0.0,2.40656844774882,31.164330311681777,0.1750588390942084,,2.40656844774882,2.40656844774882,False,True,0,partial,False,False
P50516_254.0,0.0,0.0,0.0,,,0.0,0.0,True,False,0,0,False,False
P50516_277.0,0.0,0.0,0.0,,,0.0,0.0,True,False,0,0,False,False
P50544_216.0,0.0,0.0,0.0,,,0.0,0.0,True,False,0,0,False,False
P50544_238.0,0.0,0.0,0.0,,,0.0,0.0,True,False,0,0,False,False
P50544_423.0,0.0,0.0,0.0,,,0.0,0.0,True,False,0,0,False,False
P50544_434.0,0.0,0.0,0.0,,,0.0,0.0,True,False,0,0,False,False
P50544_478.0,0.0,0.0,0.0,,,0.0,0.0,True,False,0,0,False,False
P50544_604.0,0.0,0.0,0.0,,,0.0,0.0,True,False,0,0,False,False
P50571_161.0,0.0,0.0,0.0,,,0.0,0.0,True,False,0,0,False,False
P50580_149.0,0.0,0.0,0.0,,,0.0,0.0,True,False,0,0,False,False
P50580_179.0,1.522778034210205,1.4690308570861816,-0.05184096440756589,0.9802347638837354,,-0.05374717712402344,0.05374717712402344,False,True,partial,partial,False,False
P50580_296.0,0.0,0.0,0.0,,,0.0,0.0,True,False,0,0,False,False
P50580_49.0,0.0,0.0,0.0,,,0.0,0.0,True,False,0,0,False,False
P50580_85.0,0.0,0.0,0.0,,,0.0,0.0,True,False,0,0,False,False
P50586_370.0,0.0,0.0,0.0,,,0.0,0.0,True,False,0,0,False,False
P50608_367.0,0.0,0.0,0.0,,,0.0,0.0,True,False,0,0,False,False
P51125_408.0,0.0,0.0,0.0,,,0.0,0.0,True,False,0,0,False,False
P51125_491.0,0.0,0.0,0.0,,,0.0,0.0,True,False,0,0,False,False
P51150_143.0,0.0,0.0,0.0,,,0.0,0.0,True,False,0,0,False,False
P51150_83.0,0.0,0.0,0.0,,,0.0,0.0,True,False,0,0,False,False
P51163_130.0,0.0,0.0,0.0,,,0.0,0.0,True,False,0,0,False,False
P51163_143.0,0.0,0.0,0.0,,,0.0,0.0,True,False,0,0,False,False
P51163_241.0,0.0,0.0,0.0,,,0.0,0.0,True,False,0,0,False,False
P51174_342.0,0.0,0.0,0.0,,,0.0,0.0,True,False,0,0,False,False
P51174_351.0,0.0,0.0,0.0,,,0.0,0.0,True,False,0,0,False,False
P51175_167.0,0.0,0.0,0.0,,,0.0,0.0,True,False,0,0,False,False
P51175_183.0,0.0,0.0,0.0,,,0.0,0.0,True,False,0,0,False,False
P51175_418.0,0.0,0.0,0.0,,,0.0,0.0,True,False,0,0,False,False
P51175_459.0,0.0,0.0,0.0,,,0.0,0.0,True,False,0,0,False,False
P51410_134.0,1.3168009519577026,0.0,-30.294390138925003,0.0887892694863745,,-1.3168009519577026,1.3168009519577026,False,True,partial,0,False,False
P51410_74.0,0.0,0.0,0.0,,,0.0,0.0,True,False,0,0,False,False
P51432_1006.0,0.0,0.0,0.0,,,0.0,0.0,True,False,0,0,False,False
P51432_1176.0,0.0,0.0,0.0,,,0.0,0.0,True,False,0,0,False,False
P51432_221.0,0.0,0.0,0.0,,,0.0,0.0,True,False,0,0,False,False
P51432_358.0,0.0,0.0,0.0,,,0.0,0.0,True,False,0,0,False,False
P51655_189.0,0.0,0.0,0.0,,,0.0,0.0,True,False,0,0,False,False
P51655_244.0,0.0,0.0,0.0,,,0.0,0.0,True,False,0,0,False,False
P51655_341.0,0.0,0.0,0.0,,,0.0,0.0,True,False,0,0,False,False
P51655_408.0,0.0,0.0,0.0,,,0.0,0.0,True,False,0,0,False,False
P51655_423.0,0.0,0.0,0.0,,,0.0,0.0,True,False,0,0,False,False
P51655_91.0,0.0,0.0,0.0,,,0.0,0.0,True,False,0,0,False,False
P51660_175.0,0.0,0.0,0.0,,,0.0,0.0,True,False,0,0,False,False
P51660_189.0,0.0,0.0,0.0,,,0.0,0.0,True,False,0,0,False,False
P51660_277.0,2.1994054317474365,1.7048057715098064,-0.36750618816656544,0.7852831698638657,,-0.49459966023763013,0.49459966023763013,False,True,partial,partial,False,False
P51660_372.0,0.0,0.0,0.0,,,0.0,0.0,True,False,0,0,False,False
P51791_733.0,0.0,0.0,0.0,,,0.0,0.0,True,False,0,0,False,False
P51830_104.0,0.0,0.0,0.0,,,0.0,0.0,True,False,0,0,False,False
P51830_1125.0,0.0,0.0,0.0,,,0.0,0.0,True,False,0,0,False,False
P51830_1204.0,0.0,0.0,0.0,,,0.0,0.0,True,False,0,0,False,False
P51830_1245.0,0.0,0.0,0.0,,,0.0,0.0,True,False,0,0,False,False
P51830_1333.0,0.0,0.0,0.0,,,0.0,0.0,True,False,0,0,False,False
P51830_477.0,0.0,0.0,0.0,,,0.0,0.0,True,False,0,0,False,False
P51830_54.0,0.0,0.0,0.0,,,0.0,0.0,True,False,0,0,False,False
P51830_581.0,0.0,0.0,0.0,,,0.0,0.0,True,False,0,0,False,False
P51830_630.0,0.0,0.0,0.0,,,0.0,0.0,True,False,0,0,False,False
P51830_693.0,0.0,0.0,0.0,,,0.0,0.0,True,False,0,0,False,False
P51855_132.0,0.0,0.0,0.0,,,0.0,0.0,True,False,0,0,False,False
P51855_294.0,0.0,0.0,0.0,,,0.0,0.0,True,False,0,0,False,False
P51859_108.0,10.013897577921549,8.09470796585083,-0.3069526664740415,0.5812493998022685,,-1.9191896120707188,1.9191896120707188,False,True,partial,partial,False,False
P51859_12.0,0.0,0.0,0.0,,,0.0,0.0,True,False,0,0,False,False
P51863_197.0,0.0,0.0,0.0,,,0.0,0.0,True,False,0,0,False,False
P51863_209.0,0.0,0.0,0.0,,,0.0,0.0,True,False,0,0,False,False
P51863_244.0,0.0,0.0,0.0,,,0.0,0.0,True,False,0,0,False,False
P51863_326.0,0.0,0.0,0.0,,,0.0,0.0,True,False,0,0,False,False
P51863_335.0,0.0,0.0,0.0,,,0.0,0.0,True,False,0,0,False,False
P51863_39.0,0.0,0.0,0.0,,,0.0,0.0,True,False,0,0,False,False
P51880_105.0,0.0,0.0,0.0,,,0.0,0.0,True,False,0,0,False,False
P51881_160.0,0.0,0.0,0.0,,,0.0,0.0,True,False,0,0,False,False
P51881_257.0,1.6865042448043823,1.2041651457548141,-0.4860026844648598,0.07019933047176465,,-0.4823390990495682,0.4823390990495682,False,True,partial,partial,False,False
P51910_28.0,0.0,0.0,0.0,,,0.0,0.0,True,False,0,0,False,False
P51954_923.0,0.0,0.0,0.0,,,0.0,0.0,True,False,0,0,False,False
P52189_346.0,0.0,0.0,0.0,,,0.0,0.0,True,False,0,0,False,False
P52196_248.0,5.19221560160319,3.2112465302149453,-0.6932168646101224,7.360821193092773e-05,,-1.980969071388245,1.980969071388245,False,True,partial,partial,False,False
P52196_64.0,0.0,0.0,0.0,,,0.0,0.0,True,False,0,0,False,False
P52332_61.0,0.0,0.0,0.0,,,0.0,0.0,True,False,0,0,False,False
P52332_762.0,0.0,0.0,0.0,,,0.0,0.0,True,False,0,0,False,False
P52430_42.0,0.0,0.0,0.0,,,0.0,0.0,True,False,0,0,False,False
P52431_759.0,0.0,0.0,0.0,,,0.0,0.0,True,False,0,0,False,False
P52479_450.0,0.0,14.151292483011881,33.720214774023994,0.0823082987990566,,14.151292483011881,14.151292483011881,False,True,0,partial,False,False
P52480_152.0,1.0521018207073212,0.23150265216827393,-2.1841737015440064,0.021199043739216612,,-0.8205991685390472,0.8205991685390472,False,True,partial,partial,False,False
P52480_326.0,1.5290965636571248,1.1074801683425903,-0.4653986518906125,0.5503015396425854,,-0.42161639531453443,0.42161639531453443,False,True,partial,partial,False,False
P52480_358.0,23.38364092508952,22.620860417683918,-0.04784577526523929,0.9596553801344101,,-0.7627805074056013,0.7627805074056013,False,True,partial,partial,False,False
P52480_474.0,1.8023171623547871,1.2942691047986348,-0.4777152970307722,0.0019900051174755956,,-0.5080480575561523,0.5080480575561523,False,True,partial,partial,False,False
P52480_49.0,5.6285890738169355,3.7274420261383057,-0.5945874110617251,2.100184397129374e-06,,-1.9011470476786299,1.9011470476786299,False,True,partial,partial,False,False
P52503_104.0,0.0,0.0,0.0,,,0.0,0.0,True,False,0,0,False,False
P52503_79.0,3.4243523677190146,1.9458622535069783,-0.8154215769967603,0.017793896235317942,,-1.4784901142120364,1.4784901142120364,False,True,partial,partial,False,False
P52623_66.0,0.0,0.0,0.0,,,0.0,0.0,True,False,0,0,False,False
P52734_30.0,0.0,0.0,0.0,,,0.0,0.0,True,False,0,0,False,False
P52760_71.0,0.0,0.0,0.0,,,0.0,0.0,True,False,0,0,False,False
P52795_64.0,0.0,0.0,0.0,,,0.0,0.0,True,False,0,0,False,False
P52800_304.0,0.0,0.0,0.0,,,0.0,0.0,True,False,0,0,False,False
P52800_65.0,0.0,0.0,0.0,,,0.0,0.0,True,False,0,0,False,False
P52825_535.0,0.0,0.0,0.0,,,0.0,0.0,True,False,0,0,False,False
P53395_279.0,0.0,0.0,0.0,,,0.0,0.0,True,False,0,0,False,False
P53668_208.0,0.0,0.0,0.0,,,0.0,0.0,True,False,0,0,False,False
P53702_39.0,0.0,0.0,0.0,,,0.0,0.0,True,False,0,0,False,False
P53702_70.0,0.0,0.0,0.0,,,0.0,0.0,True,False,0,0,False,False
P53798_147.0,0.0,0.0,0.0,,,0.0,0.0,True,False,0,0,False,False
P53798_374.0,0.0,0.0,0.0,,,0.0,0.0,True,False,0,0,False,False
P53810_188.0,0.0,0.0,0.0,,,0.0,0.0,True,False,0,0,False,False
P53811_13.0,0.0,0.0,0.0,,,0.0,0.0,True,False,0,0,False,False
P53811_187.0,0.0,0.0,0.0,,,0.0,0.0,True,False,0,0,False,False
P53811_94.0,0.0,0.0,0.0,,,0.0,0.0,True,False,0,0,False,False
P53994_21.0,0.0,0.0,0.0,,,0.0,0.0,True,False,0,0,False,False
P53995_1074.0,0.0,0.0,0.0,,,0.0,0.0,True,False,0,0,False,False
P53995_575.0,0.0,0.0,0.0,,,0.0,0.0,True,False,0,0,False,False
P53995_729.0,0.0,0.0,0.0,,,0.0,0.0,True,False,0,0,False,False
P53995_867.0,0.0,0.0,0.0,,,0.0,0.0,True,False,0,0,False,False
P53996_112.0,0.0,0.0,0.0,,,0.0,0.0,True,False,0,0,False,False
P53996_120.0,0.0,0.0,0.0,,,0.0,0.0,True,False,0,0,False,False
P53996_141.0,0.0,0.0,0.0,,,0.0,0.0,True,False,0,0,False,False
P53996_159.0,0.0,0.0,0.0,,,0.0,0.0,True,False,0,0,False,False
P53996_162.0,0.0,0.0,0.0,,,0.0,0.0,True,False,0,0,False,False
P53996_54.0,0.0,0.0,0.0,,,0.0,0.0,True,False,0,0,False,False
P53996_57.0,0.0,0.0,0.0,,,0.0,0.0,True,False,0,0,False,False
P53996_98.0,0.0,0.0,0.0,,,0.0,0.0,True,False,0,0,False,False
P54071_113.0,0.0,0.0,0.0,,,0.0,0.0,True,False,0,0,False,False
P54071_154.0,0.0,0.0,0.0,,,0.0,0.0,True,False,0,0,False,False
P54071_308.0,0.0,0.0,0.0,,,0.0,0.0,True,False,0,0,False,False
P54071_402.0,3.628618359565735,2.8785201708475747,-0.3340930072597971,0.42335652166152826,,-0.7500981887181601,0.7500981887181601,False,True,partial,partial,False,False
P54071_418.0,0.0,0.0,0.0,,,0.0,0.0,True,False,0,0,False,False
P54103_276.0,0.0,0.0,0.0,,,0.0,0.0,True,False,0,0,False,False
P54254_39.0,8.78663444519043,0.0,-33.03266352816385,0.36321746764912255,,-8.78663444519043,8.78663444519043,False,True,partial,0,False,False
P54310_733.0,0.0,0.0,0.0,,,0.0,0.0,True,False,0,0,False,False
P54729_51.0,0.0,0.0,0.0,,,0.0,0.0,True,False,0,0,False,False
P54731_249.0,0.0,0.0,0.0,,,0.0,0.0,True,False,0,0,False,False
P54731_427.0,0.0,0.0,0.0,,,0.0,0.0,True,False,0,0,False,False
P54754_328.0,15.946805000305176,16.061025937398274,0.010296647674123444,0.990358378808514,,0.11422093709309777,0.11422093709309777,False,True,partial,partial,False,False
P54754_369.0,0.0,0.0,0.0,,,0.0,0.0,True,False,0,0,False,False
P54754_643.0,0.0,0.0,0.0,,,0.0,0.0,True,False,0,0,False,False
P54754_73.0,0.0,0.0,0.0,,,0.0,0.0,True,False,0,0,False,False
P54754_976.0,0.0,0.0,0.0,,,0.0,0.0,True,False,0,0,False,False
P54763_226.0,0.0,0.0,0.0,,,0.0,0.0,True,False,0,0,False,False
P54763_241.0,0.0,0.0,0.0,,,0.0,0.0,True,False,0,0,False,False
P54763_286.0,0.0,0.0,0.0,,,0.0,0.0,True,False,0,0,False,False
P54763_362.0,0.0,0.0,0.0,,,0.0,0.0,True,False,0,0,False,False
P54763_375.0,0.0,0.0,0.0,,,0.0,0.0,True,False,0,0,False,False
P54763_620.0,0.0,0.0,0.0,,,0.0,0.0,True,False,0,0,False,False
P54763_636.0,0.0,0.0,0.0,,,0.0,0.0,True,False,0,0,False,False
P54763_851.0,0.0,0.0,0.0,,,0.0,0.0,True,False,0,0,False,False
P54775_210.0,1.8530502319335938,0.8234581152598063,-1.1701348140215515,0.40199216275499927,,-1.0295921166737876,1.0295921166737876,False,True,partial,partial,False,False
P54775_379.0,0.0,0.0,0.0,,,0.0,0.0,True,False,0,0,False,False
P54797_135.0,0.0,0.0,0.0,,,0.0,0.0,True,False,0,0,False,False
P54822_27.0,0.0,0.0,0.0,,,0.0,0.0,True,False,0,0,False,False
P54823_102.0,0.0,0.0,0.0,,,0.0,0.0,True,False,0,0,False,False
P54823_324.0,0.0,0.0,0.0,,,0.0,0.0,True,False,0,0,False,False
P54823_390.0,0.0,0.0,0.0,,,0.0,0.0,True,False,0,0,False,False
P54830_384.0,0.0,0.0,0.0,,,0.0,0.0,True,False,0,0,False,False
P54830_518.0,0.0,0.0,0.0,,,0.0,0.0,True,False,0,0,False,False
P54923_108.0,0.0,0.0,0.0,,,0.0,0.0,True,False,0,0,False,False
P54923_134.0,0.0,0.0,0.0,,,0.0,0.0,True,False,0,0,False,False
P54923_142.0,0.0,0.0,0.0,,,0.0,0.0,True,False,0,0,False,False
P54923_95.0,0.0,0.0,0.0,,,0.0,0.0,True,False,0,0,False,False
P55012_623.0,0.0,0.0,0.0,,,0.0,0.0,True,False,0,0,False,False
P55012_784.0,0.0,0.0,0.0,,,0.0,0.0,True,False,0,0,False,False
P55012_958.0,0.0,0.0,0.0,,,0.0,0.0,True,False,0,0,False,False
P55066_1040.0,29.885727882385254,23.453013102213543,-0.34968339732449993,0.06546990759381785,,-6.432714780171711,6.432714780171711,False,True,partial,partial,False,False
P55066_1136.0,27.90166123708089,14.019394397735596,-0.9929269912546977,0.0042206506140871,,-13.882266839345295,13.882266839345295,False,True,partial,partial,False,False
P55066_1152.0,0.0,0.0,0.0,,,0.0,0.0,True,False,0,0,False,False
P55066_1167.0,7.905649503072103,8.907058556874594,0.17206508393820102,0.8551541634997526,,1.0014090538024911,1.0014090538024911,False,True,partial,partial,False,False
P55066_1196.0,4.120707432428996,1.5916388630867004,-1.3723790053844518,0.09510842366868591,,-2.5290685693422956,2.5290685693422956,False,True,partial,partial,False,False
P55066_181.0,15.887159506479898,11.938696066538492,-0.4122159303244194,0.0010224789276341347,,-3.9484634399414062,3.9484634399414062,False,True,partial,partial,False,False
P55066_205.0,0.0,5.944764137268066,32.46897242538676,0.17511445754151744,,5.944764137268066,5.944764137268066,False,True,0,partial,False,False
P55066_226.0,19.926833152770996,15.187444686889648,-0.3918332954612498,0.0028549382972018512,,-4.739388465881348,4.739388465881348,False,True,partial,partial,False,False
P55066_252.0,3.3392431338628135,7.238325754801433,1.1161348948295773,0.12842979332243895,,3.899082620938619,3.899082620938619,False,True,partial,partial,False,False
P55066_324.0,0.0,0.0,0.0,,,0.0,0.0,True,False,0,0,False,False
P55066_354.0,14.495007991790771,8.461800336837769,-0.7765195791268927,6.1633246027789425e-06,,-6.033207654953003,6.033207654953003,False,True,partial,partial,False,False
P55096_472.0,0.0,0.0,0.0,,,0.0,0.0,True,False,0,0,False,False
P55098_283.0,0.0,0.0,0.0,,,0.0,0.0,True,False,0,0,False,False
P55144_107.0,0.0,0.0,0.0,,,0.0,0.0,True,False,0,0,False,False
P55144_193.0,0.0,0.0,0.0,,,0.0,0.0,True,False,0,0,False,False
P55144_880.0,0.0,0.0,0.0,,,0.0,0.0,True,False,0,0,False,False
P55194_388.0,0.0,0.0,0.0,,,0.0,0.0,True,False,0,0,False,False
P55264_105.0,0.0,0.0,0.0,,,0.0,0.0,True,False,0,0,False,False
P55264_139.0,0.0,0.0,0.0,,,0.0,0.0,True,False,0,0,False,False
P55264_159.0,0.0,0.0,0.0,,,0.0,0.0,True,False,0,0,False,False
P55264_352.0,1.9338109493255615,6.417434374491374,1.7305498743106826,0.04695332498504665,,4.4836234251658125,4.4836234251658125,False,True,partial,partial,False,False
P55288_497.0,39.418251037597656,28.238285382588703,-0.48121127493570126,0.09265795979081276,,-11.179965655008953,11.179965655008953,False,True,partial,partial,False,False
P55937_1426.0,0.0,0.0,0.0,,,0.0,0.0,True,False,0,0,False,False
P56213_135.0,0.0,0.0,0.0,,,0.0,0.0,True,False,0,0,False,False
P56213_164.0,0.0,0.0,0.0,,,0.0,0.0,True,False,0,0,False,False
P56213_181.0,19.607277075449627,15.272203286488852,-0.36048098627352615,0.05082582752363486,,-4.335073788960775,4.335073788960775,False,True,partial,partial,False,False
P56371_28.0,0.0,2.2394312222798667,31.060485213255685,0.36321746764912255,,2.2394312222798667,2.2394312222798667,False,True,0,partial,False,False
P56375_29.0,0.0,0.0,0.0,,,0.0,0.0,True,False,0,0,False,False
P56380_123.0,0.0,0.0,0.0,,,0.0,0.0,True,False,0,0,False,False
P56380_143.0,0.0,0.0,0.0,,,0.0,0.0,True,False,0,0,False,False
P56382_19.0,0.0,0.0,0.0,,,0.0,0.0,True,False,0,0,False,False
P56387_68.0,0.0,0.0,0.0,,,0.0,0.0,True,False,0,0,False,False
P56387_8.0,0.0,0.0,0.0,,,0.0,0.0,True,False,0,0,False,False
P56388_121.0,0.0,0.0,0.0,,,0.0,0.0,True,False,0,0,False,False
P56391_30.0,1.6746984322865803,1.7044901847839355,0.025438963048261088,0.9808687658433758,,0.029791752497355217,0.029791752497355217,False,True,partial,partial,False,False
P56391_54.0,24.834598541259766,18.38137896855672,-0.434106423871712,0.00021851489811155854,,-6.453219572703045,6.453219572703045,False,True,partial,partial,False,False
P56391_65.0,10.902564207712809,10.724995613098145,-0.023690429194136026,0.9397259279729324,,-0.17756859461466412,0.17756859461466412,False,True,partial,partial,False,False
P56394_36.0,0.0,0.0,0.0,,,0.0,0.0,True,False,0,0,False,False
P56399_195.0,0.0,0.0,0.0,,,0.0,0.0,True,False,0,0,False,False
P56399_219.0,1.6368879079818726,0.8244035641352335,-0.9895328831987219,0.3131046103853008,,-0.812484343846639,0.812484343846639,False,True,partial,partial,False,False
P56399_838.0,0.0,0.0,0.0,,,0.0,0.0,True,False,0,0,False,False
P56528_16.0,0.0,0.0,0.0,,,0.0,0.0,True,False,0,0,False,False
P56528_258.0,24.18677584330241,23.166670163472492,-0.06216777245823178,0.9404308575556641,,-1.0201056798299177,1.0201056798299177,False,True,partial,partial,False,False
P56528_279.0,0.0,0.0,0.0,,,0.0,0.0,True,False,0,0,False,False
P56528_300.0,0.0,0.0,0.0,,,0.0,0.0,True,False,0,0,False,False
P56528_86.0,0.0,0.0,0.0,,,0.0,0.0,True,False,0,0,False,False
P56546_60.0,0.0,0.0,0.0,,,0.0,0.0,True,False,0,0,False,False
P56564_186.0,1.8126984437306721,2.3391379912694297,0.3678380303326633,0.7495206886128317,,0.5264395475387575,0.5264395475387575,False,True,partial,partial,False,False
P56564_375.0,0.0,0.0,0.0,,,0.0,0.0,True,False,0,0,False,False
P56581_173.0,0.0,0.0,0.0,,,0.0,0.0,True,False,0,0,False,False
P56695_692.0,0.0,0.0,0.0,,,0.0,0.0,True,False,0,0,False,False
P56873_187.0,0.0,0.0,0.0,,,0.0,0.0,True,False,0,0,False,False
P56873_53.0,0.0,0.0,0.0,,,0.0,0.0,True,False,0,0,False,False
P56959_421.0,0.0,0.0,0.0,,,0.0,0.0,True,False,0,0,False,False
P56959_437.0,0.0,0.0,0.0,,,0.0,0.0,True,False,0,0,False,False
P56960_73.0,0.0,0.0,0.0,,,0.0,0.0,True,False,0,0,False,False
P57716_585.0,0.0,0.0,0.0,,,0.0,0.0,True,False,0,0,False,False
P57722_190.0,0.0,0.0,0.0,,,0.0,0.0,True,False,0,0,False,False
P57724_113.0,0.0,0.0,0.0,,,0.0,0.0,True,False,0,0,False,False
P57724_167.0,0.0,0.0,0.0,,,0.0,0.0,True,False,0,0,False,False
P57724_58.0,0.0,0.0,0.0,,,0.0,0.0,True,False,0,0,False,False
P57724_88.0,0.0,0.0,0.0,,,0.0,0.0,True,False,0,0,False,False
P57759_159.0,0.0,0.0,0.0,,,0.0,0.0,True,False,0,0,False,False
P57776_217.0,0.0,0.0,0.0,,,0.0,0.0,True,False,0,0,False,False
P57776_247.0,0.0,0.0,0.0,,,0.0,0.0,True,False,0,0,False,False
P57780_174.0,2.095068017641703,1.398726761341095,-0.5828829200570669,0.09940627473704723,,-0.6963412563006082,0.6963412563006082,False,True,partial,partial,False,False
P57780_352.0,0.0,0.0,0.0,,,0.0,0.0,True,False,0,0,False,False
P57780_500.0,0.0,0.0,0.0,,,0.0,0.0,True,False,0,0,False,False
P57780_61.0,0.0,0.0,0.0,,,0.0,0.0,True,False,0,0,False,False
P57780_794.0,0.0,0.0,0.0,,,0.0,0.0,True,False,0,0,False,False
P57780_880.0,0.0,0.0,0.0,,,0.0,0.0,True,False,0,0,False,False
P58021_173.0,0.0,0.0,0.0,,,0.0,0.0,True,False,0,0,False,False
P58021_193.0,37.88659922281901,31.836656888326008,-0.2509987974974761,0.579600294401371,,-6.049942334493,6.049942334493,False,True,partial,partial,False,False
P58021_249.0,50.0,29.80251121520996,-0.746494194882088,0.41875312649097624,,-20.19748878479004,20.19748878479004,False,True,partial,partial,False,False
P58021_83.0,26.949536323547363,19.4273624420166,-0.4721704045159142,0.01423425444312575,,-7.522173881530762,7.522173881530762,False,True,partial,partial,False,False
P58044_172.0,0.0,0.0,0.0,,,0.0,0.0,True,False,0,0,False,False
P58044_39.0,0.0,0.0,0.0,,,0.0,0.0,True,False,0,0,False,False
P58058_79.0,0.0,0.0,0.0,,,0.0,0.0,True,False,0,0,False,False
P58064_105.0,0.0,0.0,0.0,,,0.0,0.0,True,False,0,0,False,False
P58069_353.0,0.0,0.0,0.0,,,0.0,0.0,True,False,0,0,False,False
P58069_429.0,0.0,0.0,0.0,,,0.0,0.0,True,False,0,0,False,False
P58252_290.0,0.0,0.0,0.0,,,0.0,0.0,True,False,0,0,False,False
P58252_369.0,0.0,0.0,0.0,,,0.0,0.0,True,False,0,0,False,False
P58252_41.0,0.0,0.0,0.0,,,0.0,0.0,True,False,0,0,False,False
P58252_567.0,0.0,0.0,0.0,,,0.0,0.0,True,False,0,0,False,False
P58252_591.0,6.498687823613484,9.276148955027262,0.5133775395414532,0.3594552415724511,,2.7774611314137774,2.7774611314137774,False,True,partial,partial,False,False
P58252_651.0,0.0,0.0,0.0,,,0.0,0.0,True,False,0,0,False,False
P58252_693.0,1.478381832440694,1.540716568628947,0.059582553999591274,0.9220287977779384,,0.062334736188252915,0.062334736188252915,False,True,partial,partial,False,False
P58252_728.0,10.29190476735433,1.3272709051767986,-2.95497524189313,0.008678191659266024,,-8.964633862177532,8.964633862177532,False,True,partial,partial,False,False
P58281_375.0,3.186993678410848,1.5662738680839539,-1.0248596623702977,0.0948864101032701,,-1.6207198103268943,1.6207198103268943,False,True,partial,partial,False,False
P58281_435.0,0.0,0.0,0.0,,,0.0,0.0,True,False,0,0,False,False
P58281_551.0,0.0,0.0,0.0,,,0.0,0.0,True,False,0,0,False,False
P58281_786.0,0.0,0.0,0.0,,,0.0,0.0,True,False,0,0,False,False
P58281_853.0,0.0,0.0,0.0,,,0.0,0.0,True,False,0,0,False,False
P58281_874.0,0.0,0.0,0.0,,,0.0,0.0,True,False,0,0,False,False
P58404_337.0,0.0,0.0,0.0,,,0.0,0.0,True,False,0,0,False,False
P58404_569.0,0.0,0.0,0.0,,,0.0,0.0,True,False,0,0,False,False
P58404_720.0,0.0,0.0,0.0,,,0.0,0.0,True,False,0,0,False,False
P58404_740.0,0.0,0.0,0.0,,,0.0,0.0,True,False,0,0,False,False
P58501_855.0,0.0,0.0,0.0,,,0.0,0.0,True,False,0,0,False,False
P58771_190.0,0.0,0.0,0.0,,,0.0,0.0,True,False,0,0,False,False
P58802_324.0,0.0,0.0,0.0,,,0.0,0.0,True,False,0,0,False,False
P58854_17.0,0.0,0.0,0.0,,,0.0,0.0,True,False,0,0,False,False
P58854_323.0,0.0,0.0,0.0,,,0.0,0.0,True,False,0,0,False,False
P58854_386.0,0.0,0.0,0.0,,,0.0,0.0,True,False,0,0,False,False
P58871_1168.0,0.0,0.0,0.0,,,0.0,0.0,True,False,0,0,False,False
P58871_1289.0,7.6748857498168945,7.809526443481445,0.02508979408149103,0.9757101473912329,,0.13464069366455078,0.13464069366455078,False,True,partial,partial,False,False
P58871_1317.0,0.0,0.0,0.0,,,0.0,0.0,True,False,0,0,False,False
P58871_1327.0,0.0,0.0,0.0,,,0.0,0.0,True,False,0,0,False,False
P58871_1346.0,0.0,0.0,0.0,,,0.0,0.0,True,False,0,0,False,False
P58871_159.0,0.0,0.0,0.0,,,0.0,0.0,True,False,0,0,False,False
P58871_206.0,0.0,0.0,0.0,,,0.0,0.0,True,False,0,0,False,False
P58871_231.0,0.0,0.0,0.0,,,0.0,0.0,True,False,0,0,False,False
P58871_259.0,0.0,0.0,0.0,,,0.0,0.0,True,False,0,0,False,False
P58871_406.0,0.0,0.0,0.0,,,0.0,0.0,True,False,0,0,False,False
P58871_717.0,0.0,0.0,0.0,,,0.0,0.0,True,False,0,0,False,False
P58871_779.0,0.0,0.0,0.0,,,0.0,0.0,True,False,0,0,False,False
P59016_259.0,0.0,0.0,0.0,,,0.0,0.0,True,False,0,0,False,False
P59016_522.0,0.0,0.0,0.0,,,0.0,0.0,True,False,0,0,False,False
P59016_546.0,0.0,0.0,0.0,,,0.0,0.0,True,False,0,0,False,False
P59108_265.0,0.0,0.0,0.0,,,0.0,0.0,True,False,0,0,False,False
P59108_48.0,0.0,0.0,0.0,,,0.0,0.0,True,False,0,0,False,False
P59114_360.0,0.0,0.0,0.0,,,0.0,0.0,True,False,0,0,False,False
P59114_403.0,0.0,0.0,0.0,,,0.0,0.0,True,False,0,0,False,False
P59114_454.0,0.0,0.0,0.0,,,0.0,0.0,True,False,0,0,False,False
P59114_523.0,0.0,0.0,0.0,,,0.0,0.0,True,False,0,0,False,False
P59279_154.0,0.0,0.0,0.0,,,0.0,0.0,True,False,0,0,False,False
P59281_1069.0,0.0,0.0,0.0,,,0.0,0.0,True,False,0,0,False,False
P59281_168.0,0.0,0.0,0.0,,,0.0,0.0,True,False,0,0,False,False
P59281_281.0,0.0,0.0,0.0,,,0.0,0.0,True,False,0,0,False,False
P59281_671.0,0.0,0.0,0.0,,,0.0,0.0,True,False,0,0,False,False
P59281_782.0,0.0,0.0,0.0,,,0.0,0.0,True,False,0,0,False,False
P59281_98.0,0.0,0.0,0.0,,,0.0,0.0,True,False,0,0,False,False
P59325_122.0,0.0,0.0,0.0,,,0.0,0.0,True,False,0,0,False,False
P59325_138.0,0.0,0.0,0.0,,,0.0,0.0,True,False,0,0,False,False
P59325_99.0,0.0,0.0,0.0,,,0.0,0.0,True,False,0,0,False,False
P59481_199.0,0.0,0.0,0.0,,,0.0,0.0,True,False,0,0,False,False
P59481_236.0,0.0,0.0,0.0,,,0.0,0.0,True,False,0,0,False,False
P59644_362.0,0.0,0.0,0.0,,,0.0,0.0,True,False,0,0,False,False
P59644_525.0,0.0,0.0,0.0,,,0.0,0.0,True,False,0,0,False,False
P59648_63.0,0.0,0.0,0.0,,,0.0,0.0,True,False,0,0,False,False
P59764_1190.0,0.0,0.0,0.0,,,0.0,0.0,True,False,0,0,False,False
P59764_1499.0,0.0,0.0,0.0,,,0.0,0.0,True,False,0,0,False,False
P59764_1604.0,0.0,0.0,0.0,,,0.0,0.0,True,False,0,0,False,False
P59764_1732.0,0.0,0.0,0.0,,,0.0,0.0,True,False,0,0,False,False
P59764_530.0,0.0,0.0,0.0,,,0.0,0.0,True,False,0,0,False,False
P59808_1018.0,0.0,0.0,0.0,,,0.0,0.0,True,False,0,0,False,False
P59808_1153.0,0.0,0.0,0.0,,,0.0,0.0,True,False,0,0,False,False
P59808_399.0,0.0,0.0,0.0,,,0.0,0.0,True,False,0,0,False,False
P59808_720.0,0.0,0.0,0.0,,,0.0,0.0,True,False,0,0,False,False
P59808_811.0,0.0,0.0,0.0,,,0.0,0.0,True,False,0,0,False,False
P59808_814.0,0.0,0.0,0.0,,,0.0,0.0,True,False,0,0,False,False
P59808_853.0,0.0,16.666666666666668,33.95624654312639,0.36321746764912255,,16.666666666666668,16.666666666666668,False,True,0,partial,False,False
P59999_21.0,0.0,0.0,0.0,,,0.0,0.0,True,False,0,0,False,False
P60003_26.0,0.0,0.0,0.0,,,0.0,0.0,True,False,0,0,False,False
P60122_141.0,0.0,0.0,0.0,,,0.0,0.0,True,False,0,0,False,False
P60122_49.0,24.26619529724121,16.634332021077473,-0.5447839920857537,0.5833937421591926,,-7.631863276163738,7.631863276163738,False,True,partial,partial,False,False
P60122_94.0,0.0,0.0,0.0,,,0.0,0.0,True,False,0,0,False,False
P60191_164.0,0.0,0.0,0.0,,,0.0,0.0,True,False,0,0,False,False
P60202_139.0,0.0,0.0,0.0,,,0.0,0.0,True,False,0,0,False,False
P60202_201.0,12.135222434997559,8.285323143005371,-0.5505706813994525,0.000936478602194817,,-3.8498992919921875,3.8498992919921875,False,True,partial,partial,False,False
P60202_220.0,6.599059780438741,3.20274809996287,-1.042950154003253,0.003857038070691212,,-3.3963116804758706,3.3963116804758706,False,True,partial,partial,False,False
P60202_228.0,9.107518037160238,4.1918861865997314,-1.1194584000317445,0.00031431426350595615,,-4.915631850560507,4.915631850560507,False,True,partial,partial,False,False
P60229_345.0,0.0,0.0,0.0,,,0.0,0.0,True,False,0,0,False,False
P60335_109.0,3.0712084770202637,2.960680683453878,-0.05287754658250802,0.879339061557954,,-0.11052779356638576,0.11052779356638576,False,True,partial,partial,False,False
P60335_158.0,2.3351311683654785,2.148359000682831,-0.12026849638478523,0.409854737592499,,-0.1867721676826477,0.1867721676826477,False,True,partial,partial,False,False
P60335_163.0,8.710812250773111,14.359403610229492,0.7211166746764669,0.6635270972478338,,5.648591359456381,5.648591359456381,False,True,partial,partial,False,False
P60335_194.0,16.17038408915202,4.8469367027282715,-1.7382087995613156,0.14612754786659968,,-11.323447386423748,11.323447386423748,False,True,partial,partial,False,False
P60469_122.0,0.0,0.0,0.0,,,0.0,0.0,True,False,0,0,False,False
P60469_250.0,0.0,0.0,0.0,,,0.0,0.0,True,False,0,0,False,False
P60469_653.0,0.0,0.0,0.0,,,0.0,0.0,True,False,0,0,False,False
P60469_829.0,0.0,0.0,0.0,,,0.0,0.0,True,False,0,0,False,False
P60487_159.0,0.0,0.0,0.0,,,0.0,0.0,True,False,0,0,False,False
P60487_167.0,22.907018343607586,27.20284827550252,0.24796803211802504,0.5466662496371454,,4.295829931894936,4.295829931894936,False,True,partial,partial,False,False
P60487_217.0,0.0,0.0,0.0,,,0.0,0.0,True,False,0,0,False,False
P60487_26.0,0.0,0.0,0.0,,,0.0,0.0,True,False,0,0,False,False
P60487_91.0,7.197372754414876,7.697977066040039,0.09700899507690273,0.9079988942956014,,0.5006043116251631,0.5006043116251631,False,True,partial,partial,False,False
P60603_15.0,7.717708985010783,5.871515154838562,-0.39443980314265087,0.05352138574651953,,-1.8461938301722212,1.8461938301722212,False,True,partial,partial,False,False
P60605_75.0,0.0,0.0,0.0,,,0.0,0.0,True,False,0,0,False,False
P60605_89.0,52.303074518839516,47.22031021118164,-0.14748823524979007,0.010919951437693231,,-5.082764307657875,5.082764307657875,False,True,partial,partial,False,False
P60670_188.0,0.0,0.0,0.0,,,0.0,0.0,True,False,0,0,False,False
P60710_217.0,37.301574071248375,40.51258214314779,0.11913352938393089,0.24473134784100764,,3.211008071899414,3.211008071899414,False,True,partial,partial,False,False
P60710_257.0,0.0,0.0,0.0,,,0.0,0.0,True,False,0,0,False,False
P60710_272.0,0.0,0.0,0.0,,,0.0,0.0,True,False,0,0,False,False
P60755_38.0,0.0,0.0,0.0,,,0.0,0.0,True,False,0,0,False,False
P60755_417.0,0.0,0.0,0.0,,,0.0,0.0,True,False,0,0,False,False
P60755_561.0,0.0,0.0,0.0,,,0.0,0.0,True,False,0,0,False,False
P60762_19.0,0.0,0.0,0.0,,,0.0,0.0,True,False,0,0,False,False
P60766_105.0,0.0,0.0,0.0,,,0.0,0.0,True,False,0,0,False,False
P60766_157.0,0.0,0.0,0.0,,,0.0,0.0,True,False,0,0,False,False
P60766_18.0,0.0,0.0,0.0,,,0.0,0.0,True,False,0,0,False,False
P60843_66.0,0.0,0.0,0.0,,,0.0,0.0,True,False,0,0,False,False
P60853_167.0,0.0,0.0,0.0,,,0.0,0.0,True,False,0,0,False,False
P60853_261.0,0.0,0.0,0.0,,,0.0,0.0,True,False,0,0,False,False
P60853_448.0,0.0,0.0,0.0,,,0.0,0.0,True,False,0,0,False,False
P60867_36.0,4.685729185740153,1.1945576667785645,-1.9717970733849601,0.22518127841538874,,-3.491171518961589,3.491171518961589,False,True,partial,partial,False,False
P60867_70.0,0.0,0.0,0.0,,,0.0,0.0,True,False,0,0,False,False
P61028_123.0,0.0,0.0,0.0,,,0.0,0.0,True,False,0,0,False,False
P61080_85.0,5.086827834447225,5.669041395187378,0.1563385372026397,0.4257118016753312,,0.5822135607401533,0.5822135607401533,False,True,partial,partial,False,False
P61082_47.0,8.66032044092814,3.0024057229359946,-1.5283014615680335,0.05696014458161213,,-5.657914717992146,5.657914717992146,False,True,partial,partial,False,False
P61082_65.0,0.0,0.0,0.0,,,0.0,0.0,True,False,0,0,False,False
P61082_95.0,0.0,0.0,0.0,,,0.0,0.0,True,False,0,0,False,False
P61087_170.0,0.0,0.0,0.0,,,0.0,0.0,True,False,0,0,False,False
P61089_87.0,3.7475298245747886,3.2375797033309937,-0.2110242500247452,0.6525372495150534,,-0.5099501212437949,0.5099501212437949,False,True,partial,partial,False,False
P61148_31.0,0.0,0.0,0.0,,,0.0,0.0,True,False,0,0,False,False
P61161_11.0,1.9010847210884094,2.6175864934921265,0.46141438247599714,0.3328387289345478,,0.716501772403717,0.716501772403717,False,True,partial,partial,False,False
P61161_20.0,0.0,0.0,0.0,,,0.0,0.0,True,False,0,0,False,False
P61161_221.0,2.069496134916941,0.7630456686019897,-1.439438242278414,0.01084455472532391,,-1.3064504663149514,1.3064504663149514,False,True,partial,partial,False,False
P61164_222.0,4.2294013897577925,3.3629366954167685,-0.3307318636655792,0.6774671814765163,,-0.8664646943410239,0.8664646943410239,False,True,partial,partial,False,False
P61164_34.0,0.0,0.0,0.0,,,0.0,0.0,True,False,0,0,False,False
P61202_179.0,0.0,0.0,0.0,,,0.0,0.0,True,False,0,0,False,False
P61208_64.0,0.0,0.0,0.0,,,0.0,0.0,True,False,0,0,False,False
P61222_201.0,0.0,0.0,0.0,,,0.0,0.0,True,False,0,0,False,False
P61222_38.0,0.0,0.0,0.0,,,0.0,0.0,True,False,0,0,False,False
P61222_65.0,0.0,0.0,0.0,,,0.0,0.0,True,False,0,0,False,False
P61222_88.0,0.0,0.0,0.0,,,0.0,0.0,True,False,0,0,False,False
P61226_140.0,1.4580907026926677,1.0827987392743428,-0.42931535419020567,0.7298325489560243,,-0.37529196341832494,0.37529196341832494,False,True,partial,partial,False,False
P61290_92.0,0.0,0.0,0.0,,,0.0,0.0,True,False,0,0,False,False
P61329_206.0,0.0,0.0,0.0,,,0.0,0.0,True,False,0,0,False,False
P61460_1582.0,0.0,0.0,0.0,,,0.0,0.0,True,False,0,0,False,False
P61460_498.0,0.0,0.0,0.0,,,0.0,0.0,True,False,0,0,False,False
P61514_57.0,0.0,0.0,0.0,,,0.0,0.0,True,False,0,0,False,False
P61600_9.0,0.0,0.0,0.0,,,0.0,0.0,True,False,0,0,False,False
P61759_112.0,0.0,0.0,0.0,,,0.0,0.0,True,False,0,0,False,False
P61759_8.0,0.0,0.0,0.0,,,0.0,0.0,True,False,0,0,False,False
P61922_163.0,0.0,0.0,0.0,,,0.0,0.0,True,False,0,0,False,False
P61922_166.0,0.0,0.0,0.0,,,0.0,0.0,True,False,0,0,False,False
P61922_197.0,2.2023072242736816,2.31326691309611,0.07091599843218857,0.9729719576183631,,0.11095968882242824,0.11095968882242824,False,True,partial,partial,False,False
P61922_224.0,4.58211350440979,3.342387000719706,-0.45513440967383106,0.4148827323532928,,-1.239726503690084,1.239726503690084,False,True,partial,partial,False,False
P61922_269.0,6.469078302383423,1.307972510655721,-2.3062279541263466,0.02424767575970824,,-5.161105791727702,5.161105791727702,False,True,partial,partial,False,False
P61922_321.0,0.0,0.0,0.0,,,0.0,0.0,True,False,0,0,False,False
P61922_334.0,0.0,0.0,0.0,,,0.0,0.0,True,False,0,0,False,False
P61922_440.0,1.3834544817606609,1.2655353943506877,-0.12852732012257836,0.6202011418544371,,-0.11791908740997314,0.11791908740997314,False,True,partial,partial,False,False
P61922_467.0,0.0,0.0,0.0,,,0.0,0.0,True,False,0,0,False,False
P61922_75.0,0.0,0.0,0.0,,,0.0,0.0,True,False,0,0,False,False
P61963_109.0,0.0,0.0,0.0,,,0.0,0.0,True,False,0,0,False,False
P61963_256.0,0.0,0.0,0.0,,,0.0,0.0,True,False,0,0,False,False
P61963_61.0,0.0,0.0,0.0,,,0.0,0.0,True,False,0,0,False,False
P61965_195.0,0.0,0.0,0.0,,,0.0,0.0,True,False,0,0,False,False
P61965_205.0,0.0,0.0,0.0,,,0.0,0.0,True,False,0,0,False,False
P61971_114.0,1.8178844849268596,0.8281187415122986,-1.1343509758705859,0.19178676100581912,,-0.989765743414561,0.989765743414561,False,True,partial,partial,False,False
P61971_38.0,0.0,0.0,0.0,,,0.0,0.0,True,False,0,0,False,False
P61971_80.0,22.986767450968426,20.70317204793294,-0.15095177115815092,0.8723496654820921,,-2.283595403035484,2.283595403035484,False,True,partial,partial,False,False
P61979_145.0,0.0,0.0,0.0,,,0.0,0.0,True,False,0,0,False,False
P61979_184.0,0.0,0.0,0.0,,,0.0,0.0,True,False,0,0,False,False
P61979_185.0,0.0,0.0,0.0,,,0.0,0.0,True,False,0,0,False,False
P61982_112.0,1.0218088229497273,0.3659963210423787,-1.4812242436524374,0.4040428399795256,,-0.6558125019073486,0.6558125019073486,False,True,partial,partial,False,False
P62046_151.0,0.0,0.0,0.0,,,0.0,0.0,True,False,0,0,False,False
P62046_187.0,0.0,0.0,0.0,,,0.0,0.0,True,False,0,0,False,False
P62046_241.0,0.0,0.0,0.0,,,0.0,0.0,True,False,0,0,False,False
P62069_10.0,0.0,0.0,0.0,,,0.0,0.0,True,False,0,0,False,False
P62069_222.0,0.0,0.0,0.0,,,0.0,0.0,True,False,0,0,False,False
P62069_229.0,0.0,0.0,0.0,,,0.0,0.0,True,False,0,0,False,False
P62071_183.0,0.0,0.0,0.0,,,0.0,0.0,True,False,0,0,False,False
P62071_55.0,0.0,0.0,0.0,,,0.0,0.0,True,False,0,0,False,False
P62073_29.0,0.0,0.0,0.0,,,0.0,0.0,True,False,0,0,False,False
P62073_50.0,23.535506884257,19.779800415039062,-0.2508110557926229,0.016515577315847157,,-3.7557064692179374,3.7557064692179374,False,True,partial,partial,False,False
P62075_50.0,0.0,0.0,0.0,,,0.0,0.0,True,False,0,0,False,False
P62077_55.0,0.0,0.0,0.0,,,0.0,0.0,True,False,0,0,False,False
P62080_200.0,41.24638366699219,9.653798421223959,-2.0950990269095184,0.003652162958241611,,-31.592585245768227,31.592585245768227,False,True,partial,partial,False,False
P62137_62.0,0.0,0.23681896924972534,27.81920941096531,0.36321746764912255,,0.23681896924972534,0.23681896924972534,False,True,0,partial,False,False
P62141_104.0,0.0,0.0,0.0,,,0.0,0.0,True,False,0,0,False,False
P62141_126.0,0.0,0.0,0.0,,,0.0,0.0,True,False,0,0,False,False
P62141_139.0,0.0,0.0,0.0,,,0.0,0.0,True,False,0,0,False,False
P62141_170.0,0.0,0.0,0.0,,,0.0,0.0,True,False,0,0,False,False
P62141_244.0,0.0,0.0,0.0,,,0.0,0.0,True,False,0,0,False,False
P62141_61.0,0.0,0.0,0.0,,,0.0,0.0,True,False,0,0,False,False
P62192_148.0,0.0,0.0,0.0,,,0.0,0.0,True,False,0,0,False,False
P62192_399.0,0.0,0.0,0.0,,,0.0,0.0,True,False,0,0,False,False
P62192_58.0,0.46392810344696045,0.32467953364054364,-0.5148847954835886,0.7621980761910614,,-0.1392485698064168,0.1392485698064168,False,True,partial,partial,False,False
P62196_112.0,0.0,0.0,0.0,,,0.0,0.0,True,False,0,0,False,False
P62196_209.0,0.0,0.0,0.0,,,0.0,0.0,True,False,0,0,False,False
P62196_363.0,0.0,0.0,0.0,,,0.0,0.0,True,False,0,0,False,False
P62242_100.0,5.928823232650757,8.534471035003662,0.5255559544259945,0.23498979454929173,,2.6056478023529053,2.6056478023529053,False,True,partial,partial,False,False
P62242_174.0,0.0,0.0,0.0,,,0.0,0.0,True,False,0,0,False,False
P62245_30.0,0.0,0.0,0.0,,,0.0,0.0,True,False,0,0,False,False
P62259_97.0,0.0,0.0,0.0,,,0.0,0.0,True,False,0,0,False,False
P62259_98.0,0.0,0.0,0.0,,,0.0,0.0,True,False,0,0,False,False
P62264_85.0,0.0,0.0,0.0,,,0.0,0.0,True,False,0,0,False,False
P62274_39.0,0.0,0.0,0.0,,,0.0,0.0,True,False,0,0,False,False
P62281_116.0,0.0,0.0,0.0,,,0.0,0.0,True,False,0,0,False,False
P62281_131.0,0.0,0.0,0.0,,,0.0,0.0,True,False,0,0,False,False
P62281_60.0,0.0,0.0,0.0,,,0.0,0.0,True,False,0,0,False,False
P62317_46.0,0.0,0.0,0.0,,,0.0,0.0,True,False,0,0,False,False
P62317_63.0,0.0,0.0,0.0,,,0.0,0.0,True,False,0,0,False,False
P62320_20.0,0.0,0.0,0.0,,,0.0,0.0,True,False,0,0,False,False
P62320_41.0,0.0,0.0,0.0,,,0.0,0.0,True,False,0,0,False,False
P62334_170.0,0.0,0.0,0.0,,,0.0,0.0,True,False,0,0,False,False
P62334_193.0,0.0,0.0,0.0,,,0.0,0.0,True,False,0,0,False,False
P62334_228.0,0.0,0.0,0.0,,,0.0,0.0,True,False,0,0,False,False
P62334_347.0,0.0,0.0,0.0,,,0.0,0.0,True,False,0,0,False,False
P62340_68.0,0.0,0.0,0.0,,,0.0,0.0,True,False,0,0,False,False
P62482_212.0,0.0,0.0,0.0,,,0.0,0.0,True,False,0,0,False,False
P62484_33.0,0.0,0.0,0.0,,,0.0,0.0,True,False,0,0,False,False
P62488_127.0,0.0,0.0,0.0,,,0.0,0.0,True,False,0,0,False,False
P62631_31.0,0.0,0.0,0.0,,,0.0,0.0,True,False,0,0,False,False
P62631_326.0,0.0,0.0,0.0,,,0.0,0.0,True,False,0,0,False,False
P62631_411.0,0.0,0.0,0.0,,,0.0,0.0,True,False,0,0,False,False
P62702_181.0,0.0,0.0,0.0,,,0.0,0.0,True,False,0,0,False,False
P62715_196.0,3.8076858520507812,0.0,-31.826267310326116,0.17478871779353422,,-3.8076858520507812,3.8076858520507812,False,True,partial,0,False,False
P62715_20.0,0.0,0.0,0.0,,,0.0,0.0,True,False,0,0,False,False
P62715_251.0,0.0,0.0,0.0,,,0.0,0.0,True,False,0,0,False,False
P62715_266.0,2.277133882045746,2.206981877485911,-0.04514433285723377,0.8083882131833077,,-0.07015200455983495,0.07015200455983495,False,True,partial,partial,False,False
P62715_269.0,0.0,0.0,0.0,,,0.0,0.0,True,False,0,0,False,False
P62715_50.0,0.0,0.0,0.0,,,0.0,0.0,True,False,0,0,False,False
P62717_109.0,0.0,0.0,0.0,,,0.0,0.0,True,False,0,0,False,False
P62717_22.0,0.0,0.0,0.0,,,0.0,0.0,True,False,0,0,False,False
P62717_64.0,0.0,0.0,0.0,,,0.0,0.0,True,False,0,0,False,False
P62746_107.0,5.030287742614746,1.7194154262542725,-1.548722771859971,0.028067203468275344,,-3.3108723163604736,3.3108723163604736,False,True,partial,partial,False,False
P62746_159.0,0.0,0.0,0.0,,,0.0,0.0,True,False,0,0,False,False
P62746_16.0,0.0,0.0,0.0,,,0.0,0.0,True,False,0,0,False,False
P62746_20.0,0.0,0.0,0.0,,,0.0,0.0,True,False,0,0,False,False
P62746_83.0,64.42548751831055,84.9895788828532,0.3996544047630727,0.036560308560845065,,20.564091364542648,20.564091364542648,False,True,partial,partial,False,False
P62748_185.0,0.0,0.0,0.0,,,0.0,0.0,True,False,0,0,False,False
P62748_38.0,0.0,0.0,0.0,,,0.0,0.0,True,False,0,0,False,False
P62754_12.0,3.6438727378845215,3.6995445092519126,0.02187508200224739,0.9078677591938269,,0.0556717713673911,0.0556717713673911,False,True,partial,partial,False,False
P62761_187.0,2.1582085688908896,1.0870893001556396,-0.9893638356792719,0.24156505486578075,,-1.07111926873525,1.07111926873525,False,True,partial,partial,False,False
P62761_87.0,0.0,0.0,0.0,,,0.0,0.0,True,False,0,0,False,False
P62774_83.0,0.0,0.0,0.0,,,0.0,0.0,True,False,0,0,False,False
P62814_112.0,7.665216684341431,4.83708389600118,-0.6641890146198347,0.1263042266322455,,-2.828132788340251,2.828132788340251,False,True,partial,partial,False,False
P62814_207.0,2.2206153670946756,1.2618346611658733,-0.8154366391029897,0.24285490521085407,,-0.9587807059288023,0.9587807059288023,False,True,partial,partial,False,False
P62814_289.0,0.0,0.0,0.0,,,0.0,0.0,True,False,0,0,False,False
P62814_425.0,0.0,0.0,0.0,,,0.0,0.0,True,False,0,0,False,False
P62823_145.0,0.0,0.0,0.0,,,0.0,0.0,True,False,0,0,False,False
P62823_192.0,1.1755523482958476,0.7492209076881409,-0.6498757191314559,0.38271536317446264,,-0.4263314406077068,0.4263314406077068,False,True,partial,partial,False,False
P62827_112.0,0.0,0.0,0.0,,,0.0,0.0,True,False,0,0,False,False
P62827_120.0,0.0,0.0,0.0,,,0.0,0.0,True,False,0,0,False,False
P62830_125.0,8.354951858520508,10.234446128209433,0.2927296075316103,0.64751965430382,,1.8794942696889247,1.8794942696889247,False,True,partial,partial,False,False
P62830_28.0,0.0,0.0,0.0,,,0.0,0.0,True,False,0,0,False,False
P62835_139.0,0.0,0.0,0.0,,,0.0,0.0,True,False,0,0,False,False
P62858_27.0,3.305553436279297,2.274793803691864,-0.5391560570660321,0.0013346035515422545,,-1.0307596325874329,1.0307596325874329,False,True,partial,partial,False,False
P62869_60.0,8.490805784861246,5.887934843699138,-0.5281397666970874,0.34837902367716966,,-2.6028709411621085,2.6028709411621085,False,True,partial,partial,False,False
P62874_148.0,0.0,0.0,0.0,,,0.0,0.0,True,False,0,0,False,False
P62874_204.0,2.368815223375956,1.8994270364443462,-0.31860137293390833,0.051855199095612696,,-0.4693881869316099,0.4693881869316099,False,True,partial,partial,False,False
P62874_25.0,2.831781268119812,1.6586097081502278,-0.7717353911701222,0.23361092294096997,,-1.1731715599695842,1.1731715599695842,False,True,partial,partial,False,False
P62874_271.0,1.2488166093826294,1.350292722384135,0.11271056431791338,0.8893369106894861,,0.10147611300150561,0.10147611300150561,False,True,partial,partial,False,False
P62874_294.0,0.0,4.915998458862305,32.19483731771365,0.36321746764912255,,4.915998458862305,4.915998458862305,False,True,0,partial,False,False
P62874_317.0,0.0,0.0,0.0,,,0.0,0.0,True,False,0,0,False,False
P62878_94.0,0.0,0.0,0.0,,,0.0,0.0,True,False,0,0,False,False
P62880_204.0,2.661808351675669,2.612202525138855,-0.027139947991161654,0.869724420670124,,-0.049605826536814224,0.049605826536814224,False,True,partial,partial,False,False
P62880_25.0,0.0,0.0,0.0,,,0.0,0.0,True,False,0,0,False,False
P62880_271.0,0.0,0.0,0.0,,,0.0,0.0,True,False,0,0,False,False
P62880_294.0,0.0,0.0,0.0,,,0.0,0.0,True,False,0,0,False,False
P62881_110.0,0.0,0.0,0.0,,,0.0,0.0,True,False,0,0,False,False
P62881_171.0,0.0,0.0,0.0,,,0.0,0.0,True,False,0,0,False,False
P62881_273.0,1.695006529490153,0.0,-30.65864368574765,0.36321746764912255,,-1.695006529490153,1.695006529490153,False,True,partial,0,False,False
P62881_383.0,0.0,0.0,0.0,,,0.0,0.0,True,False,0,0,False,False
P62889_52.0,0.0,0.0,0.0,,,0.0,0.0,True,False,0,0,False,False
P62889_85.0,0.0,0.0,0.0,,,0.0,0.0,True,False,0,0,False,False
P62889_92.0,3.3755833307902017,1.0349981784820557,-1.7055086045683006,0.23687635701903206,,-2.340585152308146,2.340585152308146,False,True,partial,partial,False,False
P62908_119.0,0.0,0.0,0.0,,,0.0,0.0,True,False,0,0,False,False
P62908_134.0,0.0,0.0,0.0,,,0.0,0.0,True,False,0,0,False,False
P62908_97.0,0.0,0.0,0.0,,,0.0,0.0,True,False,0,0,False,False
P62911_91.0,0.0,0.0,0.0,,,0.0,0.0,True,False,0,0,False,False
P62911_96.0,2.0540908177693686,0.7129379113515218,-1.5266516226017797,0.3152190158973322,,-1.3411529064178467,1.3411529064178467,False,True,partial,partial,False,False
P62915_15.0,0.0,7.110848744710286,32.72737462313442,0.36321746764912255,,7.110848744710286,7.110848744710286,False,True,0,partial,False,False
P62915_34.0,0.0,0.0,0.0,,,0.0,0.0,True,False,0,0,False,False
P62918_114.0,0.0,0.0,0.0,,,0.0,0.0,True,False,0,0,False,False
P62956_275.0,0.0,0.0,0.0,,,0.0,0.0,True,False,0,0,False,False
P62962_128.0,6.841483434041341,0.0,-32.67166203177838,0.17827029417650098,,-6.841483434041341,6.841483434041341,False,True,partial,0,False,False
P62983_121.0,0.0,0.0,0.0,,,0.0,0.0,True,False,0,0,False,False
P62983_144.0,0.0,0.0,0.0,,,0.0,0.0,True,False,0,0,False,False
P62984_115.0,0.0,0.0,0.0,,,0.0,0.0,True,False,0,0,False,False
P62996_118.0,0.0,0.0,0.0,,,0.0,0.0,True,False,0,0,False,False
P63001_105.0,0.0,0.0,0.0,,,0.0,0.0,True,False,0,0,False,False
P63001_157.0,0.0,0.0,0.0,,,0.0,0.0,True,False,0,0,False,False
P63001_178.0,1.0346595247586567,0.5756218135356903,-0.8459629272606214,0.21955452194376196,,-0.45903771122296644,0.45903771122296644,False,True,partial,partial,False,False
P63002_26.0,0.0,0.0,0.0,,,0.0,0.0,True,False,0,0,False,False
P63005_184.0,0.0,0.0,0.0,,,0.0,0.0,True,False,0,0,False,False
P63005_226.0,0.0,0.0,0.0,,,0.0,0.0,True,False,0,0,False,False
P63005_252.0,0.0,0.0,0.0,,,0.0,0.0,True,False,0,0,False,False
P63005_281.0,72.88961474100749,30.52314567565918,-1.2558096229254714,0.071658616697434,,-42.36646906534831,42.36646906534831,False,True,partial,partial,False,False
P63005_356.0,0.0,0.0,0.0,,,0.0,0.0,True,False,0,0,False,False
P63011_137.0,0.0,0.0,0.0,,,0.0,0.0,True,False,0,0,False,False
P63011_184.0,1.5108956893285115,0.9743042389551798,-0.6329598135018766,0.013506859722073368,,-0.5365914503733317,0.5365914503733317,False,True,partial,partial,False,False
P63017_17.0,0.0,0.0,0.0,,,0.0,0.0,True,False,0,0,False,False
P63017_574.0,0.0,0.0,0.0,,,0.0,0.0,True,False,0,0,False,False
P63017_603.0,0.0,0.0,0.0,,,0.0,0.0,True,False,0,0,False,False
P63028_172.0,0.0,0.0,0.0,,,0.0,0.0,True,False,0,0,False,False
P63028_28.0,0.0,0.0,0.0,,,0.0,0.0,True,False,0,0,False,False
P63034_322.0,0.0,0.0,0.0,,,0.0,0.0,True,False,0,0,False,False
P63037_177.0,0.0,0.0,0.0,,,0.0,0.0,True,False,0,0,False,False
P63037_180.0,0.0,0.0,0.0,,,0.0,0.0,True,False,0,0,False,False
P63037_302.0,0.0,0.0,0.0,,,0.0,0.0,True,False,0,0,False,False
P63038_237.0,0.0,0.0,0.0,,,0.0,0.0,True,False,0,0,False,False
P63038_442.0,2.2963024576505027,1.6028646032015483,-0.5186601152968668,0.0025462745873921387,,-0.6934378544489543,0.6934378544489543,False,True,partial,partial,False,False
P63038_447.0,0.0,0.0,0.0,,,0.0,0.0,True,False,0,0,False,False
P63040_105.0,0.0,0.0,0.0,,,0.0,0.0,True,False,0,0,False,False
P63046_162.0,0.0,0.0,0.0,,,0.0,0.0,True,False,0,0,False,False
P63046_230.0,0.0,0.0,0.0,,,0.0,0.0,True,False,0,0,False,False
P63073_170.0,0.0,0.0,0.0,,,0.0,0.0,True,False,0,0,False,False
P63078_40.0,0.0,0.0,0.0,,,0.0,0.0,True,False,0,0,False,False
P63085_159.0,0.0,0.0,0.0,,,0.0,0.0,True,False,0,0,False,False
P63085_38.0,0.0,0.0,0.0,,,0.0,0.0,True,False,0,0,False,False
P63085_63.0,2.1062196294466653,1.9467323025067647,-0.11360137253028198,0.582548378222423,,-0.15948732693990064,0.15948732693990064,False,True,partial,partial,False,False
P63089_131.0,6.417845726013184,1.5451054573059082,-2.0543838003876806,0.3137191702951362,,-4.872740268707275,4.872740268707275,False,True,partial,partial,False,False
P63089_141.0,0.0,0.0,0.0,,,0.0,0.0,True,False,0,0,False,False
P63089_47.0,0.0,0.0,0.0,,,0.0,0.0,True,False,0,0,False,False
P63089_99.0,0.0,0.0,0.0,,,0.0,0.0,True,False,0,0,False,False
P63101_25.0,1.9970913529396057,1.651884377002716,-0.27378761791297623,0.0851565581997781,,-0.34520697593688965,0.34520697593688965,False,True,partial,partial,False,False
P63101_94.0,0.0,0.0,0.0,,,0.0,0.0,True,False,0,0,False,False
P63115_347.0,0.0,0.0,0.0,,,0.0,0.0,True,False,0,0,False,False
P63141_435.0,0.0,0.0,0.0,,,0.0,0.0,True,False,0,0,False,False
P63141_482.0,12.177967548370361,5.241246382395427,-1.2162915390255582,0.13564343541388332,,-6.936721165974935,6.936721165974935,False,True,partial,partial,False,False
P63143_246.0,0.0,0.0,0.0,,,0.0,0.0,True,False,0,0,False,False
P63147_88.0,0.0,0.0,0.0,,,0.0,0.0,True,False,0,0,False,False
P63158_23.0,0.0,0.0,0.0,,,0.0,0.0,True,False,0,0,False,False
P63168_24.0,1.7430864572525024,0.9708010752995809,-0.8443965167983227,0.46241755287386277,,-0.7722853819529215,0.7722853819529215,False,True,partial,partial,False,False
P63213_41.0,0.0,0.0,0.0,,,0.0,0.0,True,False,0,0,False,False
P63216_45.0,0.0,0.0,0.0,,,0.0,0.0,True,False,0,0,False,False
P63242_73.0,2.91202304760615,3.6774290800094604,0.33667574497930014,0.5957008150060004,,0.7654060324033103,0.7654060324033103,False,True,partial,partial,False,False
P63250_53.0,0.0,0.0,0.0,,,0.0,0.0,True,False,0,0,False,False
P63254_28.0,0.0,0.0,0.0,,,0.0,0.0,True,False,0,0,False,False
P63254_7.0,0.0,0.0,0.0,,,0.0,0.0,True,False,0,0,False,False
P63260_17.0,0.0,0.0,0.0,,,0.0,0.0,True,False,0,0,False,False
P63276_35.0,0.0,0.0,0.0,,,0.0,0.0,True,False,0,0,False,False
P63280_43.0,0.0,0.0,0.0,,,0.0,0.0,True,False,0,0,False,False
P63300_87.0,0.0,0.0,0.0,,,0.0,0.0,True,False,0,0,False,False
P63318_150.0,0.0,0.0,0.0,,,0.0,0.0,True,False,0,0,False,False
P63318_305.0,0.8641629815101624,0.8761551876862844,0.01988299669733846,0.9724503115444798,,0.011992206176122067,0.011992206176122067,False,True,partial,partial,False,False
P63318_337.0,0.0,0.0,0.0,,,0.0,0.0,True,False,0,0,False,False
P63318_395.0,0.0,0.0,0.0,,,0.0,0.0,True,False,0,0,False,False
P63318_49.0,0.0,0.0,0.0,,,0.0,0.0,True,False,0,0,False,False
P63318_502.0,0.0,0.0,0.0,,,0.0,0.0,True,False,0,0,False,False
P63318_516.0,0.0,0.0,0.0,,,0.0,0.0,True,False,0,0,False,False
P63318_66.0,0.0,0.0,0.0,,,0.0,0.0,True,False,0,0,False,False
P63318_77.0,0.0,0.0,0.0,,,0.0,0.0,True,False,0,0,False,False
P63323_106.0,0.0,0.0,0.0,,,0.0,0.0,True,False,0,0,False,False
P63323_50.0,0.0,0.0,0.0,,,0.0,0.0,True,False,0,0,False,False
P63323_69.0,0.0,0.0,0.0,,,0.0,0.0,True,False,0,0,False,False
P63323_92.0,0.0,0.0,0.0,,,0.0,0.0,True,False,0,0,False,False
P63328_228.0,0.0,0.0,0.0,,,0.0,0.0,True,False,0,0,False,False
P63328_88.0,0.0,0.0,0.0,,,0.0,0.0,True,False,0,0,False,False
P63330_20.0,0.0,0.0,0.0,,,0.0,0.0,True,False,0,0,False,False
P67778_69.0,0.0,0.0,0.0,,,0.0,0.0,True,False,0,0,False,False
P67871_109.0,0.0,0.0,0.0,,,0.0,0.0,True,False,0,0,False,False
P67871_114.0,0.0,0.0,0.0,,,0.0,0.0,True,False,0,0,False,False
P67871_140.0,0.0,0.0,0.0,,,0.0,0.0,True,False,0,0,False,False
P67871_23.0,0.0,0.0,0.0,,,0.0,0.0,True,False,0,0,False,False
P68037_86.0,0.6340060631434122,0.6037519375483195,-0.070540723312544,0.9516156880805617,,-0.030254125595092773,0.030254125595092773,False,True,partial,partial,False,False
P68040_138.0,0.0,0.0,0.0,,,0.0,0.0,True,False,0,0,False,False
P68040_153.0,0.0,0.0,0.0,,,0.0,0.0,True,False,0,0,False,False
P68040_168.0,0.0,0.0,0.0,,,0.0,0.0,True,False,0,0,False,False
P68040_182.0,0.0,0.0,0.0,,,0.0,0.0,True,False,0,0,False,False
P68040_207.0,1.3521061738332112,0.45700111985206604,-1.5649388356496077,0.0066210963994144155,,-0.8951050539811451,0.8951050539811451,False,True,partial,partial,False,False
P68040_240.0,0.0,0.0,0.0,,,0.0,0.0,True,False,0,0,False,False
P68040_249.0,0.0,0.0,0.0,,,0.0,0.0,True,False,0,0,False,False
P68134_219.0,0.0,0.0,0.0,,,0.0,0.0,True,False,0,0,False,False
P68134_259.0,0.0,0.0,0.0,,,0.0,0.0,True,False,0,0,False,False
P68181_200.0,0.0,0.0,0.0,,,0.0,0.0,True,False,0,0,False,False
P68254_134.0,1.0075351397196453,0.7336581647396088,-0.45765022977916053,0.034823895520103676,,-0.2738769749800365,0.2738769749800365,False,True,partial,partial,False,False
P68254_25.0,1.9748464425404866,2.5689398447672525,0.3794326292859302,0.3673033323792544,,0.5940934022267659,0.5940934022267659,False,True,partial,partial,False,False
P68254_94.0,0.0,0.0,0.0,,,0.0,0.0,True,False,0,0,False,False
P68368_295.0,3.7968037923177085,0.0,-31.822138301001893,0.36321746764912255,,-3.7968037923177085,3.7968037923177085,False,True,partial,0,False,False
P68368_315.0,0.0,0.0,0.0,,,0.0,0.0,True,False,0,0,False,False
P68368_347.0,4.0267919699351,3.7817662159601846,-0.09057076196513072,0.513879196870667,,-0.245025753974915,0.245025753974915,False,True,partial,partial,False,False
P68368_54.0,0.0,0.0,0.0,,,0.0,0.0,True,False,0,0,False,False
P68404_132.0,0.0,0.0,0.0,,,0.0,0.0,True,False,0,0,False,False
P68404_143.0,0.0,0.0,0.0,,,0.0,0.0,True,False,0,0,False,False
P68404_217.0,0.0,0.0,0.0,,,0.0,0.0,True,False,0,0,False,False
P68404_386.0,2.4824865659077964,1.90459148089091,-0.3823043256317,0.6965768584076659,,-0.5778950850168865,0.5778950850168865,False,True,partial,partial,False,False
P68404_409.0,0.0,0.0,0.0,,,0.0,0.0,True,False,0,0,False,False
P68404_50.0,0.0,0.0,0.0,,,0.0,0.0,True,False,0,0,False,False
P68404_586.0,0.0,0.0,0.0,,,0.0,0.0,True,False,0,0,False,False
P68404_78.0,0.0,0.0,0.0,,,0.0,0.0,True,False,0,0,False,False
P68510_112.0,0.7889569898446401,1.0399061342080433,0.3984347521134178,0.43261241417524443,,0.2509491443634032,0.2509491443634032,False,True,partial,partial,False,False
P68510_97.0,0.0,0.0,0.0,,,0.0,0.0,True,False,0,0,False,False
P69566_534.0,0.0,0.0,0.0,,,0.0,0.0,True,False,0,0,False,False
P69566_602.0,0.0,0.0,0.0,,,0.0,0.0,True,False,0,0,False,False
P70122_84.0,0.0,0.0,0.0,,,0.0,0.0,True,False,0,0,False,False
P70168_158.0,0.0,0.0,0.0,,,0.0,0.0,True,False,0,0,False,False
P70168_543.0,0.0,0.0,0.0,,,0.0,0.0,True,False,0,0,False,False
P70168_765.0,0.0,0.0,0.0,,,0.0,0.0,True,False,0,0,False,False
P70174_340.0,0.0,0.0,0.0,,,0.0,0.0,True,False,0,0,False,False
P70175_10.0,0.0,0.0,0.0,,,0.0,0.0,True,False,0,0,False,False
P70175_200.0,0.0,0.0,0.0,,,0.0,0.0,True,False,0,0,False,False
P70175_687.0,0.0,0.0,0.0,,,0.0,0.0,True,False,0,0,False,False
P70175_751.0,0.0,0.0,0.0,,,0.0,0.0,True,False,0,0,False,False
P70182_216.0,0.0,0.0,0.0,,,0.0,0.0,True,False,0,0,False,False
P70182_297.0,0.0,0.0,0.0,,,0.0,0.0,True,False,0,0,False,False
P70182_431.0,0.0,0.0,0.0,,,0.0,0.0,True,False,0,0,False,False
P70182_465.0,0.0,0.0,0.0,,,0.0,0.0,True,False,0,0,False,False
P70188_223.0,0.0,0.0,0.0,,,0.0,0.0,True,False,0,0,False,False
P70188_355.0,0.0,0.0,0.0,,,0.0,0.0,True,False,0,0,False,False
P70188_425.0,0.0,0.0,0.0,,,0.0,0.0,True,False,0,0,False,False
P70188_436.0,0.0,0.0,0.0,,,0.0,0.0,True,False,0,0,False,False
P70188_463.0,0.0,0.0,0.0,,,0.0,0.0,True,False,0,0,False,False
P70188_653.0,0.0,0.0,0.0,,,0.0,0.0,True,False,0,0,False,False
P70193_1064.0,0.0,0.0,0.0,,,0.0,0.0,True,False,0,0,False,False
P70202_20.0,3.0982359250386557,0.7331746419270834,-2.0792182115864097,0.3007975963813493,,-2.3650612831115723,2.3650612831115723,False,True,partial,partial,False,False
P70205_34.0,10.758621215820312,9.609355290730795,-0.1629816530858041,0.47000646688169334,,-1.1492659250895176,1.1492659250895176,False,True,partial,partial,False,False
P70205_77.0,0.0,0.0,0.0,,,0.0,0.0,True,False,0,0,False,False
P70206_1011.0,0.0,0.0,0.0,,,0.0,0.0,True,False,0,0,False,False
P70206_1505.0,0.0,0.0,0.0,,,0.0,0.0,True,False,0,0,False,False
P70206_1523.0,0.0,0.0,0.0,,,0.0,0.0,True,False,0,0,False,False
P70206_356.0,6.1953277587890625,0.0,-32.528533463214764,0.17477494168328234,,-6.1953277587890625,6.1953277587890625,False,True,partial,0,False,False
P70206_561.0,17.8596289952596,9.066795825958252,-0.9780374085145613,0.2413892972540129,,-8.79283316930135,8.79283316930135,False,True,partial,partial,False,False
P70206_742.0,7.283700307210286,6.299243450164795,-0.20949299394646873,0.8795863649751764,,-0.9844568570454912,0.9844568570454912,False,True,partial,partial,False,False
P70206_938.0,0.0,0.0,0.0,,,0.0,0.0,True,False,0,0,False,False
P70207_1170.0,0.0,0.0,0.0,,,0.0,0.0,True,False,0,0,False,False
P70207_1522.0,0.0,0.0,0.0,,,0.0,0.0,True,False,0,0,False,False
P70213_153.0,0.0,0.0,0.0,,,0.0,0.0,True,False,0,0,False,False
P70232_1001.0,0.0,0.0,0.0,,,0.0,0.0,True,False,0,0,False,False
P70232_153.0,20.66252835591634,8.191630999247232,-1.3347941650961102,0.052311732675762446,,-12.470897356669107,12.470897356669107,False,True,partial,partial,False,False
P70232_262.0,0.0,0.0,0.0,,,0.0,0.0,True,False,0,0,False,False
P70236_196.0,0.0,0.0,0.0,,,0.0,0.0,True,False,0,0,False,False
P70236_216.0,0.0,0.0,0.0,,,0.0,0.0,True,False,0,0,False,False
P70236_294.0,0.0,0.0,0.0,,,0.0,0.0,True,False,0,0,False,False
P70236_38.0,0.0,0.0,0.0,,,0.0,0.0,True,False,0,0,False,False
P70265_108.0,0.0,0.0,0.0,,,0.0,0.0,True,False,0,0,False,False
P70265_433.0,0.0,0.0,0.0,,,0.0,0.0,True,False,0,0,False,False
P70271_110.0,0.0,0.0,0.0,,,0.0,0.0,True,False,0,0,False,False
P70271_255.0,0.0,0.0,0.0,,,0.0,0.0,True,False,0,0,False,False
P70288_262.0,0.0,0.0,0.0,,,0.0,0.0,True,False,0,0,False,False
P70288_274.0,0.0,0.0,0.0,,,0.0,0.0,True,False,0,0,False,False
P70290_179.0,0.0,0.0,0.0,,,0.0,0.0,True,False,0,0,False,False
P70290_242.0,2.2070020039876304,1.995840052763621,-0.14509183225259192,0.8272222740659365,,-0.21116195122400927,0.21116195122400927,False,True,partial,partial,False,False
P70296_133.0,0.0,0.0,0.0,,,0.0,0.0,True,False,0,0,False,False
P70296_168.0,0.3504947026570638,0.603004256884257,0.7827755454373948,0.6373858795147171,,0.2525095542271932,0.2525095542271932,False,True,partial,partial,False,False
P70297_85.0,0.0,0.0,0.0,,,0.0,0.0,True,False,0,0,False,False
P70302_56.0,0.0,0.0,0.0,,,0.0,0.0,True,False,0,0,False,False
P70303_216.0,0.0,0.0,0.0,,,0.0,0.0,True,False,0,0,False,False
P70303_277.0,0.0,0.0,0.0,,,0.0,0.0,True,False,0,0,False,False
P70303_299.0,0.0,0.0,0.0,,,0.0,0.0,True,False,0,0,False,False
P70303_498.0,0.0,0.0,0.0,,,0.0,0.0,True,False,0,0,False,False
P70333_22.0,0.0,0.0,0.0,,,0.0,0.0,True,False,0,0,False,False
P70333_290.0,0.0,0.0,0.0,,,0.0,0.0,True,False,0,0,False,False
P70335_1206.0,0.0,0.0,0.0,,,0.0,0.0,True,False,0,0,False,False
P70335_1300.0,0.0,0.0,0.0,,,0.0,0.0,True,False,0,0,False,False
P70335_231.0,0.0,0.0,0.0,,,0.0,0.0,True,False,0,0,False,False
P70335_714.0,0.0,0.0,0.0,,,0.0,0.0,True,False,0,0,False,False
P70336_1257.0,0.0,0.0,0.0,,,0.0,0.0,True,False,0,0,False,False
P70336_1315.0,0.0,0.0,0.0,,,0.0,0.0,True,False,0,0,False,False
P70336_236.0,0.0,0.0,0.0,,,0.0,0.0,True,False,0,0,False,False
P70336_247.0,0.0,0.0,0.0,,,0.0,0.0,True,False,0,0,False,False
P70336_314.0,0.0,0.0,0.0,,,0.0,0.0,True,False,0,0,False,False
P70336_330.0,0.0,0.0,0.0,,,0.0,0.0,True,False,0,0,False,False
P70336_428.0,0.0,0.0,0.0,,,0.0,0.0,True,False,0,0,False,False
P70336_607.0,0.0,0.0,0.0,,,0.0,0.0,True,False,0,0,False,False
P70345_29.0,0.0,0.0,0.0,,,0.0,0.0,True,False,0,0,False,False
P70349_38.0,3.1294649839401245,2.9822304050127664,-0.06952431028878614,0.762116392358423,,-0.14723457892735814,0.14723457892735814,False,True,partial,partial,False,False
P70349_84.0,0.0,0.0,0.0,,,0.0,0.0,True,False,0,0,False,False
P70365_215.0,0.0,0.0,0.0,,,0.0,0.0,True,False,0,0,False,False
P70365_837.0,0.0,0.0,0.0,,,0.0,0.0,True,False,0,0,False,False
P70388_633.0,0.0,0.0,0.0,,,0.0,0.0,True,False,0,0,False,False
P70392_1038.0,0.0,0.0,0.0,,,0.0,0.0,True,False,0,0,False,False
P70392_234.0,0.0,0.0,0.0,,,0.0,0.0,True,False,0,0,False,False
P70392_372.0,0.0,0.0,0.0,,,0.0,0.0,True,False,0,0,False,False
P70392_450.0,0.0,0.0,0.0,,,0.0,0.0,True,False,0,0,False,False
P70392_586.0,0.0,0.0,0.0,,,0.0,0.0,True,False,0,0,False,False
P70392_626.0,0.0,0.0,0.0,,,0.0,0.0,True,False,0,0,False,False
P70392_803.0,0.0,0.0,0.0,,,0.0,0.0,True,False,0,0,False,False
P70392_856.0,0.0,0.0,0.0,,,0.0,0.0,True,False,0,0,False,False
P70392_944.0,0.0,0.0,0.0,,,0.0,0.0,True,False,0,0,False,False
P70398_1061.0,0.0,0.0,0.0,,,0.0,0.0,True,False,0,0,False,False
P70398_1237.0,0.0,0.0,0.0,,,0.0,0.0,True,False,0,0,False,False
P70398_1251.0,0.0,0.0,0.0,,,0.0,0.0,True,False,0,0,False,False
P70398_1340.0,0.0,0.0,0.0,,,0.0,0.0,True,False,0,0,False,False
P70398_1451.0,0.0,0.0,0.0,,,0.0,0.0,True,False,0,0,False,False
P70398_159.0,0.0,0.0,0.0,,,0.0,0.0,True,False,0,0,False,False
P70398_1724.0,0.0,0.0,0.0,,,0.0,0.0,True,False,0,0,False,False
P70398_1733.0,0.0,0.0,0.0,,,0.0,0.0,True,False,0,0,False,False
P70398_1771.0,0.0,0.0,0.0,,,0.0,0.0,True,False,0,0,False,False
P70398_1908.0,0.0,0.0,0.0,,,0.0,0.0,True,False,0,0,False,False
P70398_1920.0,12.390722115834555,5.306039174397786,-1.2235530361294495,0.24545901528048555,,-7.0846829414367685,7.0846829414367685,False,True,partial,partial,False,False
P70398_193.0,0.0,0.0,0.0,,,0.0,0.0,True,False,0,0,False,False
P70398_2107.0,0.0,0.0,0.0,,,0.0,0.0,True,False,0,0,False,False
P70398_2293.0,0.0,0.0,0.0,,,0.0,0.0,True,False,0,0,False,False
P70398_540.0,0.0,0.0,0.0,,,0.0,0.0,True,False,0,0,False,False
P70398_577.0,0.0,0.0,0.0,,,0.0,0.0,True,False,0,0,False,False
P70398_673.0,0.0,0.0,0.0,,,0.0,0.0,True,False,0,0,False,False
P70398_787.0,0.0,0.0,0.0,,,0.0,0.0,True,False,0,0,False,False
P70398_819.0,0.0,0.0,0.0,,,0.0,0.0,True,False,0,0,False,False
P70398_864.0,0.0,0.0,0.0,,,0.0,0.0,True,False,0,0,False,False
P70399_1175.0,0.0,0.0,0.0,,,0.0,0.0,True,False,0,0,False,False
P70399_1522.0,0.0,0.0,0.0,,,0.0,0.0,True,False,0,0,False,False
P70399_489.0,0.0,0.0,0.0,,,0.0,0.0,True,False,0,0,False,False
P70399_513.0,0.0,0.0,0.0,,,0.0,0.0,True,False,0,0,False,False
P70399_764.0,0.0,0.0,0.0,,,0.0,0.0,True,False,0,0,False,False
P70399_871.0,0.0,0.0,0.0,,,0.0,0.0,True,False,0,0,False,False
P70404_148.0,0.356218621134758,0.24042798082033792,-0.5671581270189785,0.41568247817465653,,-0.11579064031442007,0.11579064031442007,False,True,partial,partial,False,False
P70404_235.0,0.0,0.0,0.0,,,0.0,0.0,True,False,0,0,False,False
P70404_236.0,0.0,0.0,0.0,,,0.0,0.0,True,False,0,0,False,False
P70404_333.0,5.460861047108968,4.587646514177322,-0.2513742139402557,0.3125517850904443,,-0.8732145329316454,0.8732145329316454,False,True,partial,partial,False,False
P70404_81.0,0.0,1.7793967723846436,30.7287410954343,0.17732095360162642,,1.7793967723846436,1.7793967723846436,False,True,0,partial,False,False
P70408_498.0,0.0,0.0,0.0,,,0.0,0.0,True,False,0,0,False,False
P70423_614.0,0.0,0.0,0.0,,,0.0,0.0,True,False,0,0,False,False
P70441_201.0,0.0,0.0,0.0,,,0.0,0.0,True,False,0,0,False,False
P70452_141.0,0.0,0.0,0.0,,,0.0,0.0,True,False,0,0,False,False
P70459_479.0,0.0,0.0,0.0,,,0.0,0.0,True,False,0,0,False,False
P70460_332.0,0.0,0.0,0.0,,,0.0,0.0,True,False,0,0,False,False
P70460_64.0,0.0,0.0,0.0,,,0.0,0.0,True,False,0,0,False,False
P70662_246.0,0.0,0.0,0.0,,,0.0,0.0,True,False,0,0,False,False
P70663_476.0,0.0,0.0,0.0,,,0.0,0.0,True,False,0,0,False,False
P70663_495.0,10.346015930175781,7.088226318359375,-0.545578744745907,0.012287959131203672,,-3.2577896118164062,3.2577896118164062,False,True,partial,partial,False,False
P70663_501.0,11.881654739379883,0.0,-33.468016720996765,0.0482488740059469,,-11.881654739379883,11.881654739379883,False,True,partial,0,False,False
P70663_612.0,5.0524576505025225,5.663230856259664,0.1646400170511187,0.8257467769635514,,0.6107732057571411,0.6107732057571411,False,True,partial,partial,False,False
P70663_620.0,0.0,0.0,0.0,,,0.0,0.0,True,False,0,0,False,False
P70663_636.0,0.0,0.0,0.0,,,0.0,0.0,True,False,0,0,False,False
P70671_216.0,0.0,0.0,0.0,,,0.0,0.0,True,False,0,0,False,False
P70677_163.0,0.0,0.0,0.0,,,0.0,0.0,True,False,0,0,False,False
P70677_264.0,0.0,0.0,0.0,,,0.0,0.0,True,False,0,0,False,False
P70697_308.0,0.0,0.0,0.0,,,0.0,0.0,True,False,0,0,False,False
P70697_59.0,0.0,0.0,0.0,,,0.0,0.0,True,False,0,0,False,False
P70697_65.0,0.0,0.0,0.0,,,0.0,0.0,True,False,0,0,False,False
P70698_176.0,0.0,0.0,0.0,,,0.0,0.0,True,False,0,0,False,False
P70698_216.0,0.0,0.0,0.0,,,0.0,0.0,True,False,0,0,False,False
P70698_299.0,0.0,0.0,0.0,,,0.0,0.0,True,False,0,0,False,False
P70698_30.0,0.0,0.0,0.0,,,0.0,0.0,True,False,0,0,False,False
P70698_362.0,0.0,0.0,0.0,,,0.0,0.0,True,False,0,0,False,False
P70699_103.0,0.0,0.0,0.0,,,0.0,0.0,True,False,0,0,False,False
P70704_221.0,0.0,0.0,0.0,,,0.0,0.0,True,False,0,0,False,False
P70704_416.0,0.0,0.0,0.0,,,0.0,0.0,True,False,0,0,False,False
P70704_50.0,0.0,0.0,0.0,,,0.0,0.0,True,False,0,0,False,False
P70704_699.0,0.0,0.0,0.0,,,0.0,0.0,True,False,0,0,False,False
P70704_727.0,0.0,0.0,0.0,,,0.0,0.0,True,False,0,0,False,False
P80313_29.0,0.0,0.0,0.0,,,0.0,0.0,True,False,0,0,False,False
P80313_310.0,0.0,0.0,0.0,,,0.0,0.0,True,False,0,0,False,False
P80313_364.0,0.0,0.0,0.0,,,0.0,0.0,True,False,0,0,False,False
P80313_370.0,0.0,0.0,0.0,,,0.0,0.0,True,False,0,0,False,False
P80313_450.0,1.0411675771077473,0.0,-29.955555146108455,0.36321746764912255,,-1.0411675771077473,1.0411675771077473,False,True,partial,0,False,False
P80314_289.0,0.0,0.0,0.0,,,0.0,0.0,True,False,0,0,False,False
P80314_412.0,0.0,0.0,0.0,,,0.0,0.0,True,False,0,0,False,False
P80314_535.0,0.0,0.0,0.0,,,0.0,0.0,True,False,0,0,False,False
P80315_120.0,0.0,0.0,0.0,,,0.0,0.0,True,False,0,0,False,False
P80315_221.0,0.0,0.0,0.0,,,0.0,0.0,True,False,0,0,False,False
P80315_252.0,0.0,0.0,0.0,,,0.0,0.0,True,False,0,0,False,False
P80315_295.0,1.1717094878355663,0.7298990488052368,-0.6828460673622769,0.3395909747521342,,-0.44181043903032946,0.44181043903032946,False,True,partial,partial,False,False
P80315_337.0,0.0,0.0,0.0,,,0.0,0.0,True,False,0,0,False,False
P80315_379.0,0.0,0.0,0.0,,,0.0,0.0,True,False,0,0,False,False
P80315_410.0,5.150658925374349,3.667136788368225,-0.49010292719057125,0.4637655885933393,,-1.4835221370061236,1.4835221370061236,False,True,partial,partial,False,False
P80315_450.0,0.0,0.0,0.0,,,0.0,0.0,True,False,0,0,False,False
P80316_181.0,0.0,0.0,0.0,,,0.0,0.0,True,False,0,0,False,False
P80316_253.0,0.0,0.0,0.0,,,0.0,0.0,True,False,0,0,False,False
P80316_302.0,8.761184692382812,9.95907974243164,0.18488647275678874,0.9298528920680513,,1.1978950500488281,1.1978950500488281,False,True,partial,partial,False,False
P80316_407.0,0.0,0.0,0.0,,,0.0,0.0,True,False,0,0,False,False
P80316_493.0,0.0,0.0,0.0,,,0.0,0.0,True,False,0,0,False,False
P80317_282.0,0.0,0.0,0.0,,,0.0,0.0,True,False,0,0,False,False
P80318_173.0,0.0,0.0,0.0,,,0.0,0.0,True,False,0,0,False,False
P80318_213.0,0.0,0.0,0.0,,,0.0,0.0,True,False,0,0,False,False
P80318_366.0,0.0,0.0,0.0,,,0.0,0.0,True,False,0,0,False,False
P80318_372.0,0.0,0.0,0.0,,,0.0,0.0,True,False,0,0,False,False
P80318_398.0,0.0,0.0,0.0,,,0.0,0.0,True,False,0,0,False,False
P80318_455.0,3.656190832455953,3.231456677118937,-0.17815672272527527,0.867337468841153,,-0.4247341553370161,0.4247341553370161,False,True,partial,partial,False,False
P80318_475.0,0.0,0.0,0.0,,,0.0,0.0,True,False,0,0,False,False
P80560_656.0,0.0,0.0,0.0,,,0.0,0.0,True,False,0,0,False,False
P80560_739.0,0.0,0.0,0.0,,,0.0,0.0,True,False,0,0,False,False
P80560_925.0,0.0,0.0,0.0,,,0.0,0.0,True,False,0,0,False,False
P83093_313.0,0.0,0.0,0.0,,,0.0,0.0,True,False,0,0,False,False
P83093_653.0,0.0,0.0,0.0,,,0.0,0.0,True,False,0,0,False,False
P83093_679.0,0.0,0.0,0.0,,,0.0,0.0,True,False,0,0,False,False
P83093_698.0,0.0,0.0,0.0,,,0.0,0.0,True,False,0,0,False,False
P83510_134.0,0.0,0.0,0.0,,,0.0,0.0,True,False,0,0,False,False
P83510_269.0,0.0,0.0,0.0,,,0.0,0.0,True,False,0,0,False,False
P83741_547.0,0.0,0.0,0.0,,,0.0,0.0,True,False,0,0,False,False
P83870_11.0,0.0,0.0,0.0,,,0.0,0.0,True,False,0,0,False,False
P83870_46.0,0.0,0.0,0.0,,,0.0,0.0,True,False,0,0,False,False
P83870_75.0,0.0,0.0,0.0,,,0.0,0.0,True,False,0,0,False,False
P83877_38.0,0.0,0.0,0.0,,,0.0,0.0,True,False,0,0,False,False
P83882_72.0,0.0,0.0,0.0,,,0.0,0.0,True,False,0,0,False,False
P83887_201.0,29.696717580159504,16.666666666666668,-0.8333378825279555,0.5555194628461924,,-13.030050913492836,13.030050913492836,False,True,partial,partial,False,False
P83887_26.0,4.9022782643636065,7.2945607503255205,0.5733687301063611,0.7917835485404321,,2.392282485961914,2.392282485961914,False,True,partial,partial,False,False
P83940_11.0,1.9954144954681396,0.6632789572079977,-1.5890007968682287,0.028416988866882157,,-1.3321355382601419,1.3321355382601419,False,True,partial,partial,False,False
P83940_74.0,0.0,0.0,0.0,,,0.0,0.0,True,False,0,0,False,False
P84075_38.0,30.161370595296223,6.784793217976888,-2.152325236978921,0.028187888708445307,,-23.376577377319336,23.376577377319336,False,True,partial,partial,False,False
P84084_62.0,3.8491442998250327,8.309972763061523,1.1103059911175988,0.05301469643957087,,4.46082846323649,4.46082846323649,False,True,partial,partial,False,False
P84086_105.0,0.0,0.0,0.0,,,0.0,0.0,True,False,0,0,False,False
P84086_90.0,3.31948451201121,2.6497044364611306,-0.3251277784633375,0.02125322525039444,,-0.6697800755500793,0.6697800755500793,False,True,partial,partial,False,False
P84091_212.0,0.0,0.0,0.0,,,0.0,0.0,True,False,0,0,False,False
P84091_246.0,0.0,0.0,0.0,,,0.0,0.0,True,False,0,0,False,False
P84091_337.0,1.9959944089253743,0.9480895598729452,-1.0740124259614807,0.09807193033603907,,-1.0479048490524292,1.0479048490524292,False,True,partial,partial,False,False
P84091_86.0,0.0,0.0,0.0,,,0.0,0.0,True,False,0,0,False,False
P84096_102.0,0.0,0.0,0.0,,,0.0,0.0,True,False,0,0,False,False
P84096_157.0,4.782436966896057,2.542722781499227,-0.9113717717093115,0.19938112487157733,,-2.23971418539683,2.23971418539683,False,True,partial,partial,False,False
P84096_6.0,0.0,0.0,0.0,,,0.0,0.0,True,False,0,0,False,False
P85094_206.0,0.0,0.0,0.0,,,0.0,0.0,True,False,0,0,False,False
P85094_21.0,2.5915746688842773,0.0,-31.271181816036023,0.36321746764912255,,-2.5915746688842773,2.5915746688842773,False,True,partial,0,False,False
P85094_84.0,2.978348135948181,3.668030301729838,0.30049315817999506,0.6871562007849399,,0.6896821657816568,0.6896821657816568,False,True,partial,partial,False,False
P97290_210.0,0.0,0.0,0.0,,,0.0,0.0,True,False,0,0,False,False
P97300_116.0,32.07485262552897,17.64020872116089,-0.8625750053909278,1.8530272261089162e-05,,-14.43464390436808,14.43464390436808,False,True,partial,partial,False,False
P97300_217.0,20.161988894144695,14.97176710764567,-0.4293934497649549,0.00029214897503639044,,-5.190221786499025,5.190221786499025,False,True,partial,partial,False,False
P97300_258.0,17.598168055216473,13.0304856300354,-0.433534401743305,5.946527631130291e-05,,-4.567682425181072,4.567682425181072,False,True,partial,partial,False,False
P97315_122.0,0.0,0.0,0.0,,,0.0,0.0,True,False,0,0,False,False
P97315_167.0,0.0,0.0,0.0,,,0.0,0.0,True,False,0,0,False,False
P97315_25.0,0.0,0.0,0.0,,,0.0,0.0,True,False,0,0,False,False
P97315_58.0,0.0,0.0,0.0,,,0.0,0.0,True,False,0,0,False,False
P97328_282.0,0.0,0.0,0.0,,,0.0,0.0,True,False,0,0,False,False
P97328_47.0,0.0,0.0,0.0,,,0.0,0.0,True,False,0,0,False,False
P97351_139.0,0.0,0.0,0.0,,,0.0,0.0,True,False,0,0,False,False
P97351_201.0,2.637984355290731,2.060605804125468,-0.3563674661586628,0.6833905601505614,,-0.5773785511652632,0.5773785511652632,False,True,partial,partial,False,False
P97351_96.0,3.6797721783320108,3.112951080004374,-0.24133354394532433,0.18443003871042646,,-0.5668210983276367,0.5668210983276367,False,True,partial,partial,False,False
P97355_206.0,0.0,0.0,0.0,,,0.0,0.0,True,False,0,0,False,False
P97355_229.0,0.0,0.0,0.0,,,0.0,0.0,True,False,0,0,False,False
P97355_237.0,0.0,0.0,0.0,,,0.0,0.0,True,False,0,0,False,False
P97355_337.0,0.0,0.0,0.0,,,0.0,0.0,True,False,0,0,False,False
P97363_202.0,0.0,0.0,0.0,,,0.0,0.0,True,False,0,0,False,False
P97363_436.0,0.0,0.0,0.0,,,0.0,0.0,True,False,0,0,False,False
P97370_144.0,0.0,0.0,0.0,,,0.0,0.0,True,False,0,0,False,False
P97370_170.0,15.328978379567465,10.344934940338135,-0.5673369777327238,0.06226959888145056,,-4.98404343922933,4.98404343922933,False,True,partial,partial,False,False
P97370_191.0,25.612325032552082,17.140391667683918,-0.579438147420553,0.2202961025558924,,-8.471933364868164,8.471933364868164,False,True,partial,partial,False,False
P97370_249.0,0.0,0.0,0.0,,,0.0,0.0,True,False,0,0,False,False
P97371_101.0,0.0,0.0,0.0,,,0.0,0.0,True,False,0,0,False,False
P97371_22.0,0.0,0.0,0.0,,,0.0,0.0,True,False,0,0,False,False
P97379_73.0,0.0,0.0,0.0,,,0.0,0.0,True,False,0,0,False,False
P97382_98.0,0.0,0.0,0.0,,,0.0,0.0,True,False,0,0,False,False
P97384_224.0,0.0,0.0,0.0,,,0.0,0.0,True,False,0,0,False,False
P97384_292.0,0.0,0.0,0.0,,,0.0,0.0,True,False,0,0,False,False
P97384_382.0,0.0,0.0,0.0,,,0.0,0.0,True,False,0,0,False,False
P97393_727.0,0.0,0.0,0.0,,,0.0,0.0,True,False,0,0,False,False
P97393_88.0,0.0,0.0,0.0,,,0.0,0.0,True,False,0,0,False,False
P97411_120.0,0.0,0.0,0.0,,,0.0,0.0,True,False,0,0,False,False
P97411_69.0,0.0,0.0,0.0,,,0.0,0.0,True,False,0,0,False,False
P97411_84.0,0.0,0.0,0.0,,,0.0,0.0,True,False,0,0,False,False
P97412_3471.0,0.0,0.0,0.0,,,0.0,0.0,True,False,0,0,False,False
P97427_248.0,0.0,0.0,0.0,,,0.0,0.0,True,False,0,0,False,False
P97427_439.0,0.0,0.0,0.0,,,0.0,0.0,True,False,0,0,False,False
P97429_108.0,0.0,0.0,0.0,,,0.0,0.0,True,False,0,0,False,False
P97433_893.0,0.0,0.0,0.0,,,0.0,0.0,True,False,0,0,False,False
P97434_120.0,0.0,0.0,0.0,,,0.0,0.0,True,False,0,0,False,False
P97434_235.0,0.0,0.0,0.0,,,0.0,0.0,True,False,0,0,False,False
P97434_506.0,0.0,0.0,0.0,,,0.0,0.0,True,False,0,0,False,False
P97434_830.0,0.0,0.0,0.0,,,0.0,0.0,True,False,0,0,False,False
P97434_956.0,0.0,0.0,0.0,,,0.0,0.0,True,False,0,0,False,False
P97441_365.0,0.0,0.0,0.0,,,0.0,0.0,True,False,0,0,False,False
P97441_382.0,0.0,0.0,0.0,,,0.0,0.0,True,False,0,0,False,False
P97445_1485.0,7.60541566212972,0.0,-32.82437995252754,0.23069877422088286,,-7.60541566212972,7.60541566212972,False,True,partial,0,False,False
P97445_1795.0,0.0,0.0,0.0,,,0.0,0.0,True,False,0,0,False,False
P97445_2243.0,0.0,0.0,0.0,,,0.0,0.0,True,False,0,0,False,False
P97445_73.0,0.0,0.0,0.0,,,0.0,0.0,True,False,0,0,False,False
P97447_36.0,0.0,0.0,0.0,,,0.0,0.0,True,False,0,0,False,False
P97447_65.0,0.0,0.0,0.0,,,0.0,0.0,True,False,0,0,False,False
P97447_7.0,0.0,0.0,0.0,,,0.0,0.0,True,False,0,0,False,False
P97447_71.0,0.0,0.0,0.0,,,0.0,0.0,True,False,0,0,False,False
P97449_223.0,0.0,0.0,0.0,,,0.0,0.0,True,False,0,0,False,False
P97449_263.0,0.0,0.0,0.0,,,0.0,0.0,True,False,0,0,False,False
P97461_155.0,0.0,0.0,0.0,,,0.0,0.0,True,False,0,0,False,False
P97461_172.0,0.5514450073242188,0.5758731563886007,0.06253405336264015,0.9397074274011782,,0.024428149064381954,0.024428149064381954,False,True,partial,partial,False,False
P97461_66.0,0.0,0.0,0.0,,,0.0,0.0,True,False,0,0,False,False
P97467_185.0,7.853592872619629,0.0,-32.87070566532977,0.08170592289489735,,-7.853592872619629,7.853592872619629,False,True,partial,0,False,False
P97467_226.0,0.0,0.0,0.0,,,0.0,0.0,True,False,0,0,False,False
P97467_333.0,0.0,0.0,0.0,,,0.0,0.0,True,False,0,0,False,False
P97467_702.0,0.0,0.0,0.0,,,0.0,0.0,True,False,0,0,False,False
P97467_80.0,0.0,0.0,0.0,,,0.0,0.0,True,False,0,0,False,False
P97470_130.0,0.0,0.0,0.0,,,0.0,0.0,True,False,0,0,False,False
P97470_162.0,0.0,0.0,0.0,,,0.0,0.0,True,False,0,0,False,False
P97470_193.0,0.0,0.0,0.0,,,0.0,0.0,True,False,0,0,False,False
P97470_266.0,0.0,0.0,0.0,,,0.0,0.0,True,False,0,0,False,False
P97470_52.0,0.0,0.0,0.0,,,0.0,0.0,True,False,0,0,False,False
P97471_123.0,0.0,0.0,0.0,,,0.0,0.0,True,False,0,0,False,False
P97471_362.0,0.0,0.0,0.0,,,0.0,0.0,True,False,0,0,False,False
P97471_390.0,0.0,0.0,0.0,,,0.0,0.0,True,False,0,0,False,False
P97490_594.0,0.0,0.0,0.0,,,0.0,0.0,True,False,0,0,False,False
P97492_183.0,0.0,0.0,0.0,,,0.0,0.0,True,False,0,0,False,False
P97492_236.0,0.0,0.0,0.0,,,0.0,0.0,True,False,0,0,False,False
P97492_333.0,0.0,0.0,0.0,,,0.0,0.0,True,False,0,0,False,False
P97492_498.0,0.0,0.0,0.0,,,0.0,0.0,True,False,0,0,False,False
P97493_90.0,0.0,0.0,0.0,,,0.0,0.0,True,False,0,0,False,False
P97494_142.0,0.0,0.0,0.0,,,0.0,0.0,True,False,0,0,False,False
P97494_152.0,2.5480804443359375,6.649727980295817,1.3838845002925884,0.4520288332329798,,4.10164753595988,4.10164753595988,False,True,partial,partial,False,False
P97494_295.0,0.0,0.0,0.0,,,0.0,0.0,True,False,0,0,False,False
P97494_501.0,0.0,0.0,0.0,,,0.0,0.0,True,False,0,0,False,False
P97742_304.0,0.0,0.0,0.0,,,0.0,0.0,True,False,0,0,False,False
P97742_608.0,0.0,0.0,0.0,,,0.0,0.0,True,False,0,0,False,False
P97765_80.0,0.0,0.0,0.0,,,0.0,0.0,True,False,0,0,False,False
P97770_12.0,31.517048517862957,27.87350845336914,-0.17723783015307465,0.8774310340404818,,-3.6435400644938163,3.6435400644938163,False,True,partial,partial,False,False
P97770_428.0,0.0,0.0,0.0,,,0.0,0.0,True,False,0,0,False,False
P97772_254.0,17.38678518931071,6.818909327189128,-1.3503782971241585,0.18385801794353754,,-10.567875862121582,10.567875862121582,False,True,partial,partial,False,False
P97772_562.0,10.569223880767822,3.9106125831604004,-1.4344029171476518,0.08076038120958864,,-6.658611297607422,6.658611297607422,False,True,partial,partial,False,False
P97772_924.0,0.0,0.0,0.0,,,0.0,0.0,True,False,0,0,False,False
P97785_221.0,0.0,0.0,0.0,,,0.0,0.0,True,False,0,0,False,False
P97785_267.0,0.0,0.0,0.0,,,0.0,0.0,True,False,0,0,False,False
P97785_42.0,0.0,0.0,0.0,,,0.0,0.0,True,False,0,0,False,False
P97789_1500.0,0.0,0.0,0.0,,,0.0,0.0,True,False,0,0,False,False
P97792_223.0,0.0,0.0,0.0,,,0.0,0.0,True,False,0,0,False,False
P97797_121.0,2.01609738667806,2.014247417449951,-0.001324423465988218,0.9994948297162568,,-0.001849969228108872,0.001849969228108872,False,True,partial,partial,False,False
P97797_229.0,5.035228331883748,2.699650843938192,-0.8992843710522688,0.008219046398896252,,-2.335577487945556,2.335577487945556,False,True,partial,partial,False,False
P97797_332.0,16.74103657404582,12.736358165740967,-0.3944360472965388,0.13797692910839102,,-4.0046784083048514,4.0046784083048514,False,True,partial,partial,False,False
P97798_281.0,0.0,0.0,0.0,,,0.0,0.0,True,False,0,0,False,False
P97801_57.0,0.0,0.0,0.0,,,0.0,0.0,True,False,0,0,False,False
P97807_330.0,0.0,0.0,0.0,,,0.0,0.0,True,False,0,0,False,False
P97807_431.0,0.0,0.0,0.0,,,0.0,0.0,True,False,0,0,False,False
P97819_228.0,0.0,0.0,0.0,,,0.0,0.0,True,False,0,0,False,False
P97819_308.0,0.0,0.0,0.0,,,0.0,0.0,True,False,0,0,False,False
P97819_57.0,0.0,0.0,0.0,,,0.0,0.0,True,False,0,0,False,False
P97819_614.0,28.397939046223957,7.8064015706380205,-1.8630566473987715,0.3376278854151978,,-20.591537475585938,20.591537475585938,False,True,partial,partial,False,False
P97819_706.0,0.0,0.0,0.0,,,0.0,0.0,True,False,0,0,False,False
P97820_268.0,0.0,0.0,0.0,,,0.0,0.0,True,False,0,0,False,False
P97822_87.0,0.0,0.0,0.0,,,0.0,0.0,True,False,0,0,False,False
P97823_144.0,0.0,0.0,0.0,,,0.0,0.0,True,False,0,0,False,False
P97823_211.0,0.0,0.0,0.0,,,0.0,0.0,True,False,0,0,False,False
P97855_73.0,0.0,0.0,0.0,,,0.0,0.0,True,False,0,0,False,False
P97872_468.0,0.0,0.0,0.0,,,0.0,0.0,True,False,0,0,False,False
P97927_166.0,0.0,0.0,0.0,,,0.0,0.0,True,False,0,0,False,False
P97930_117.0,0.0,0.0,0.0,,,0.0,0.0,True,False,0,0,False,False
P97930_163.0,0.0,0.0,0.0,,,0.0,0.0,True,False,0,0,False,False
P97930_31.0,0.0,0.0,0.0,,,0.0,0.0,True,False,0,0,False,False
P97950_135.0,0.0,0.0,0.0,,,0.0,0.0,True,False,0,0,False,False
P97952_40.0,0.0,0.0,0.0,,,0.0,0.0,True,False,0,0,False,False
P98084_320.0,0.0,0.0,0.0,,,0.0,0.0,True,False,0,0,False,False
P98084_484.0,0.0,0.0,0.0,,,0.0,0.0,True,False,0,0,False,False
P98084_655.0,0.0,0.0,0.0,,,0.0,0.0,True,False,0,0,False,False
P98156_120.0,0.0,0.0,0.0,,,0.0,0.0,True,False,0,0,False,False
P98156_127.0,0.0,0.0,0.0,,,0.0,0.0,True,False,0,0,False,False
P98156_331.0,0.0,0.0,0.0,,,0.0,0.0,True,False,0,0,False,False
P98156_434.0,0.0,0.0,0.0,,,0.0,0.0,True,False,0,0,False,False
P98191_10.0,0.0,0.0,0.0,,,0.0,0.0,True,False,0,0,False,False
P98192_137.0,0.0,0.0,0.0,,,0.0,0.0,True,False,0,0,False,False
P98192_666.0,0.0,0.0,0.0,,,0.0,0.0,True,False,0,0,False,False
P98197_627.0,0.0,0.0,0.0,,,0.0,0.0,True,False,0,0,False,False
P98200_200.0,0.0,0.0,0.0,,,0.0,0.0,True,False,0,0,False,False
P98200_426.0,0.0,0.0,0.0,,,0.0,0.0,True,False,0,0,False,False
P98200_431.0,0.0,0.0,0.0,,,0.0,0.0,True,False,0,0,False,False
P98203_228.0,0.0,0.0,0.0,,,0.0,0.0,True,False,0,0,False,False
P98203_573.0,0.0,0.0,0.0,,,0.0,0.0,True,False,0,0,False,False
P98203_617.0,0.0,0.0,0.0,,,0.0,0.0,True,False,0,0,False,False
P99028_35.0,13.31938123703003,7.600054661432902,-0.8094453623642309,8.97748396702125e-05,,-5.719326575597127,5.719326575597127,False,True,partial,partial,False,False
P99028_51.0,0.0,0.0,0.0,,,0.0,0.0,True,False,0,0,False,False
P99028_65.0,30.103341420491535,21.43590195973714,-0.48989450978941523,6.470974800938664e-07,,-8.667439460754395,8.667439460754395,False,True,partial,partial,False,False
P99028_79.0,0.0,0.0,0.0,,,0.0,0.0,True,False,0,0,False,False
P99029_96.0,13.88032309214274,10.167327245076498,-0.4491006719551576,4.912716413460179e-07,,-3.7129958470662423,3.7129958470662423,False,True,partial,partial,False,False
Q00262_11.0,0.0,0.0,0.0,,,0.0,0.0,True,False,0,0,False,False
Q00422_223.0,0.0,0.0,0.0,,,0.0,0.0,True,False,0,0,False,False
Q00493_272.0,22.103108406066895,11.359104633331299,-0.9604001522627941,0.0329956261723769,,-10.744003772735596,10.744003772735596,False,True,partial,partial,False,False
Q00493_300.0,21.05227788289388,15.169379870096842,-0.4728142342459024,0.0037278192507810425,,-5.882898012797037,5.882898012797037,False,True,partial,partial,False,False
Q00519_457.0,0.0,0.0,0.0,,,0.0,0.0,True,False,0,0,False,False
Q00519_538.0,0.0,0.0,0.0,,,0.0,0.0,True,False,0,0,False,False
Q00558_62.0,0.0,0.0,0.0,,,0.0,0.0,True,False,0,0,False,False
Q00558_76.0,0.0,0.0,0.0,,,0.0,0.0,True,False,0,0,False,False
Q00612_13.0,0.0,0.0,0.0,,,0.0,0.0,True,False,0,0,False,False
Q00612_158.0,0.0,0.0,0.0,,,0.0,0.0,True,False,0,0,False,False
Q00612_232.0,0.0,0.0,0.0,,,0.0,0.0,True,False,0,0,False,False
Q00612_269.0,0.0,0.0,0.0,,,0.0,0.0,True,False,0,0,False,False
Q00612_385.0,0.0,0.0,0.0,,,0.0,0.0,True,False,0,0,False,False
Q00899_327.0,0.0,0.0,0.0,,,0.0,0.0,True,False,0,0,False,False
Q00915_127.0,0.0,0.0,0.0,,,0.0,0.0,True,False,0,0,False,False
Q00PI9_306.0,0.0,0.0,0.0,,,0.0,0.0,True,False,0,0,False,False
Q00PI9_403.0,0.0,0.0,0.0,,,0.0,0.0,True,False,0,0,False,False
Q00PI9_406.0,0.0,0.0,0.0,,,0.0,0.0,True,False,0,0,False,False
Q00PI9_450.0,0.0,0.0,0.0,,,0.0,0.0,True,False,0,0,False,False
Q00PI9_516.0,0.0,0.0,0.0,,,0.0,0.0,True,False,0,0,False,False
Q00PI9_536.0,0.0,0.0,0.0,,,0.0,0.0,True,False,0,0,False,False
Q00PI9_57.0,0.0,0.0,0.0,,,0.0,0.0,True,False,0,0,False,False
Q00PI9_600.0,0.0,0.0,0.0,,,0.0,0.0,True,False,0,0,False,False
Q01063_197.0,0.0,0.0,0.0,,,0.0,0.0,True,False,0,0,False,False
Q01063_319.0,0.0,0.0,0.0,,,0.0,0.0,True,False,0,0,False,False
Q01063_487.0,0.0,0.0,0.0,,,0.0,0.0,True,False,0,0,False,False
Q01063_557.0,0.0,0.0,0.0,,,0.0,0.0,True,False,0,0,False,False
Q01065_156.0,0.0,0.0,0.0,,,0.0,0.0,True,False,0,0,False,False
Q01065_281.0,0.0,0.0,0.0,,,0.0,0.0,True,False,0,0,False,False
Q01065_409.0,0.0,0.0,0.0,,,0.0,0.0,True,False,0,0,False,False
Q01097_1173.0,0.0,0.0,0.0,,,0.0,0.0,True,False,0,0,False,False
Q01097_1215.0,0.0,0.0,0.0,,,0.0,0.0,True,False,0,0,False,False
Q01097_1394.0,0.0,0.0,0.0,,,0.0,0.0,True,False,0,0,False,False
Q01097_321.0,0.0,0.0,0.0,,,0.0,0.0,True,False,0,0,False,False
Q01097_436.0,0.0,0.0,0.0,,,0.0,0.0,True,False,0,0,False,False
Q01097_461.0,0.0,0.0,0.0,,,0.0,0.0,True,False,0,0,False,False
Q01097_86.0,6.957093636194865,6.780802249908447,-0.03702876668502654,0.956925160826433,,-0.17629138628641794,0.17629138628641794,False,True,partial,partial,False,False
Q01097_946.0,0.0,0.0,0.0,,,0.0,0.0,True,False,0,0,False,False
Q01097_954.0,0.0,0.0,0.0,,,0.0,0.0,True,False,0,0,False,False
Q01279_291.0,0.0,0.0,0.0,,,0.0,0.0,True,False,0,0,False,False
Q01279_307.0,23.73606014251709,14.358563741048178,-0.7251690409773863,0.20738402967103348,,-9.377496401468912,9.377496401468912,False,True,partial,partial,False,False
Q01279_31.0,0.0,0.0,0.0,,,0.0,0.0,True,False,0,0,False,False
Q01279_337.0,0.0,0.0,0.0,,,0.0,0.0,True,False,0,0,False,False
Q01279_362.0,14.883344014485678,8.773566563924154,-0.7624633694238789,0.6473375822926399,,-6.109777450561523,6.109777450561523,False,True,partial,partial,False,False
Q01338_254.0,0.0,0.0,0.0,,,0.0,0.0,True,False,0,0,False,False
Q01339_142.0,0.0,0.0,0.0,,,0.0,0.0,True,False,0,0,False,False
Q01339_200.0,0.0,0.0,0.0,,,0.0,0.0,True,False,0,0,False,False
Q01339_23.0,19.255579630533855,9.84347915649414,-0.9680363233877334,0.3063338935326323,,-9.412100474039715,9.412100474039715,False,True,partial,partial,False,False
Q01339_234.0,0.0,0.0,0.0,,,0.0,0.0,True,False,0,0,False,False
Q01339_248.0,31.98941453297933,20.571703910827637,-0.6369332944138678,0.053884576205969405,,-11.417710622151692,11.417710622151692,False,True,partial,partial,False,False
Q01339_260.0,0.0,0.0,0.0,,,0.0,0.0,True,False,0,0,False,False
Q01339_325.0,0.0,0.0,0.0,,,0.0,0.0,True,False,0,0,False,False
Q01339_51.0,11.20566956202189,3.417640447616577,-1.7131563235736793,0.016205782009085734,,-7.7880291144053135,7.7880291144053135,False,True,partial,partial,False,False
Q01339_84.0,0.0,0.0,0.0,,,0.0,0.0,True,False,0,0,False,False
Q01405_180.0,0.0,0.0,0.0,,,0.0,0.0,True,False,0,0,False,False
Q01405_350.0,0.0,0.0,0.0,,,0.0,0.0,True,False,0,0,False,False
Q01405_423.0,0.0,0.0,0.0,,,0.0,0.0,True,False,0,0,False,False
Q01405_61.0,0.0,0.0,0.0,,,0.0,0.0,True,False,0,0,False,False
Q01405_74.0,0.0,0.0,0.0,,,0.0,0.0,True,False,0,0,False,False
Q01768_145.0,0.0,0.0,0.0,,,0.0,0.0,True,False,0,0,False,False
Q01815_2116.0,0.0,0.0,0.0,,,0.0,0.0,True,False,0,0,False,False
Q01853_105.0,6.059035539627075,5.950051148732503,-0.026186097409489684,0.9494860328883807,,-0.10898439089457224,0.10898439089457224,False,True,partial,partial,False,False
Q01853_174.0,0.0,0.0,0.0,,,0.0,0.0,True,False,0,0,False,False
Q01853_184.0,0.0,0.0,0.0,,,0.0,0.0,True,False,0,0,False,False
Q01853_209.0,0.0,0.0,0.0,,,0.0,0.0,True,False,0,0,False,False
Q01853_522.0,5.4560160636901855,3.814406156539917,-0.5163894224026505,0.014924348762360871,,-1.6416099071502686,1.6416099071502686,False,True,partial,partial,False,False
Q01853_535.0,0.0,0.0,0.0,,,0.0,0.0,True,False,0,0,False,False
Q01853_69.0,0.0,0.0,0.0,,,0.0,0.0,True,False,0,0,False,False
Q01853_691.0,0.0,0.0,0.0,,,0.0,0.0,True,False,0,0,False,False
Q01853_77.0,0.0,0.0,0.0,,,0.0,0.0,True,False,0,0,False,False
Q02053_1039.0,0.0,0.0,0.0,,,0.0,0.0,True,False,0,0,False,False
Q02053_179.0,0.0,0.0,0.0,,,0.0,0.0,True,False,0,0,False,False
Q02053_234.0,1.899280846118927,1.7091063261032104,-0.15221110002464222,0.42744369437192364,,-0.19017452001571655,0.19017452001571655,False,True,partial,partial,False,False
Q02053_278.0,0.0,0.0,0.0,,,0.0,0.0,True,False,0,0,False,False
Q02053_481.0,0.0,0.0,0.0,,,0.0,0.0,True,False,0,0,False,False
Q02053_494.0,23.075190862019856,17.52139949798584,-0.39722456802800105,0.6284854409383693,,-5.553791364034016,5.553791364034016,False,True,partial,partial,False,False
Q02053_632.0,4.471650759379069,19.414668480555218,2.118267650456094,0.39647536234288144,,14.943017721176147,14.943017721176147,False,True,partial,partial,False,False
Q02105_194.0,0.0,0.0,0.0,,,0.0,0.0,True,False,0,0,False,False
Q02248_213.0,0.0,0.0,0.0,,,0.0,0.0,True,False,0,0,False,False
Q02248_381.0,0.0,0.0,0.0,,,0.0,0.0,True,False,0,0,False,False
Q02248_439.0,0.0,0.0,0.0,,,0.0,0.0,True,False,0,0,False,False
Q02248_466.0,1.105277180671692,0.33279083172480267,-1.7317206166798205,0.16946259618679738,,-0.7724863489468892,0.7724863489468892,False,True,partial,partial,False,False
Q02248_520.0,0.0,0.0,0.0,,,0.0,0.0,True,False,0,0,False,False
Q02248_573.0,0.0,0.0,0.0,,,0.0,0.0,True,False,0,0,False,False
Q02248_619.0,0.0,0.0,0.0,,,0.0,0.0,True,False,0,0,False,False
Q02257_204.0,0.0,0.0,0.0,,,0.0,0.0,True,False,0,0,False,False
Q02257_341.0,6.137366612752278,7.016354242960612,0.1931018238703045,0.9267710933781494,,0.8789876302083339,0.8789876302083339,False,True,partial,partial,False,False
Q02257_457.0,0.0,0.0,0.0,,,0.0,0.0,True,False,0,0,False,False
Q02257_49.0,0.0,0.0,0.0,,,0.0,0.0,True,False,0,0,False,False
Q02257_511.0,0.0,0.0,0.0,,,0.0,0.0,True,False,0,0,False,False
Q02357_1066.0,0.0,0.0,0.0,,,0.0,0.0,True,False,0,0,False,False
Q02357_1170.0,0.0,0.0,0.0,,,0.0,0.0,True,False,0,0,False,False
Q02357_1212.0,0.0,0.0,0.0,,,0.0,0.0,True,False,0,0,False,False
Q02357_274.0,0.0,0.0,0.0,,,0.0,0.0,True,False,0,0,False,False
Q02357_316.0,0.0,0.0,0.0,,,0.0,0.0,True,False,0,0,False,False
Q02357_472.0,0.0,0.0,0.0,,,0.0,0.0,True,False,0,0,False,False
Q02357_527.0,0.0,0.0,0.0,,,0.0,0.0,True,False,0,0,False,False
Q02357_860.0,0.0,0.0,0.0,,,0.0,0.0,True,False,0,0,False,False
Q02357_939.0,0.0,0.0,0.0,,,0.0,0.0,True,False,0,0,False,False
Q02614_172.0,0.0,0.0,0.0,,,0.0,0.0,True,False,0,0,False,False
Q02956_412.0,0.0,0.0,0.0,,,0.0,0.0,True,False,0,0,False,False
Q03059_162.0,0.0,0.0,0.0,,,0.0,0.0,True,False,0,0,False,False
Q03059_18.0,0.0,0.0,0.0,,,0.0,0.0,True,False,0,0,False,False
Q03059_380.0,0.0,0.0,0.0,,,0.0,0.0,True,False,0,0,False,False
Q03059_528.0,0.0,0.0,0.0,,,0.0,0.0,True,False,0,0,False,False
Q03137_108.0,0.0,0.0,0.0,,,0.0,0.0,True,False,0,0,False,False
Q03137_233.0,0.0,0.0,0.0,,,0.0,0.0,True,False,0,0,False,False
Q03137_290.0,23.22259012858073,16.340693791707356,-0.5070596533557217,0.2699302744818197,,-6.881896336873375,6.881896336873375,False,True,partial,partial,False,False
Q03137_366.0,14.847005049387613,6.071094036102295,-1.290143513953169,0.022285136824628005,,-8.775911013285318,8.775911013285318,False,True,partial,partial,False,False
Q03137_636.0,0.0,0.0,0.0,,,0.0,0.0,True,False,0,0,False,False
Q03137_649.0,0.0,0.0,0.0,,,0.0,0.0,True,False,0,0,False,False
Q03137_760.0,0.0,0.0,0.0,,,0.0,0.0,True,False,0,0,False,False
Q03137_849.0,0.0,0.0,0.0,,,0.0,0.0,True,False,0,0,False,False
Q03141_46.0,0.0,0.0,0.0,,,0.0,0.0,True,False,0,0,False,False
Q03141_510.0,0.0,0.0,0.0,,,0.0,0.0,True,False,0,0,False,False
Q03141_688.0,0.0,0.0,0.0,,,0.0,0.0,True,False,0,0,False,False
Q03157_167.0,24.885836601257324,14.97836685180664,-0.7324445578326169,0.00011493297505498176,,-9.907469749450684,9.907469749450684,False,True,partial,partial,False,False
Q03157_181.0,0.0,0.0,0.0,,,0.0,0.0,True,False,0,0,False,False
Q03173_370.0,8.844966888427734,58.73423703511556,2.7312730689375573,0.057503603089257734,,49.88927014668783,49.88927014668783,False,True,partial,partial,False,False
Q03173_62.0,0.0,0.0,0.0,,,0.0,0.0,True,False,0,0,False,False
Q03249_130.0,0.0,0.0,0.0,,,0.0,0.0,True,False,0,0,False,False
Q03249_75.0,0.0,0.0,0.0,,,0.0,0.0,True,False,0,0,False,False
Q03391_345.0,0.0,0.0,0.0,,,0.0,0.0,True,False,0,0,False,False
Q03717_812.0,0.0,0.0,0.0,,,0.0,0.0,True,False,0,0,False,False
Q04207_105.0,0.0,0.0,0.0,,,0.0,0.0,True,False,0,0,False,False
Q04447_141.0,0.0,0.0,0.0,,,0.0,0.0,True,False,0,0,False,False
Q04447_146.0,0.0,0.0,0.0,,,0.0,0.0,True,False,0,0,False,False
Q04447_254.0,0.0,0.0,0.0,,,0.0,0.0,True,False,0,0,False,False
Q04447_283.0,8.31057357788086,5.833251953125,-0.510647662861718,0.7590378006144368,,-2.4773216247558594,2.4773216247558594,False,True,partial,partial,False,False
Q04519_605.0,21.828853925069172,5.540565172831218,-1.9781313337120583,0.021377345066567365,,-16.288288752237953,16.288288752237953,False,True,partial,partial,False,False
Q04690_1018.0,0.0,0.0,0.0,,,0.0,0.0,True,False,0,0,False,False
Q04690_1034.0,0.0,0.0,0.0,,,0.0,0.0,True,False,0,0,False,False
Q04690_1290.0,0.0,0.0,0.0,,,0.0,0.0,True,False,0,0,False,False
Q04690_1713.0,0.0,0.0,0.0,,,0.0,0.0,True,False,0,0,False,False
Q04690_2373.0,0.0,0.0,0.0,,,0.0,0.0,True,False,0,0,False,False
Q04690_245.0,0.0,0.0,0.0,,,0.0,0.0,True,False,0,0,False,False
Q04690_434.0,0.0,0.0,0.0,,,0.0,0.0,True,False,0,0,False,False
Q04690_454.0,0.0,0.0,0.0,,,0.0,0.0,True,False,0,0,False,False
Q04690_509.0,0.0,0.0,0.0,,,0.0,0.0,True,False,0,0,False,False
Q04690_654.0,0.0,0.0,0.0,,,0.0,0.0,True,False,0,0,False,False
Q04690_716.0,0.0,0.0,0.0,,,0.0,0.0,True,False,0,0,False,False
Q04690_906.0,0.0,0.0,0.0,,,0.0,0.0,True,False,0,0,False,False
Q04736_253.0,0.0,0.0,0.0,,,0.0,0.0,True,False,0,0,False,False
Q04736_408.0,0.0,0.0,0.0,,,0.0,0.0,True,False,0,0,False,False
Q04736_491.0,0.0,0.0,0.0,,,0.0,0.0,True,False,0,0,False,False
Q04750_302.0,0.0,0.0,0.0,,,0.0,0.0,True,False,0,0,False,False
Q04750_343.0,0.0,0.0,0.0,,,0.0,0.0,True,False,0,0,False,False
Q04750_388.0,0.0,0.0,0.0,,,0.0,0.0,True,False,0,0,False,False
Q04750_506.0,0.0,0.0,0.0,,,0.0,0.0,True,False,0,0,False,False
Q04750_632.0,0.0,0.0,0.0,,,0.0,0.0,True,False,0,0,False,False
Q04750_735.0,0.0,0.0,0.0,,,0.0,0.0,True,False,0,0,False,False
Q04888_190.0,0.0,0.0,0.0,,,0.0,0.0,True,False,0,0,False,False
Q05512_166.0,0.0,0.0,0.0,,,0.0,0.0,True,False,0,0,False,False
Q05512_210.0,0.0,0.0,0.0,,,0.0,0.0,True,False,0,0,False,False
Q05512_277.0,0.0,0.0,0.0,,,0.0,0.0,True,False,0,0,False,False
Q05512_550.0,0.0,0.0,0.0,,,0.0,0.0,True,False,0,0,False,False
Q05512_711.0,0.0,0.0,0.0,,,0.0,0.0,True,False,0,0,False,False
Q05793_1137.0,0.0,0.0,0.0,,,0.0,0.0,True,False,0,0,False,False
Q05793_1156.0,31.226401329040527,18.000858624776203,-0.7947005927849459,0.019640253632553607,,-13.225542704264324,13.225542704264324,False,True,partial,partial,False,False
Q05793_1530.0,35.45187854766846,25.79898452758789,-0.45854779503146326,0.011864644028983263,,-9.652894020080566,9.652894020080566,False,True,partial,partial,False,False
Q05793_1628.0,0.0,2.0536438624064126,30.935538869602752,0.36321746764912255,,2.0536438624064126,2.0536438624064126,False,True,0,partial,False,False
Q05793_1697.0,17.915968894958496,4.886053562164307,-1.874504482344808,0.18166223178509636,,-13.02991533279419,13.02991533279419,False,True,partial,partial,False,False
Q05793_1745.0,0.0,0.0,0.0,,,0.0,0.0,True,False,0,0,False,False
Q05793_1792.0,0.0,0.0,0.0,,,0.0,0.0,True,False,0,0,False,False
Q05793_1886.0,0.0,17.531630833943684,34.02924115421528,0.1817572235840316,,17.531630833943684,17.531630833943684,False,True,0,partial,False,False
Q05793_1932.0,16.809134165445965,10.95876375834147,-0.6171603543397364,0.037594997601550786,,-5.850370407104494,5.850370407104494,False,True,partial,partial,False,False
Q05793_2170.0,26.427417437235516,12.287806828816732,-1.104808006143611,0.28187543694519723,,-14.139610608418783,14.139610608418783,False,True,partial,partial,False,False
Q05793_2268.0,0.0,0.0,0.0,,,0.0,0.0,True,False,0,0,False,False
Q05793_2313.0,42.73615519205729,20.33063252766927,-1.0718020189780753,0.020452001946442123,,-22.40552266438802,22.40552266438802,False,True,partial,partial,False,False
Q05793_2456.0,15.697070757548014,21.393914222717285,0.4467050997826847,0.34319445533148824,,5.696843465169271,5.696843465169271,False,True,partial,partial,False,False
Q05793_2917.0,100.0,100.0,0.0,,,0.0,0.0,True,False,100,100,False,False
Q05793_3137.0,0.0,0.0,0.0,,,0.0,0.0,True,False,0,0,False,False
Q05793_479.0,21.2799555460612,12.564979632695517,-0.7600868043253474,0.014120774507040587,,-8.714975913365683,8.714975913365683,False,True,partial,partial,False,False
Q05793_731.0,0.0,0.0,0.0,,,0.0,0.0,True,False,0,0,False,False
Q05793_814.0,0.0,0.0,0.0,,,0.0,0.0,True,False,0,0,False,False
Q05793_869.0,0.0,0.0,0.0,,,0.0,0.0,True,False,0,0,False,False
Q05793_892.0,21.636645317077637,16.95026206970215,-0.3521692526955407,0.10629117502358688,,-4.686383247375488,4.686383247375488,False,True,partial,partial,False,False
Q05793_921.0,0.0,0.0,0.0,,,0.0,0.0,True,False,0,0,False,False
Q05793_933.0,0.0,0.0,0.0,,,0.0,0.0,True,False,0,0,False,False
Q05816_120.0,0.0,0.0,0.0,,,0.0,0.0,True,False,0,0,False,False
Q05816_127.0,0.0,0.0,0.0,,,0.0,0.0,True,False,0,0,False,False
Q05816_43.0,0.0,0.0,0.0,,,0.0,0.0,True,False,0,0,False,False
Q05816_47.0,0.0,0.0,0.0,,,0.0,0.0,True,False,0,0,False,False
Q05816_67.0,0.0,0.0,0.0,,,0.0,0.0,True,False,0,0,False,False
Q05816_87.0,0.0,2.259570558865865,31.07340146290009,0.08026235519422031,,2.259570558865865,2.259570558865865,False,True,0,partial,False,False
Q05909_346.0,42.06225395202637,40.968173344930015,-0.03802259197926344,0.9325781478616606,,-1.0940806070963518,1.0940806070963518,False,True,partial,partial,False,False
Q05920_131.0,1.6706315279006958,0.3693092366059621,-2.177492316066721,0.0018353226180479805,,-1.3013222912947338,1.3013222912947338,False,True,partial,partial,False,False
Q05920_56.0,0.0,0.0,0.0,,,0.0,0.0,True,False,0,0,False,False
Q05920_622.0,0.0,0.0,0.0,,,0.0,0.0,True,False,0,0,False,False
Q05920_739.0,0.0,0.0,0.0,,,0.0,0.0,True,False,0,0,False,False
Q05920_752.0,0.0,0.0,0.0,,,0.0,0.0,True,False,0,0,False,False
Q05920_850.0,0.0,0.0,0.0,,,0.0,0.0,True,False,0,0,False,False
Q05A62_50.0,0.0,0.0,0.0,,,0.0,0.0,True,False,0,0,False,False
Q05A62_59.0,0.0,0.0,0.0,,,0.0,0.0,True,False,0,0,False,False
Q05AA6_929.0,0.0,0.0,0.0,,,0.0,0.0,True,False,0,0,False,False
Q05BC3_754.0,0.0,0.0,0.0,,,0.0,0.0,True,False,0,0,False,False
Q05BC3_769.0,0.0,0.0,0.0,,,0.0,0.0,True,False,0,0,False,False
Q05CL8_142.0,0.0,0.0,0.0,,,0.0,0.0,True,False,0,0,False,False
Q05CL8_243.0,0.0,0.0,0.0,,,0.0,0.0,True,False,0,0,False,False
Q05D44_1088.0,0.0,0.0,0.0,,,0.0,0.0,True,False,0,0,False,False
Q05D44_1122.0,0.0,0.0,0.0,,,0.0,0.0,True,False,0,0,False,False
Q06138_143.0,0.0,0.0,0.0,,,0.0,0.0,True,False,0,0,False,False
Q06180_16.0,0.0,0.0,0.0,,,0.0,0.0,True,False,0,0,False,False
Q06890_284.0,0.0,0.0,0.0,,,0.0,0.0,True,False,0,0,False,False
Q07076_260.0,0.0,0.0,0.0,,,0.0,0.0,True,False,0,0,False,False
Q07076_302.0,0.0,0.0,0.0,,,0.0,0.0,True,False,0,0,False,False
Q07076_338.0,0.0,0.0,0.0,,,0.0,0.0,True,False,0,0,False,False
Q07076_388.0,0.0,0.0,0.0,,,0.0,0.0,True,False,0,0,False,False
Q07113_1035.0,0.0,0.0,0.0,,,0.0,0.0,True,False,0,0,False,False
Q07113_1263.0,0.0,0.0,0.0,,,0.0,0.0,True,False,0,0,False,False
Q07113_1401.0,0.0,0.0,0.0,,,0.0,0.0,True,False,0,0,False,False
Q07113_2032.0,0.0,0.0,0.0,,,0.0,0.0,True,False,0,0,False,False
Q07113_724.0,0.0,0.0,0.0,,,0.0,0.0,True,False,0,0,False,False
Q07417_246.0,0.0,0.0,0.0,,,0.0,0.0,True,False,0,0,False,False
Q07417_289.0,0.0,0.0,0.0,,,0.0,0.0,True,False,0,0,False,False
Q07456_336.0,0.0,0.0,0.0,,,0.0,0.0,True,False,0,0,False,False
Q07797_243.0,0.0,0.0,0.0,,,0.0,0.0,True,False,0,0,False,False
Q08091_61.0,0.0,0.0,0.0,,,0.0,0.0,True,False,0,0,False,False
Q08093_61.0,0.0,0.0,0.0,,,0.0,0.0,True,False,0,0,False,False
Q08122_26.0,0.0,0.0,0.0,,,0.0,0.0,True,False,0,0,False,False
Q08122_528.0,0.0,0.0,0.0,,,0.0,0.0,True,False,0,0,False,False
Q08274_124.0,0.0,0.0,0.0,,,0.0,0.0,True,False,0,0,False,False
Q08274_137.0,0.0,0.0,0.0,,,0.0,0.0,True,False,0,0,False,False
Q08274_575.0,0.0,0.0,0.0,,,0.0,0.0,True,False,0,0,False,False
Q08274_589.0,0.0,0.0,0.0,,,0.0,0.0,True,False,0,0,False,False
Q08331_266.0,5.105462551116943,8.593127727508545,0.7511416650017995,0.5072744768051789,,3.4876651763916016,3.4876651763916016,False,True,partial,partial,False,False
Q08460_1124.0,0.0,0.0,0.0,,,0.0,0.0,True,False,0,0,False,False
Q08460_487.0,0.0,0.0,0.0,,,0.0,0.0,True,False,0,0,False,False
Q08460_495.0,0.0,0.0,0.0,,,0.0,0.0,True,False,0,0,False,False
Q08460_550.0,0.0,0.0,0.0,,,0.0,0.0,True,False,0,0,False,False
Q08460_684.0,0.0,0.0,0.0,,,0.0,0.0,True,False,0,0,False,False
Q08460_764.0,0.0,0.0,0.0,,,0.0,0.0,True,False,0,0,False,False
Q08460_889.0,0.0,0.0,0.0,,,0.0,0.0,True,False,0,0,False,False
Q08509_331.0,0.0,0.0,0.0,,,0.0,0.0,True,False,0,0,False,False
Q08509_766.0,0.0,0.0,0.0,,,0.0,0.0,True,False,0,0,False,False
Q08642_175.0,0.0,0.0,0.0,,,0.0,0.0,True,False,0,0,False,False
Q08642_346.0,0.0,0.0,0.0,,,0.0,0.0,True,False,0,0,False,False
Q08642_655.0,0.0,0.0,0.0,,,0.0,0.0,True,False,0,0,False,False
Q08943_200.0,0.0,0.0,0.0,,,0.0,0.0,True,False,0,0,False,False
Q09LZ8_75.0,0.0,0.0,0.0,,,0.0,0.0,True,False,0,0,False,False
Q09XV5_1949.0,0.0,0.0,0.0,,,0.0,0.0,True,False,0,0,False,False
Q0GA42_187.0,0.0,0.0,0.0,,,0.0,0.0,True,False,0,0,False,False
Q0GA42_439.0,0.0,0.0,0.0,,,0.0,0.0,True,False,0,0,False,False
Q0GNC1_1004.0,0.0,0.0,0.0,,,0.0,0.0,True,False,0,0,False,False
Q0GNC1_101.0,0.0,0.0,0.0,,,0.0,0.0,True,False,0,0,False,False
Q0GNC1_172.0,0.0,0.0,0.0,,,0.0,0.0,True,False,0,0,False,False
Q0GNC1_332.0,0.0,0.0,0.0,,,0.0,0.0,True,False,0,0,False,False
Q0GNC1_38.0,0.0,0.0,0.0,,,0.0,0.0,True,False,0,0,False,False
Q0GNC1_683.0,0.0,0.0,0.0,,,0.0,0.0,True,False,0,0,False,False
Q0GNC1_778.0,0.0,0.0,0.0,,,0.0,0.0,True,False,0,0,False,False
Q0GNC1_931.0,9.043082555135092,0.0,-33.07416748839627,0.17480885743252497,,-9.043082555135092,9.043082555135092,False,True,partial,0,False,False
Q0KK55_1437.0,0.0,0.0,0.0,,,0.0,0.0,True,False,0,0,False,False
Q0KK55_1480.0,0.0,0.0,0.0,,,0.0,0.0,True,False,0,0,False,False
Q0KK55_1514.0,0.0,0.0,0.0,,,0.0,0.0,True,False,0,0,False,False
Q0KK55_175.0,0.0,0.0,0.0,,,0.0,0.0,True,False,0,0,False,False
Q0KK55_592.0,0.0,0.0,0.0,,,0.0,0.0,True,False,0,0,False,False
Q0KK55_676.0,0.0,0.0,0.0,,,0.0,0.0,True,False,0,0,False,False
Q0KK55_877.0,0.0,0.0,0.0,,,0.0,0.0,True,False,0,0,False,False
Q0KK55_930.0,0.0,0.0,0.0,,,0.0,0.0,True,False,0,0,False,False
Q0KL01_54.0,0.0,0.0,0.0,,,0.0,0.0,True,False,0,0,False,False
Q0KL02_1024.0,0.0,0.0,0.0,,,0.0,0.0,True,False,0,0,False,False
Q0KL02_1041.0,0.0,0.0,0.0,,,0.0,0.0,True,False,0,0,False,False
Q0KL02_113.0,0.0,0.0,0.0,,,0.0,0.0,True,False,0,0,False,False
Q0KL02_1137.0,0.0,0.0,0.0,,,0.0,0.0,True,False,0,0,False,False
Q0KL02_1207.0,0.0,0.0,0.0,,,0.0,0.0,True,False,0,0,False,False
Q0KL02_1314.0,0.0,0.0,0.0,,,0.0,0.0,True,False,0,0,False,False
Q0KL02_1372.0,0.0,0.0,0.0,,,0.0,0.0,True,False,0,0,False,False
Q0KL02_1442.0,0.0,0.0,0.0,,,0.0,0.0,True,False,0,0,False,False
Q0KL02_1713.0,0.0,0.0,0.0,,,0.0,0.0,True,False,0,0,False,False
Q0KL02_1990.0,0.0,0.0,0.0,,,0.0,0.0,True,False,0,0,False,False
Q0KL02_2136.0,0.0,0.0,0.0,,,0.0,0.0,True,False,0,0,False,False
Q0KL02_339.0,0.0,0.0,0.0,,,0.0,0.0,True,False,0,0,False,False
Q0KL02_465.0,0.0,0.0,0.0,,,0.0,0.0,True,False,0,0,False,False
Q0KL02_640.0,0.0,0.0,0.0,,,0.0,0.0,True,False,0,0,False,False
Q0KL02_906.0,0.0,0.0,0.0,,,0.0,0.0,True,False,0,0,False,False
Q0P5W1_1125.0,0.0,0.0,0.0,,,0.0,0.0,True,False,0,0,False,False
Q0P5W1_1394.0,0.0,0.0,0.0,,,0.0,0.0,True,False,0,0,False,False
Q0P5W1_38.0,0.0,0.0,0.0,,,0.0,0.0,True,False,0,0,False,False
Q0P5W1_616.0,0.0,0.0,0.0,,,0.0,0.0,True,False,0,0,False,False
Q0P5W1_972.0,0.0,0.0,0.0,,,0.0,0.0,True,False,0,0,False,False
Q0PMG2_463.0,2.6951376597086587,0.0,-31.327711818002843,0.36321746764912255,,-2.6951376597086587,2.6951376597086587,False,True,partial,0,False,False
Q0PMG2_60.0,0.0,0.0,0.0,,,0.0,0.0,True,False,0,0,False,False
Q0V8T9_174.0,0.0,0.0,0.0,,,0.0,0.0,True,False,0,0,False,False
Q0VBD0_307.0,11.039721330006918,5.674595832824707,-0.9601142085208347,0.01828797800766746,,-5.365125497182211,5.365125497182211,False,True,partial,partial,False,False
Q0VBD0_481.0,20.672149658203125,4.675284067789714,-2.144562489321634,0.0021954358186584513,,-15.99686559041341,15.99686559041341,False,True,partial,partial,False,False
Q0VBD0_545.0,0.0,0.0,0.0,,,0.0,0.0,True,False,0,0,False,False
Q0VBD0_600.0,0.0,0.0,0.0,,,0.0,0.0,True,False,0,0,False,False
Q0VBD0_660.0,0.0,0.0,0.0,,,0.0,0.0,True,False,0,0,False,False
Q0VBD0_736.0,0.0,0.0,0.0,,,0.0,0.0,True,False,0,0,False,False
Q0VBD0_83.0,0.0,0.0,0.0,,,0.0,0.0,True,False,0,0,False,False
Q0VBU9_128.0,0.0,0.0,0.0,,,0.0,0.0,True,False,0,0,False,False
Q0VE82_18.0,0.0,0.0,0.0,,,0.0,0.0,True,False,0,0,False,False
Q0VE82_216.0,0.0,0.0,0.0,,,0.0,0.0,True,False,0,0,False,False
Q0VE82_348.0,0.0,0.0,0.0,,,0.0,0.0,True,False,0,0,False,False
Q0VF55_29.0,0.0,0.0,0.0,,,0.0,0.0,True,False,0,0,False,False
Q0VF55_60.0,2.2876670559247336,0.8862833579381307,-1.368037169794073,0.01763860490820385,,-1.4013836979866028,1.4013836979866028,False,True,partial,partial,False,False
Q0VF55_640.0,0.0,0.0,0.0,,,0.0,0.0,True,False,0,0,False,False
Q0VF55_647.0,0.0,0.0,0.0,,,0.0,0.0,True,False,0,0,False,False
Q0VF55_719.0,0.0,0.0,0.0,,,0.0,0.0,True,False,0,0,False,False
Q0VGB7_105.0,0.0,0.0,0.0,,,0.0,0.0,True,False,0,0,False,False
Q0VGB7_377.0,0.0,0.0,0.0,,,0.0,0.0,True,False,0,0,False,False
Q0VGY8_1092.0,0.0,0.0,0.0,,,0.0,0.0,True,False,0,0,False,False
Q0VGY8_128.0,0.0,0.0,0.0,,,0.0,0.0,True,False,0,0,False,False
Q0VGY8_206.0,0.0,0.0,0.0,,,0.0,0.0,True,False,0,0,False,False
Q0VGY8_266.0,0.0,0.0,0.0,,,0.0,0.0,True,False,0,0,False,False
Q0VGY8_554.0,0.0,0.0,0.0,,,0.0,0.0,True,False,0,0,False,False
Q0VGY8_797.0,0.0,0.0,0.0,,,0.0,0.0,True,False,0,0,False,False
Q0VGY8_810.0,0.0,0.0,0.0,,,0.0,0.0,True,False,0,0,False,False
Q0VGY8_831.0,0.0,0.0,0.0,,,0.0,0.0,True,False,0,0,False,False
Q11011_191.0,0.0,0.0,0.0,,,0.0,0.0,True,False,0,0,False,False
Q11011_340.0,0.0,0.0,0.0,,,0.0,0.0,True,False,0,0,False,False
Q11011_888.0,0.0,0.0,0.0,,,0.0,0.0,True,False,0,0,False,False
Q11011_889.0,0.0,0.0,0.0,,,0.0,0.0,True,False,0,0,False,False
Q11136_158.0,0.0,0.0,0.0,,,0.0,0.0,True,False,0,0,False,False
Q11136_183.0,0.0,0.0,0.0,,,0.0,0.0,True,False,0,0,False,False
Q11136_478.0,0.0,0.0,0.0,,,0.0,0.0,True,False,0,0,False,False
Q11136_58.0,0.0,0.0,0.0,,,0.0,0.0,True,False,0,0,False,False
Q148V7_548.0,0.0,0.0,0.0,,,0.0,0.0,True,False,0,0,False,False
Q148V7_605.0,0.0,0.0,0.0,,,0.0,0.0,True,False,0,0,False,False
Q148V7_624.0,2.1911189953486123,3.257885773976644,0.5722681852560445,0.5673978243045827,,1.0667667786280317,1.0667667786280317,False,True,partial,partial,False,False
Q148V7_854.0,0.0,0.0,0.0,,,0.0,0.0,True,False,0,0,False,False
Q148V7_917.0,0.0,0.0,0.0,,,0.0,0.0,True,False,0,0,False,False
Q149F3_394.0,0.0,0.0,0.0,,,0.0,0.0,True,False,0,0,False,False
Q149L6_178.0,0.0,0.0,0.0,,,0.0,0.0,True,False,0,0,False,False
Q149L6_366.0,0.0,0.0,0.0,,,0.0,0.0,True,False,0,0,False,False
Q14B01_15.0,0.0,0.0,0.0,,,0.0,0.0,True,False,0,0,False,False
Q14B01_202.0,0.0,0.0,0.0,,,0.0,0.0,True,False,0,0,False,False
Q14BI2_362.0,0.0,0.0,0.0,,,0.0,0.0,True,False,0,0,False,False
Q14BI2_407.0,0.0,0.0,0.0,,,0.0,0.0,True,False,0,0,False,False
Q14BI2_50.0,28.725200017293293,19.18061701456706,-0.5826678078988333,0.22048220982865233,,-9.544583002726235,9.544583002726235,False,True,partial,partial,False,False
Q14BI2_92.0,8.662133852640787,4.563561916351318,-0.9245621605093396,0.0005458355560870403,,-4.098571936289469,4.098571936289469,False,True,partial,partial,False,False
Q14BV6_170.0,0.0,0.0,0.0,,,0.0,0.0,True,False,0,0,False,False
Q14C51_259.0,0.0,0.0,0.0,,,0.0,0.0,True,False,0,0,False,False
Q14C51_551.0,0.0,0.0,0.0,,,0.0,0.0,True,False,0,0,False,False
Q14CH0_255.0,0.0,0.0,0.0,,,0.0,0.0,True,False,0,0,False,False
Q14CH7_488.0,11.48273754119873,23.06637191772461,1.006324473386018,0.5445300562981815,,11.583634376525879,11.583634376525879,False,True,partial,partial,False,False
Q1HFZ0_184.0,0.0,0.0,0.0,,,0.0,0.0,True,False,0,0,False,False
Q1HFZ0_267.0,0.0,0.0,0.0,,,0.0,0.0,True,False,0,0,False,False
Q1HFZ0_598.0,0.0,0.0,0.0,,,0.0,0.0,True,False,0,0,False,False
Q1HKZ5_782.0,0.0,0.0,0.0,,,0.0,0.0,True,False,0,0,False,False
Q1RLL3_155.0,0.0,0.0,0.0,,,0.0,0.0,True,False,0,0,False,False
Q2KN98_220.0,0.0,0.0,0.0,,,0.0,0.0,True,False,0,0,False,False
Q2KN98_451.0,0.0,0.0,0.0,,,0.0,0.0,True,False,0,0,False,False
Q2M3X8_207.0,0.0,0.0,0.0,,,0.0,0.0,True,False,0,0,False,False
Q2M3X8_231.0,0.0,0.0,0.0,,,0.0,0.0,True,False,0,0,False,False
Q2M3X8_248.0,0.0,0.0,0.0,,,0.0,0.0,True,False,0,0,False,False
Q2M3X8_336.0,0.0,0.0,0.0,,,0.0,0.0,True,False,0,0,False,False
Q2NL51_241.0,0.0,0.0,0.0,,,0.0,0.0,True,False,0,0,False,False
Q2NL51_381.0,0.0,0.0,0.0,,,0.0,0.0,True,False,0,0,False,False
Q2NL51_399.0,0.0,0.0,0.0,,,0.0,0.0,True,False,0,0,False,False
Q2PFD7_242.0,0.0,0.0,0.0,,,0.0,0.0,True,False,0,0,False,False
Q2PFD7_655.0,0.0,0.0,0.0,,,0.0,0.0,True,False,0,0,False,False
Q2PFD7_692.0,0.0,0.0,0.0,,,0.0,0.0,True,False,0,0,False,False
Q2PFD7_884.0,0.0,0.0,0.0,,,0.0,0.0,True,False,0,0,False,False
Q2TA57_95.0,0.0,0.0,0.0,,,0.0,0.0,True,False,0,0,False,False
Q2TBE6_320.0,0.0,0.0,0.0,,,0.0,0.0,True,False,0,0,False,False
Q2TPA8_11.0,0.0,0.0,0.0,,,0.0,0.0,True,False,0,0,False,False
Q2TPA8_136.0,0.0,0.0,0.0,,,0.0,0.0,True,False,0,0,False,False
Q2TPA8_218.0,0.0,0.0,0.0,,,0.0,0.0,True,False,0,0,False,False
Q2WF71_584.0,0.0,0.0,0.0,,,0.0,0.0,True,False,0,0,False,False
Q2YDW2_458.0,0.0,0.0,0.0,,,0.0,0.0,True,False,0,0,False,False
Q32NY4_63.0,0.0,0.0,0.0,,,0.0,0.0,True,False,0,0,False,False
Q3B7Z2_222.0,0.5371245940526327,0.0,-29.000681543426193,0.36321746764912255,,-0.5371245940526327,0.5371245940526327,False,True,partial,0,False,False
Q3B7Z2_274.0,0.0,0.0,0.0,,,0.0,0.0,True,False,0,0,False,False
Q3B7Z2_792.0,0.0,0.0,0.0,,,0.0,0.0,True,False,0,0,False,False
Q3B7Z2_801.0,0.0,0.0,0.0,,,0.0,0.0,True,False,0,0,False,False
Q3HNM7_547.0,0.0,0.0,0.0,,,0.0,0.0,True,False,0,0,False,False
Q3KNM2_33.0,0.0,0.0,0.0,,,0.0,0.0,True,False,0,0,False,False
Q3KNM2_46.0,0.0,0.0,0.0,,,0.0,0.0,True,False,0,0,False,False
Q3LAC4_1059.0,0.0,0.0,0.0,,,0.0,0.0,True,False,0,0,False,False
Q3LAC4_1078.0,0.0,0.0,0.0,,,0.0,0.0,True,False,0,0,False,False
Q3LAC4_200.0,0.0,0.0,0.0,,,0.0,0.0,True,False,0,0,False,False
Q3LAC4_518.0,0.0,0.0,0.0,,,0.0,0.0,True,False,0,0,False,False
Q3LAC4_881.0,0.0,0.0,0.0,,,0.0,0.0,True,False,0,0,False,False
Q3SXD3_140.0,0.0,0.0,0.0,,,0.0,0.0,True,False,0,0,False,False
Q3SXD3_77.0,12.536577542622885,13.860966046651205,0.14488426088814466,0.8293590213212819,,1.3243885040283203,1.3243885040283203,False,True,partial,partial,False,False
Q3TAS6_49.0,0.0,0.0,0.0,,,0.0,0.0,True,False,0,0,False,False
Q3TBL6_192.0,0.0,0.0,0.0,,,0.0,0.0,True,False,0,0,False,False
Q3TBW2_245.0,0.0,0.0,0.0,,,0.0,0.0,True,False,0,0,False,False
Q3TC33_144.0,0.0,0.0,0.0,,,0.0,0.0,True,False,0,0,False,False
Q3TC33_174.0,25.6765235265096,3.794859011967977,-2.758331689431351,0.20303835991021651,,-21.881664514541626,21.881664514541626,False,True,partial,partial,False,False
Q3TC72_214.0,0.0,0.0,0.0,,,0.0,0.0,True,False,0,0,False,False
Q3TC72_300.0,0.0,0.0,0.0,,,0.0,0.0,True,False,0,0,False,False
Q3TC93_84.0,0.0,0.0,0.0,,,0.0,0.0,True,False,0,0,False,False
Q3TCH7_110.0,20.077842394510906,12.039336204528809,-0.7378483921477331,0.4624753339238066,,-8.038506189982098,8.038506189982098,False,True,partial,partial,False,False
Q3TCH7_138.0,0.0,0.0,0.0,,,0.0,0.0,True,False,0,0,False,False
Q3TCH7_241.0,0.0,0.0,0.0,,,0.0,0.0,True,False,0,0,False,False
Q3TCH7_289.0,0.0,0.0,0.0,,,0.0,0.0,True,False,0,0,False,False
Q3TCH7_379.0,0.0,0.0,0.0,,,0.0,0.0,True,False,0,0,False,False
Q3TCJ1_224.0,0.0,0.0,0.0,,,0.0,0.0,True,False,0,0,False,False
Q3TCJ1_237.0,0.0,0.0,0.0,,,0.0,0.0,True,False,0,0,False,False
Q3TCN2_347.0,0.0,0.0,0.0,,,0.0,0.0,True,False,0,0,False,False
Q3TCN2_497.0,0.0,0.0,0.0,,,0.0,0.0,True,False,0,0,False,False
Q3TCX3_282.0,0.0,0.0,0.0,,,0.0,0.0,True,False,0,0,False,False
Q3TDD9_200.0,0.0,0.0,0.0,,,0.0,0.0,True,False,0,0,False,False
Q3TDD9_233.0,0.0,0.0,0.0,,,0.0,0.0,True,False,0,0,False,False
Q3TDD9_696.0,0.0,0.0,0.0,,,0.0,0.0,True,False,0,0,False,False
Q3TDD9_750.0,0.0,0.0,0.0,,,0.0,0.0,True,False,0,0,False,False
Q3TDK6_66.0,0.0,0.0,0.0,,,0.0,0.0,True,False,0,0,False,False
Q3TDN2_194.0,0.0,0.0,0.0,,,0.0,0.0,True,False,0,0,False,False
Q3TDN2_211.0,0.0,0.0,0.0,,,0.0,0.0,True,False,0,0,False,False
Q3TDN2_32.0,0.0,0.0,0.0,,,0.0,0.0,True,False,0,0,False,False
Q3TDQ1_712.0,0.0,0.0,0.0,,,0.0,0.0,True,False,0,0,False,False
Q3TEA8_359.0,0.0,0.0,0.0,,,0.0,0.0,True,False,0,0,False,False
Q3TEL6_231.0,0.0,0.0,0.0,,,0.0,0.0,True,False,0,0,False,False
Q3TEL6_453.0,0.0,0.0,0.0,,,0.0,0.0,True,False,0,0,False,False
Q3TES0_1119.0,0.0,0.0,0.0,,,0.0,0.0,True,False,0,0,False,False
Q3TES0_279.0,0.0,0.0,0.0,,,0.0,0.0,True,False,0,0,False,False
Q3TES0_317.0,0.0,0.0,0.0,,,0.0,0.0,True,False,0,0,False,False
Q3TES0_371.0,4.970184485117595,6.137404282887776,0.3043292164480883,0.8349076579869665,,1.1672197977701817,1.1672197977701817,False,True,partial,partial,False,False
Q3TES0_964.0,0.0,0.0,0.0,,,0.0,0.0,True,False,0,0,False,False
Q3TFD2_211.0,0.0,0.0,0.0,,,0.0,0.0,True,False,0,0,False,False
Q3TFD2_330.0,0.0,0.0,0.0,,,0.0,0.0,True,False,0,0,False,False
Q3TFQ1_150.0,0.0,0.0,0.0,,,0.0,0.0,True,False,0,0,False,False
Q3TGW2_271.0,0.0,0.0,0.0,,,0.0,0.0,True,False,0,0,False,False
Q3TGW2_312.0,0.0,0.0,0.0,,,0.0,0.0,True,False,0,0,False,False
Q3THE2_109.0,0.0,0.0,0.0,,,0.0,0.0,True,False,0,0,False,False
Q3THG9_21.0,0.0,0.0,0.0,,,0.0,0.0,True,False,0,0,False,False
Q3THG9_266.0,0.0,0.0,0.0,,,0.0,0.0,True,False,0,0,False,False
Q3THJ3_89.0,0.0,0.0,0.0,,,0.0,0.0,True,False,0,0,False,False
Q3THK7_449.0,0.0,0.0,0.0,,,0.0,0.0,True,False,0,0,False,False
Q3THK7_489.0,1.371526559193929,0.0,-30.353135414844736,0.175301857350537,,-1.371526559193929,1.371526559193929,False,True,partial,0,False,False
Q3THK7_523.0,0.0,0.0,0.0,,,0.0,0.0,True,False,0,0,False,False
Q3THK7_530.0,0.0,0.0,0.0,,,0.0,0.0,True,False,0,0,False,False
Q3THK7_554.0,0.0,0.0,0.0,,,0.0,0.0,True,False,0,0,False,False
Q3THS6_104.0,0.0,0.0,0.0,,,0.0,0.0,True,False,0,0,False,False
Q3THS6_34.0,3.266201655069987,0.5583810408910116,-2.548292000761897,0.018869939978830755,,-2.707820614178975,2.707820614178975,False,True,partial,partial,False,False
Q3THS6_56.0,0.0,0.0,0.0,,,0.0,0.0,True,False,0,0,False,False
Q3TIR1_254.0,0.0,0.0,0.0,,,0.0,0.0,True,False,0,0,False,False
Q3TIR1_32.0,0.0,0.0,0.0,,,0.0,0.0,True,False,0,0,False,False
Q3TIR1_327.0,0.0,0.0,0.0,,,0.0,0.0,True,False,0,0,False,False
Q3TIR1_332.0,0.0,0.0,0.0,,,0.0,0.0,True,False,0,0,False,False
Q3TIR3_329.0,0.0,0.0,0.0,,,0.0,0.0,True,False,0,0,False,False
Q3TIR3_79.0,0.0,0.0,0.0,,,0.0,0.0,True,False,0,0,False,False
Q3TIU4_107.0,0.0,0.0,0.0,,,0.0,0.0,True,False,0,0,False,False
Q3TIU4_179.0,0.0,0.0,0.0,,,0.0,0.0,True,False,0,0,False,False
Q3TIU4_237.0,0.0,0.0,0.0,,,0.0,0.0,True,False,0,0,False,False
Q3TIU4_267.0,0.0,0.0,0.0,,,0.0,0.0,True,False,0,0,False,False
Q3TIV5_105.0,0.0,0.0,0.0,,,0.0,0.0,True,False,0,0,False,False
Q3TJ22_131.0,0.0,0.0,0.0,,,0.0,0.0,True,False,0,0,False,False
Q3TJ22_217.0,0.0,0.0,0.0,,,0.0,0.0,True,False,0,0,False,False
Q3TJD7_388.0,0.0,0.0,0.0,,,0.0,0.0,True,False,0,0,False,False
Q3TJZ6_126.0,0.0,0.0,0.0,,,0.0,0.0,True,False,0,0,False,False
Q3TJZ6_46.0,0.0,0.0,0.0,,,0.0,0.0,True,False,0,0,False,False
Q3TKT4_1205.0,0.0,0.0,0.0,,,0.0,0.0,True,False,0,0,False,False
Q3TKT4_1326.0,0.0,0.0,0.0,,,0.0,0.0,True,False,0,0,False,False
Q3TKT4_423.0,0.0,0.0,0.0,,,0.0,0.0,True,False,0,0,False,False
Q3TKY6_164.0,0.0,0.0,0.0,,,0.0,0.0,True,False,0,0,False,False
Q3TL44_184.0,0.0,0.0,0.0,,,0.0,0.0,True,False,0,0,False,False
Q3TL44_310.0,0.0,0.0,0.0,,,0.0,0.0,True,False,0,0,False,False
Q3TL44_644.0,0.0,0.0,0.0,,,0.0,0.0,True,False,0,0,False,False
Q3TL44_735.0,0.0,0.0,0.0,,,0.0,0.0,True,False,0,0,False,False
Q3TL44_767.0,0.0,0.0,0.0,,,0.0,0.0,True,False,0,0,False,False
Q3TL44_779.0,0.0,0.0,0.0,,,0.0,0.0,True,False,0,0,False,False
Q3TLH4_179.0,0.0,0.0,0.0,,,0.0,0.0,True,False,0,0,False,False
Q3TLH4_224.0,0.0,0.0,0.0,,,0.0,0.0,True,False,0,0,False,False
Q3TLH4_2292.0,0.0,0.0,0.0,,,0.0,0.0,True,False,0,0,False,False
Q3TLH4_2740.0,0.0,0.0,0.0,,,0.0,0.0,True,False,0,0,False,False
Q3TLH4_597.0,0.0,0.0,0.0,,,0.0,0.0,True,False,0,0,False,False
Q3TLH4_870.0,0.0,0.0,0.0,,,0.0,0.0,True,False,0,0,False,False
Q3TLI0_1073.0,0.0,0.0,0.0,,,0.0,0.0,True,False,0,0,False,False
Q3TLI0_1129.0,0.0,0.0,0.0,,,0.0,0.0,True,False,0,0,False,False
Q3TLI0_1200.0,0.0,0.0,0.0,,,0.0,0.0,True,False,0,0,False,False
Q3TLI0_338.0,0.0,0.0,0.0,,,0.0,0.0,True,False,0,0,False,False
Q3TLI0_372.0,0.0,0.0,0.0,,,0.0,0.0,True,False,0,0,False,False
Q3TLI0_403.0,0.0,0.0,0.0,,,0.0,0.0,True,False,0,0,False,False
Q3TLI0_560.0,24.458954493204754,17.808263778686523,-0.45781586927641654,0.5673780755009082,,-6.65069071451823,6.65069071451823,False,True,partial,partial,False,False
Q3TLI0_695.0,0.0,0.0,0.0,,,0.0,0.0,True,False,0,0,False,False
Q3TLI0_728.0,0.0,0.0,0.0,,,0.0,0.0,True,False,0,0,False,False
Q3TLS3_334.0,0.0,0.0,0.0,,,0.0,0.0,True,False,0,0,False,False
Q3TMH2_143.0,0.0,0.0,0.0,,,0.0,0.0,True,False,0,0,False,False
Q3TMH2_40.0,0.0,0.0,0.0,,,0.0,0.0,True,False,0,0,False,False
Q3TMH2_54.0,0.0,0.0,0.0,,,0.0,0.0,True,False,0,0,False,False
Q3TPE9_205.0,0.0,0.0,0.0,,,0.0,0.0,True,False,0,0,False,False
Q3TPE9_277.0,0.0,0.0,0.0,,,0.0,0.0,True,False,0,0,False,False
Q3TPE9_341.0,0.0,0.0,0.0,,,0.0,0.0,True,False,0,0,False,False
Q3TPE9_41.0,0.0,0.0,0.0,,,0.0,0.0,True,False,0,0,False,False
Q3TPX4_111.0,0.0,0.0,0.0,,,0.0,0.0,True,False,0,0,False,False
Q3TPX4_194.0,0.0,0.0,0.0,,,0.0,0.0,True,False,0,0,False,False
Q3TPX4_236.0,0.0,0.0,0.0,,,0.0,0.0,True,False,0,0,False,False
Q3TPX4_254.0,0.0,0.0,0.0,,,0.0,0.0,True,False,0,0,False,False
Q3TPX4_295.0,0.0,0.0,0.0,,,0.0,0.0,True,False,0,0,False,False
Q3TPX4_542.0,0.0,0.0,0.0,,,0.0,0.0,True,False,0,0,False,False
Q3TPX4_576.0,0.0,0.0,0.0,,,0.0,0.0,True,False,0,0,False,False
Q3TPX4_675.0,0.0,0.0,0.0,,,0.0,0.0,True,False,0,0,False,False
Q3TPX4_71.0,0.0,0.0,0.0,,,0.0,0.0,True,False,0,0,False,False
Q3TQB2_187.0,0.0,0.0,0.0,,,0.0,0.0,True,False,0,0,False,False
Q3TQI7_145.0,0.0,0.0,0.0,,,0.0,0.0,True,False,0,0,False,False
Q3TRM4_1104.0,0.0,0.0,0.0,,,0.0,0.0,True,False,0,0,False,False
Q3TRM4_403.0,0.0,0.0,0.0,,,0.0,0.0,True,False,0,0,False,False
Q3TUH1_285.0,0.0,0.0,0.0,,,0.0,0.0,True,False,0,0,False,False
Q3TVA9_174.0,0.0,0.0,0.0,,,0.0,0.0,True,False,0,0,False,False
Q3TVA9_320.0,100.0,100.0,0.0,,,0.0,0.0,True,False,100,100,False,False
Q3TVI8_353.0,0.0,0.0,0.0,,,0.0,0.0,True,False,0,0,False,False
Q3TW96_231.0,0.0,0.0,0.0,,,0.0,0.0,True,False,0,0,False,False
Q3TW96_401.0,0.0,0.0,0.0,,,0.0,0.0,True,False,0,0,False,False
Q3TW96_423.0,0.0,0.0,0.0,,,0.0,0.0,True,False,0,0,False,False
Q3TW96_507.0,0.0,0.0,0.0,,,0.0,0.0,True,False,0,0,False,False
Q3TWI9_267.0,0.0,0.0,0.0,,,0.0,0.0,True,False,0,0,False,False
Q3TWI9_275.0,0.0,0.0,0.0,,,0.0,0.0,True,False,0,0,False,False
Q3TWL2_94.0,0.0,0.0,0.0,,,0.0,0.0,True,False,0,0,False,False
Q3TWN3_293.0,0.0,0.0,0.0,,,0.0,0.0,True,False,0,0,False,False
Q3TWN3_399.0,0.0,0.0,0.0,,,0.0,0.0,True,False,0,0,False,False
Q3TWN3_508.0,0.0,0.0,0.0,,,0.0,0.0,True,False,0,0,False,False
Q3TX08_149.0,0.0,0.0,0.0,,,0.0,0.0,True,False,0,0,False,False
Q3TXS7_112.0,0.0,0.0,0.0,,,0.0,0.0,True,False,0,0,False,False
Q3TXS7_184.0,0.0,0.0,0.0,,,0.0,0.0,True,False,0,0,False,False
Q3TXS7_571.0,0.0,0.0,0.0,,,0.0,0.0,True,False,0,0,False,False
Q3TXS7_591.0,0.0,0.0,0.0,,,0.0,0.0,True,False,0,0,False,False
Q3TXS7_633.0,0.0,0.0,0.0,,,0.0,0.0,True,False,0,0,False,False
Q3TXS7_806.0,3.189168612162272,6.631527264912923,1.05616079103481,0.5293510850267872,,3.442358652750651,3.442358652750651,False,True,partial,partial,False,False
Q3TXS7_898.0,0.0,0.0,0.0,,,0.0,0.0,True,False,0,0,False,False
Q3TXU5_142.0,0.0,0.0,0.0,,,0.0,0.0,True,False,0,0,False,False
Q3TXU5_177.0,0.0,0.0,0.0,,,0.0,0.0,True,False,0,0,False,False
Q3TXX3_246.0,0.0,0.0,0.0,,,0.0,0.0,True,False,0,0,False,False
Q3TXX4_190.0,0.0,0.0,0.0,,,0.0,0.0,True,False,0,0,False,False
Q3TXX4_54.0,0.0,0.0,0.0,,,0.0,0.0,True,False,0,0,False,False
Q3TY65_249.0,0.0,0.0,0.0,,,0.0,0.0,True,False,0,0,False,False
Q3TY86_109.0,0.0,0.0,0.0,,,0.0,0.0,True,False,0,0,False,False
Q3TY86_225.0,0.0,0.0,0.0,,,0.0,0.0,True,False,0,0,False,False
Q3TY86_67.0,0.0,0.0,0.0,,,0.0,0.0,True,False,0,0,False,False
Q3TYA6_751.0,0.0,0.0,0.0,,,0.0,0.0,True,False,0,0,False,False
Q3TYD6_1121.0,0.0,0.0,0.0,,,0.0,0.0,True,False,0,0,False,False
Q3TYD6_1141.0,20.519728978474934,20.964510599772137,0.03093747581044386,0.9814000029800329,,0.4447816212972029,0.4447816212972029,False,True,partial,partial,False,False
Q3TYD6_1436.0,0.0,0.0,0.0,,,0.0,0.0,True,False,0,0,False,False
Q3TYD6_858.0,0.0,0.0,0.0,,,0.0,0.0,True,False,0,0,False,False
Q3TYD6_886.0,0.0,0.0,0.0,,,0.0,0.0,True,False,0,0,False,False
Q3TYX3_101.0,0.0,0.0,0.0,,,0.0,0.0,True,False,0,0,False,False
Q3TYX3_136.0,0.0,0.0,0.0,,,0.0,0.0,True,False,0,0,False,False
Q3TYX3_193.0,0.0,0.0,0.0,,,0.0,0.0,True,False,0,0,False,False
Q3TYX3_375.0,0.0,0.0,0.0,,,0.0,0.0,True,False,0,0,False,False
Q3TZM9_345.0,0.0,0.0,0.0,,,0.0,0.0,True,False,0,0,False,False
Q3TZM9_72.0,0.0,0.0,0.0,,,0.0,0.0,True,False,0,0,False,False
Q3TZZ7_105.0,0.0,0.0,0.0,,,0.0,0.0,True,False,0,0,False,False
Q3U0B3_55.0,0.0,0.0,0.0,,,0.0,0.0,True,False,0,0,False,False
Q3U0D9_481.0,0.0,0.0,0.0,,,0.0,0.0,True,False,0,0,False,False
Q3U0D9_567.0,0.0,0.0,0.0,,,0.0,0.0,True,False,0,0,False,False
Q3U0D9_99.0,0.0,0.0,0.0,,,0.0,0.0,True,False,0,0,False,False
Q3U0K8_143.0,0.0,0.0,0.0,,,0.0,0.0,True,False,0,0,False,False
Q3U0K8_154.0,0.0,0.0,0.0,,,0.0,0.0,True,False,0,0,False,False
Q3U0K8_308.0,0.0,0.0,0.0,,,0.0,0.0,True,False,0,0,False,False
Q3U0M1_1135.0,0.0,0.0,0.0,,,0.0,0.0,True,False,0,0,False,False
Q3U0M1_179.0,0.0,0.0,0.0,,,0.0,0.0,True,False,0,0,False,False
Q3U0M1_317.0,0.0,0.0,0.0,,,0.0,0.0,True,False,0,0,False,False
Q3U0M1_415.0,0.0,0.0,0.0,,,0.0,0.0,True,False,0,0,False,False
Q3U0M1_86.0,0.0,0.0,0.0,,,0.0,0.0,True,False,0,0,False,False
Q3U0M1_935.0,0.0,0.0,0.0,,,0.0,0.0,True,False,0,0,False,False
Q3U0P5_327.0,0.0,0.0,0.0,,,0.0,0.0,True,False,0,0,False,False
Q3U0S6_576.0,0.0,0.0,0.0,,,0.0,0.0,True,False,0,0,False,False
Q3U0V1_177.0,0.0,0.0,0.0,,,0.0,0.0,True,False,0,0,False,False
Q3U0V1_297.0,0.0,0.0,0.0,,,0.0,0.0,True,False,0,0,False,False
Q3U186_11.0,0.0,0.0,0.0,,,0.0,0.0,True,False,0,0,False,False
Q3U186_110.0,0.0,0.0,0.0,,,0.0,0.0,True,False,0,0,False,False
Q3U186_372.0,0.0,0.0,0.0,,,0.0,0.0,True,False,0,0,False,False
Q3U186_576.0,0.0,0.0,0.0,,,0.0,0.0,True,False,0,0,False,False
Q3U186_74.0,0.0,0.0,0.0,,,0.0,0.0,True,False,0,0,False,False
Q3U1F9_246.0,0.0,0.0,0.0,,,0.0,0.0,True,False,0,0,False,False
Q3U1F9_352.0,0.0,0.0,0.0,,,0.0,0.0,True,False,0,0,False,False
Q3U1F9_423.0,0.0,0.0,0.0,,,0.0,0.0,True,False,0,0,False,False
Q3U1J4_128.0,0.0,0.0,0.0,,,0.0,0.0,True,False,0,0,False,False
Q3U1J4_173.0,0.0,0.0,0.0,,,0.0,0.0,True,False,0,0,False,False
Q3U1J4_260.0,0.0,0.0,0.0,,,0.0,0.0,True,False,0,0,False,False
Q3U1J4_378.0,0.0,0.0,0.0,,,0.0,0.0,True,False,0,0,False,False
Q3U1J4_652.0,0.0,0.0,0.0,,,0.0,0.0,True,False,0,0,False,False
Q3U1J4_725.0,0.0,0.0,0.0,,,0.0,0.0,True,False,0,0,False,False
Q3U1J4_87.0,0.0,0.0,0.0,,,0.0,0.0,True,False,0,0,False,False
Q3U1J4_903.0,0.0,0.0,0.0,,,0.0,0.0,True,False,0,0,False,False
Q3U1V6_319.0,0.0,0.0,0.0,,,0.0,0.0,True,False,0,0,False,False
Q3U1Y4_1044.0,0.0,0.0,0.0,,,0.0,0.0,True,False,0,0,False,False
Q3U1Y4_1220.0,0.0,0.0,0.0,,,0.0,0.0,True,False,0,0,False,False
Q3U1Y4_165.0,0.0,0.0,0.0,,,0.0,0.0,True,False,0,0,False,False
Q3U1Y4_815.0,0.0,0.0,0.0,,,0.0,0.0,True,False,0,0,False,False
Q3U213_173.0,0.0,0.0,0.0,,,0.0,0.0,True,False,0,0,False,False
Q3U213_386.0,0.0,0.0,0.0,,,0.0,0.0,True,False,0,0,False,False
Q3U213_627.0,0.0,0.0,0.0,,,0.0,0.0,True,False,0,0,False,False
Q3U213_645.0,0.0,0.0,0.0,,,0.0,0.0,True,False,0,0,False,False
Q3U214_563.0,0.0,0.0,0.0,,,0.0,0.0,True,False,0,0,False,False
Q3U214_850.0,0.0,0.0,0.0,,,0.0,0.0,True,False,0,0,False,False
Q3U2A8_465.0,0.0,0.0,0.0,,,0.0,0.0,True,False,0,0,False,False
Q3U2A8_794.0,0.0,0.0,0.0,,,0.0,0.0,True,False,0,0,False,False
Q3U2A8_882.0,0.0,0.0,0.0,,,0.0,0.0,True,False,0,0,False,False
Q3U2I3_285.0,0.0,0.0,0.0,,,0.0,0.0,True,False,0,0,False,False
Q3U2I3_930.0,0.0,0.0,0.0,,,0.0,0.0,True,False,0,0,False,False
Q3U2P1_378.0,0.0,0.0,0.0,,,0.0,0.0,True,False,0,0,False,False
Q3U2V3_24.0,0.0,0.0,0.0,,,0.0,0.0,True,False,0,0,False,False
Q3U319_127.0,0.0,0.0,0.0,,,0.0,0.0,True,False,0,0,False,False
Q3U319_890.0,0.0,0.0,0.0,,,0.0,0.0,True,False,0,0,False,False
Q3U319_986.0,0.0,0.0,0.0,,,0.0,0.0,True,False,0,0,False,False
Q3U3E2_478.0,0.0,0.0,0.0,,,0.0,0.0,True,False,0,0,False,False
Q3U3E2_491.0,0.0,0.0,0.0,,,0.0,0.0,True,False,0,0,False,False
Q3U3Q1_186.0,0.0,0.0,0.0,,,0.0,0.0,True,False,0,0,False,False
Q3U3Q1_243.0,0.0,0.0,0.0,,,0.0,0.0,True,False,0,0,False,False
Q3U487_112.0,0.0,0.0,0.0,,,0.0,0.0,True,False,0,0,False,False
Q3U487_356.0,0.0,0.0,0.0,,,0.0,0.0,True,False,0,0,False,False
Q3U487_530.0,0.0,0.0,0.0,,,0.0,0.0,True,False,0,0,False,False
Q3U487_592.0,0.0,0.0,0.0,,,0.0,0.0,True,False,0,0,False,False
Q3U487_744.0,0.0,0.0,0.0,,,0.0,0.0,True,False,0,0,False,False
Q3U4G3_385.0,0.0,0.0,0.0,,,0.0,0.0,True,False,0,0,False,False
Q3U5C7_604.0,0.0,0.0,0.0,,,0.0,0.0,True,False,0,0,False,False
Q3U5F4_122.0,0.0,0.0,0.0,,,0.0,0.0,True,False,0,0,False,False
Q3U5Q7_137.0,0.0,0.0,0.0,,,0.0,0.0,True,False,0,0,False,False
Q3U5Q7_226.0,0.0,0.0,0.0,,,0.0,0.0,True,False,0,0,False,False
Q3U5Q7_243.0,0.0,0.0,0.0,,,0.0,0.0,True,False,0,0,False,False
Q3U5Q7_287.0,0.0,0.0,0.0,,,0.0,0.0,True,False,0,0,False,False
Q3U5Q7_422.0,0.0,0.0,0.0,,,0.0,0.0,True,False,0,0,False,False
Q3U5Q7_44.0,0.0,0.0,0.0,,,0.0,0.0,True,False,0,0,False,False
Q3U5Q7_76.0,0.0,0.0,0.0,,,0.0,0.0,True,False,0,0,False,False
Q3U7R1_360.0,0.0,0.0,0.0,,,0.0,0.0,True,False,0,0,False,False
Q3U7R1_983.0,0.0,0.0,0.0,,,0.0,0.0,True,False,0,0,False,False
Q3UA37_612.0,0.0,0.0,0.0,,,0.0,0.0,True,False,0,0,False,False
Q3UBG2_164.0,0.0,0.0,0.0,,,0.0,0.0,True,False,0,0,False,False
Q3UBG2_44.0,0.0,0.0,0.0,,,0.0,0.0,True,False,0,0,False,False
Q3UBG2_77.0,0.0,0.0,0.0,,,0.0,0.0,True,False,0,0,False,False
Q3UBZ5_49.0,0.0,0.0,0.0,,,0.0,0.0,True,False,0,0,False,False
Q3UCV8_47.0,0.0,0.0,0.0,,,0.0,0.0,True,False,0,0,False,False
Q3UCV8_92.0,0.0,0.0,0.0,,,0.0,0.0,True,False,0,0,False,False
Q3UDE2_121.0,0.0,0.0,0.0,,,0.0,0.0,True,False,0,0,False,False
Q3UDE2_304.0,0.0,0.0,0.0,,,0.0,0.0,True,False,0,0,False,False
Q3UDE2_356.0,0.0,0.0,0.0,,,0.0,0.0,True,False,0,0,False,False
Q3UDE2_365.0,0.0,0.0,0.0,,,0.0,0.0,True,False,0,0,False,False
Q3UDE2_607.0,0.0,0.0,0.0,,,0.0,0.0,True,False,0,0,False,False
Q3UDE2_93.0,0.0,0.0,0.0,,,0.0,0.0,True,False,0,0,False,False
Q3UDK1_461.0,0.0,0.0,0.0,,,0.0,0.0,True,False,0,0,False,False
Q3UDP0_120.0,0.0,0.0,0.0,,,0.0,0.0,True,False,0,0,False,False
Q3UDP0_340.0,0.0,0.0,0.0,,,0.0,0.0,True,False,0,0,False,False
Q3UE37_102.0,0.0,0.0,0.0,,,0.0,0.0,True,False,0,0,False,False
Q3UE37_156.0,0.0,0.0,0.0,,,0.0,0.0,True,False,0,0,False,False
Q3UE37_245.0,0.0,0.0,0.0,,,0.0,0.0,True,False,0,0,False,False
Q3UE37_256.0,0.0,0.0,0.0,,,0.0,0.0,True,False,0,0,False,False
Q3UE37_263.0,0.0,0.0,0.0,,,0.0,0.0,True,False,0,0,False,False
Q3UE37_288.0,0.0,0.0,0.0,,,0.0,0.0,True,False,0,0,False,False
Q3UEB3_134.0,0.0,0.0,0.0,,,0.0,0.0,True,False,0,0,False,False
Q3UEB3_492.0,0.0,0.0,0.0,,,0.0,0.0,True,False,0,0,False,False
Q3UFF7_175.0,0.0,0.0,0.0,,,0.0,0.0,True,False,0,0,False,False
Q3UFK8_191.0,0.0,0.0,0.0,,,0.0,0.0,True,False,0,0,False,False
Q3UFK8_206.0,0.0,0.0,0.0,,,0.0,0.0,True,False,0,0,False,False
Q3UFS0_428.0,0.0,0.0,0.0,,,0.0,0.0,True,False,0,0,False,False
Q3UFS0_457.0,0.0,0.0,0.0,,,0.0,0.0,True,False,0,0,False,False
Q3UFS0_643.0,0.0,0.0,0.0,,,0.0,0.0,True,False,0,0,False,False
Q3UFS0_686.0,0.0,0.0,0.0,,,0.0,0.0,True,False,0,0,False,False
Q3UFT3_215.0,0.0,0.0,0.0,,,0.0,0.0,True,False,0,0,False,False
Q3UFT3_489.0,0.0,0.0,0.0,,,0.0,0.0,True,False,0,0,False,False
Q3UFY7_114.0,0.0,0.0,0.0,,,0.0,0.0,True,False,0,0,False,False
Q3UFY7_294.0,0.0,0.0,0.0,,,0.0,0.0,True,False,0,0,False,False
Q3UFY7_56.0,0.0,0.0,0.0,,,0.0,0.0,True,False,0,0,False,False
Q3UFY8_330.0,0.0,0.0,0.0,,,0.0,0.0,True,False,0,0,False,False
Q3UGC7_191.0,0.0,0.0,0.0,,,0.0,0.0,True,False,0,0,False,False
Q3UGC7_210.0,0.0,0.0,0.0,,,0.0,0.0,True,False,0,0,False,False
Q3UGY8_1201.0,0.0,0.0,0.0,,,0.0,0.0,True,False,0,0,False,False
Q3UGY8_1365.0,0.0,0.0,0.0,,,0.0,0.0,True,False,0,0,False,False
Q3UGY8_1371.0,0.0,0.0,0.0,,,0.0,0.0,True,False,0,0,False,False
Q3UGY8_1623.0,0.0,0.0,0.0,,,0.0,0.0,True,False,0,0,False,False
Q3UGY8_1670.0,0.0,0.0,0.0,,,0.0,0.0,True,False,0,0,False,False
Q3UGY8_2007.0,0.0,0.0,0.0,,,0.0,0.0,True,False,0,0,False,False
Q3UGY8_261.0,21.085913976033527,31.883238474527996,0.596518618462308,0.4574183009621797,,10.797324498494469,10.797324498494469,False,True,partial,partial,False,False
Q3UGY8_307.0,0.0,0.0,0.0,,,0.0,0.0,True,False,0,0,False,False
Q3UGY8_578.0,0.0,0.0,0.0,,,0.0,0.0,True,False,0,0,False,False
Q3UGY8_607.0,0.0,0.0,0.0,,,0.0,0.0,True,False,0,0,False,False
Q3UGY8_908.0,0.0,0.0,0.0,,,0.0,0.0,True,False,0,0,False,False
Q3UH45_282.0,0.0,0.0,0.0,,,0.0,0.0,True,False,0,0,False,False
Q3UH45_979.0,0.0,0.0,0.0,,,0.0,0.0,True,False,0,0,False,False
Q3UH60_1100.0,0.0,0.0,0.0,,,0.0,0.0,True,False,0,0,False,False
Q3UH60_1276.0,0.0,0.0,0.0,,,0.0,0.0,True,False,0,0,False,False
Q3UH60_1280.0,0.0,0.0,0.0,,,0.0,0.0,True,False,0,0,False,False
Q3UH60_331.0,0.0,0.0,0.0,,,0.0,0.0,True,False,0,0,False,False
Q3UH60_590.0,0.0,0.0,0.0,,,0.0,0.0,True,False,0,0,False,False
Q3UH60_751.0,0.0,0.0,0.0,,,0.0,0.0,True,False,0,0,False,False
Q3UH60_893.0,1.8599173227945964,0.0,-30.79259134671607,0.36321746764912255,,-1.8599173227945964,1.8599173227945964,False,True,partial,0,False,False
Q3UH66_1101.0,0.0,0.0,0.0,,,0.0,0.0,True,False,0,0,False,False
Q3UH66_1143.0,0.0,0.0,0.0,,,0.0,0.0,True,False,0,0,False,False
Q3UH66_1152.0,0.0,0.0,0.0,,,0.0,0.0,True,False,0,0,False,False
Q3UH66_1946.0,0.0,0.0,0.0,,,0.0,0.0,True,False,0,0,False,False
Q3UH66_1957.0,0.0,0.0,0.0,,,0.0,0.0,True,False,0,0,False,False
Q3UH66_326.0,0.0,0.0,0.0,,,0.0,0.0,True,False,0,0,False,False
Q3UH66_411.0,0.0,0.0,0.0,,,0.0,0.0,True,False,0,0,False,False
Q3UH66_433.0,0.0,0.0,0.0,,,0.0,0.0,True,False,0,0,False,False
Q3UH68_1041.0,0.0,0.0,0.0,,,0.0,0.0,True,False,0,0,False,False
Q3UH68_140.0,0.0,0.0,0.0,,,0.0,0.0,True,False,0,0,False,False
Q3UH68_182.0,0.0,0.0,0.0,,,0.0,0.0,True,False,0,0,False,False
Q3UH68_671.0,0.0,0.0,0.0,,,0.0,0.0,True,False,0,0,False,False
Q3UH68_863.0,0.0,0.0,0.0,,,0.0,0.0,True,False,0,0,False,False
Q3UH68_929.0,7.793611526489258,5.4724931716918945,-0.5100937726281384,0.6524694747121245,,-2.3211183547973633,2.3211183547973633,False,True,partial,partial,False,False
Q3UH93_391.0,0.0,0.0,0.0,,,0.0,0.0,True,False,0,0,False,False
Q3UH93_447.0,5.893243153889974,4.809490203857422,-0.293177813265451,0.8896472294025242,,-1.0837529500325518,1.0837529500325518,False,True,partial,partial,False,False
Q3UH93_602.0,0.0,0.0,0.0,,,0.0,0.0,True,False,0,0,False,False
Q3UH93_663.0,0.0,0.0,0.0,,,0.0,0.0,True,False,0,0,False,False
Q3UH93_936.0,0.0,0.0,0.0,,,0.0,0.0,True,False,0,0,False,False
Q3UH99_236.0,0.0,0.0,0.0,,,0.0,0.0,True,False,0,0,False,False
Q3UHB1_274.0,0.0,0.0,0.0,,,0.0,0.0,True,False,0,0,False,False
Q3UHB8_100.0,0.0,0.0,0.0,,,0.0,0.0,True,False,0,0,False,False
Q3UHB8_274.0,11.574506759643555,9.429508368174234,-0.29569625588784443,0.6049769966380478,,-2.1449983914693203,2.1449983914693203,False,True,partial,partial,False,False
Q3UHB8_56.0,0.0,0.0,0.0,,,0.0,0.0,True,False,0,0,False,False
Q3UHB8_637.0,0.0,0.0,0.0,,,0.0,0.0,True,False,0,0,False,False
Q3UHB8_78.0,0.0,0.0,0.0,,,0.0,0.0,True,False,0,0,False,False
Q3UHB8_97.0,0.0,0.0,0.0,,,0.0,0.0,True,False,0,0,False,False
Q3UHC7_404.0,0.0,0.0,0.0,,,0.0,0.0,True,False,0,0,False,False
Q3UHC7_459.0,0.0,0.0,0.0,,,0.0,0.0,True,False,0,0,False,False
Q3UHD1_1233.0,0.0,0.0,0.0,,,0.0,0.0,True,False,0,0,False,False
Q3UHD1_127.0,0.0,0.0,0.0,,,0.0,0.0,True,False,0,0,False,False
Q3UHD1_247.0,0.0,0.0,0.0,,,0.0,0.0,True,False,0,0,False,False
Q3UHD1_494.0,0.0,0.0,0.0,,,0.0,0.0,True,False,0,0,False,False
Q3UHD2_68.0,0.0,0.0,0.0,,,0.0,0.0,True,False,0,0,False,False
Q3UHD3_325.0,0.0,0.0,0.0,,,0.0,0.0,True,False,0,0,False,False
Q3UHD6_511.0,0.0,0.0,0.0,,,0.0,0.0,True,False,0,0,False,False
Q3UHD9_530.0,0.0,0.0,0.0,,,0.0,0.0,True,False,0,0,False,False
Q3UHD9_805.0,0.0,0.0,0.0,,,0.0,0.0,True,False,0,0,False,False
Q3UHE1_82.0,0.0,0.0,0.0,,,0.0,0.0,True,False,0,0,False,False
Q3UHG7_96.0,0.0,0.0,0.0,,,0.0,0.0,True,False,0,0,False,False
Q3UHI0_671.0,0.0,0.0,0.0,,,0.0,0.0,True,False,0,0,False,False
Q3UHI4_162.0,0.0,0.0,0.0,,,0.0,0.0,True,False,0,0,False,False
Q3UHJ0_193.0,0.0,0.0,0.0,,,0.0,0.0,True,False,0,0,False,False
Q3UHJ0_250.0,0.0,0.0,0.0,,,0.0,0.0,True,False,0,0,False,False
Q3UHJ0_288.0,0.0,0.0,0.0,,,0.0,0.0,True,False,0,0,False,False
Q3UHJ0_319.0,6.876832405726115,6.0061066548029585,-0.19531409217444579,0.4141521329847826,,-0.8707257509231567,0.8707257509231567,False,True,partial,partial,False,False
Q3UHJ0_87.0,0.0,0.0,0.0,,,0.0,0.0,True,False,0,0,False,False
Q3UHK1_303.0,0.0,0.0,0.0,,,0.0,0.0,True,False,0,0,False,False
Q3UHK1_603.0,0.0,0.0,0.0,,,0.0,0.0,True,False,0,0,False,False
Q3UHK6_1013.0,36.638285319010414,7.435357411702474,-2.3008779881109693,0.16996105418741336,,-29.20292790730794,29.20292790730794,False,True,partial,partial,False,False
Q3UHK6_1059.0,0.0,0.0,0.0,,,0.0,0.0,True,False,0,0,False,False
Q3UHK6_1397.0,0.0,0.0,0.0,,,0.0,0.0,True,False,0,0,False,False
Q3UHK6_2055.0,0.0,0.0,0.0,,,0.0,0.0,True,False,0,0,False,False
Q3UHK6_2526.0,0.0,0.0,0.0,,,0.0,0.0,True,False,0,0,False,False
Q3UHK6_72.0,0.0,0.0,0.0,,,0.0,0.0,True,False,0,0,False,False
Q3UHK6_924.0,0.0,0.0,0.0,,,0.0,0.0,True,False,0,0,False,False
Q3UHK8_412.0,0.0,0.0,0.0,,,0.0,0.0,True,False,0,0,False,False
Q3UHL1_181.0,0.0,0.0,0.0,,,0.0,0.0,True,False,0,0,False,False
Q3UHL1_301.0,0.0,0.0,0.0,,,0.0,0.0,True,False,0,0,False,False
Q3UHL1_36.0,0.0,0.0,0.0,,,0.0,0.0,True,False,0,0,False,False
Q3UHL1_5.0,0.0,0.0,0.0,,,0.0,0.0,True,False,0,0,False,False
Q3UHL1_502.0,6.488709211349487,5.233400265375773,-0.31018290906926904,0.37588527744461175,,-1.255308945973714,1.255308945973714,False,True,partial,partial,False,False
Q3UHQ6_1038.0,0.0,0.0,0.0,,,0.0,0.0,True,False,0,0,False,False
Q3UHQ6_70.0,0.0,0.0,0.0,,,0.0,0.0,True,False,0,0,False,False
Q3UHU5_271.0,0.0,0.0,0.0,,,0.0,0.0,True,False,0,0,False,False
Q3UI43_226.0,0.0,0.0,0.0,,,0.0,0.0,True,False,0,0,False,False
Q3UI43_298.0,0.0,0.0,0.0,,,0.0,0.0,True,False,0,0,False,False
Q3UIA2_305.0,0.0,0.0,0.0,,,0.0,0.0,True,False,0,0,False,False
Q3UIA2_364.0,0.0,0.0,0.0,,,0.0,0.0,True,False,0,0,False,False
Q3UJ81_110.0,0.0,0.0,0.0,,,0.0,0.0,True,False,0,0,False,False
Q3UJB9_1135.0,0.0,0.0,0.0,,,0.0,0.0,True,False,0,0,False,False
Q3UJB9_299.0,0.0,0.0,0.0,,,0.0,0.0,True,False,0,0,False,False
Q3UJB9_843.0,0.0,0.0,0.0,,,0.0,0.0,True,False,0,0,False,False
Q3UJB9_981.0,49.194403330485024,43.70243263244629,-0.17078060720907437,0.5894613107798157,,-5.491970698038735,5.491970698038735,False,True,partial,partial,False,False
Q3UJD6_1084.0,0.0,0.0,0.0,,,0.0,0.0,True,False,0,0,False,False
Q3UJD6_248.0,0.0,0.0,0.0,,,0.0,0.0,True,False,0,0,False,False
Q3UJD6_875.0,0.0,0.0,0.0,,,0.0,0.0,True,False,0,0,False,False
Q3UJD6_90.0,0.0,0.0,0.0,,,0.0,0.0,True,False,0,0,False,False
Q3UJD6_999.0,0.0,0.0,0.0,,,0.0,0.0,True,False,0,0,False,False
Q3UJP5_153.0,0.0,0.0,0.0,,,0.0,0.0,True,False,0,0,False,False
Q3UJP5_183.0,0.0,0.0,0.0,,,0.0,0.0,True,False,0,0,False,False
Q3UJP5_94.0,0.0,0.0,0.0,,,0.0,0.0,True,False,0,0,False,False
Q3UJU9_374.0,0.0,0.0,0.0,,,0.0,0.0,True,False,0,0,False,False
Q3UKC1_271.0,0.0,0.0,0.0,,,0.0,0.0,True,False,0,0,False,False
Q3UKC1_328.0,0.0,0.0,0.0,,,0.0,0.0,True,False,0,0,False,False
Q3UKC1_527.0,0.0,0.0,0.0,,,0.0,0.0,True,False,0,0,False,False
Q3UKC1_700.0,0.0,0.0,0.0,,,0.0,0.0,True,False,0,0,False,False
Q3ULD5_131.0,0.0,0.0,0.0,,,0.0,0.0,True,False,0,0,False,False
Q3ULD5_167.0,0.0,0.0,0.0,,,0.0,0.0,True,False,0,0,False,False
Q3ULD5_267.0,0.0,0.0,0.0,,,0.0,0.0,True,False,0,0,False,False
Q3ULD5_391.0,0.0,0.0,0.0,,,0.0,0.0,True,False,0,0,False,False
Q3ULD5_431.0,0.0,0.0,0.0,,,0.0,0.0,True,False,0,0,False,False
Q3ULF4_353.0,0.0,0.0,0.0,,,0.0,0.0,True,False,0,0,False,False
Q3ULF4_403.0,0.0,0.0,0.0,,,0.0,0.0,True,False,0,0,False,False
Q3ULF4_525.0,0.0,0.0,0.0,,,0.0,0.0,True,False,0,0,False,False
Q3ULF4_627.0,0.0,0.0,0.0,,,0.0,0.0,True,False,0,0,False,False
Q3ULJ0_104.0,0.0,0.0,0.0,,,0.0,0.0,True,False,0,0,False,False
Q3ULJ0_164.0,0.0,0.0,0.0,,,0.0,0.0,True,False,0,0,False,False
Q3ULJ0_202.0,0.0,0.0,0.0,,,0.0,0.0,True,False,0,0,False,False
Q3ULJ0_216.0,0.0,0.0,0.0,,,0.0,0.0,True,False,0,0,False,False
Q3ULJ0_343.0,0.0,0.0,0.0,,,0.0,0.0,True,False,0,0,False,False
Q3ULJ0_9.0,4.891382773717244,1.9859673182169597,-1.3004004847770132,0.28038425513266235,,-2.9054154555002842,2.9054154555002842,False,True,partial,partial,False,False
Q3ULL6_26.0,0.0,0.0,0.0,,,0.0,0.0,True,False,0,0,False,False
Q3ULL6_403.0,0.0,0.0,0.0,,,0.0,0.0,True,False,0,0,False,False
Q3UM29_240.0,0.0,0.0,0.0,,,0.0,0.0,True,False,0,0,False,False
Q3UM29_475.0,0.0,0.0,0.0,,,0.0,0.0,True,False,0,0,False,False
Q3UM29_482.0,0.0,0.0,0.0,,,0.0,0.0,True,False,0,0,False,False
Q3UM29_694.0,0.0,0.0,0.0,,,0.0,0.0,True,False,0,0,False,False
Q3UM45_113.0,0.0,0.0,0.0,,,0.0,0.0,True,False,0,0,False,False
Q3UMB5_350.0,0.0,0.0,0.0,,,0.0,0.0,True,False,0,0,False,False
Q3UMB9_344.0,0.0,0.0,0.0,,,0.0,0.0,True,False,0,0,False,False
Q3UMB9_640.0,0.0,0.0,0.0,,,0.0,0.0,True,False,0,0,False,False
Q3UMF0_761.0,0.0,0.0,0.0,,,0.0,0.0,True,False,0,0,False,False
Q3UMR5_190.0,0.0,0.0,0.0,,,0.0,0.0,True,False,0,0,False,False
Q3UMR5_96.0,0.0,0.0,0.0,,,0.0,0.0,True,False,0,0,False,False
Q3UMT1_61.0,0.0,0.0,0.0,,,0.0,0.0,True,False,0,0,False,False
Q3UMT1_650.0,0.0,0.0,0.0,,,0.0,0.0,True,False,0,0,False,False
Q3UMY5_621.0,0.0,0.0,0.0,,,0.0,0.0,True,False,0,0,False,False
Q3UMY5_822.0,0.0,0.0,0.0,,,0.0,0.0,True,False,0,0,False,False
Q3UMY5_831.0,0.0,0.0,0.0,,,0.0,0.0,True,False,0,0,False,False
Q3UN02_266.0,0.0,0.0,0.0,,,0.0,0.0,True,False,0,0,False,False
Q3UN04_284.0,0.0,0.0,0.0,,,0.0,0.0,True,False,0,0,False,False
Q3UNA4_133.0,0.0,0.0,0.0,,,0.0,0.0,True,False,0,0,False,False
Q3UNH4_156.0,2.8400473395983377,1.437470018863678,-0.982383110876961,0.05496326838462283,,-1.4025773207346597,1.4025773207346597,False,True,partial,partial,False,False
Q3UNH4_174.0,0.0,0.0,0.0,,,0.0,0.0,True,False,0,0,False,False
Q3UNZ8_122.0,0.0,0.0,0.0,,,0.0,0.0,True,False,0,0,False,False
Q3UNZ8_311.0,0.0,0.0,0.0,,,0.0,0.0,True,False,0,0,False,False
Q3UNZ8_32.0,0.0,0.0,0.0,,,0.0,0.0,True,False,0,0,False,False
Q3UNZ8_61.0,0.0,0.0,0.0,,,0.0,0.0,True,False,0,0,False,False
Q3UPH1_346.0,0.0,0.0,0.0,,,0.0,0.0,True,False,0,0,False,False
Q3UPH7_1197.0,0.0,0.0,0.0,,,0.0,0.0,True,False,0,0,False,False
Q3UPL0_173.0,0.0,0.0,0.0,,,0.0,0.0,True,False,0,0,False,False
Q3UPL0_457.0,0.0,0.0,0.0,,,0.0,0.0,True,False,0,0,False,False
Q3UPL0_588.0,0.0,0.0,0.0,,,0.0,0.0,True,False,0,0,False,False
Q3UPL0_60.0,0.0,0.0,0.0,,,0.0,0.0,True,False,0,0,False,False
Q3UPL0_643.0,0.0,0.0,0.0,,,0.0,0.0,True,False,0,0,False,False
Q3UPL5_213.0,0.0,0.0,0.0,,,0.0,0.0,True,False,0,0,False,False
Q3UQ44_1183.0,0.0,0.0,0.0,,,0.0,0.0,True,False,0,0,False,False
Q3UQ44_490.0,0.0,0.0,0.0,,,0.0,0.0,True,False,0,0,False,False
Q3UQ44_628.0,0.0,0.0,0.0,,,0.0,0.0,True,False,0,0,False,False
Q3UQ84_190.0,0.0,0.0,0.0,,,0.0,0.0,True,False,0,0,False,False
Q3UQ84_585.0,0.0,0.0,0.0,,,0.0,0.0,True,False,0,0,False,False
Q3UQN2_86.0,0.0,0.0,0.0,,,0.0,0.0,True,False,0,0,False,False
Q3URD3_120.0,0.0,0.0,0.0,,,0.0,0.0,True,False,0,0,False,False
Q3URD3_227.0,0.0,0.0,0.0,,,0.0,0.0,True,False,0,0,False,False
Q3URD3_286.0,0.0,0.0,0.0,,,0.0,0.0,True,False,0,0,False,False
Q3URD3_37.0,0.0,0.0,0.0,,,0.0,0.0,True,False,0,0,False,False
Q3URD3_537.0,0.0,0.0,0.0,,,0.0,0.0,True,False,0,0,False,False
Q3URD3_690.0,0.0,0.0,0.0,,,0.0,0.0,True,False,0,0,False,False
Q3URE1_77.0,0.0,0.0,0.0,,,0.0,0.0,True,False,0,0,False,False
Q3URS9_311.0,0.0,0.0,0.0,,,0.0,0.0,True,False,0,0,False,False
Q3URU2_1180.0,0.0,0.0,0.0,,,0.0,0.0,True,False,0,0,False,False
Q3URU2_1525.0,0.0,0.0,0.0,,,0.0,0.0,True,False,0,0,False,False
Q3USB7_1060.0,0.0,0.0,0.0,,,0.0,0.0,True,False,0,0,False,False
Q3USB7_112.0,0.0,0.0,0.0,,,0.0,0.0,True,False,0,0,False,False
Q3USB7_593.0,0.0,0.0,0.0,,,0.0,0.0,True,False,0,0,False,False
Q3USB7_916.0,0.0,0.0,0.0,,,0.0,0.0,True,False,0,0,False,False
Q3USB7_927.0,0.0,0.0,0.0,,,0.0,0.0,True,False,0,0,False,False
Q3USB7_951.0,0.0,0.0,0.0,,,0.0,0.0,True,False,0,0,False,False
Q3USH1_281.0,0.0,0.0,0.0,,,0.0,0.0,True,False,0,0,False,False
Q3USJ8_33.0,0.0,0.0,0.0,,,0.0,0.0,True,False,0,0,False,False
Q3USJ8_354.0,0.0,0.0,0.0,,,0.0,0.0,True,False,0,0,False,False
Q3USZ8_170.0,0.0,0.0,0.0,,,0.0,0.0,True,False,0,0,False,False
Q3USZ8_364.0,0.0,0.0,0.0,,,0.0,0.0,True,False,0,0,False,False
Q3UTH8_126.0,0.0,0.0,0.0,,,0.0,0.0,True,False,0,0,False,False
Q3UTH8_224.0,0.0,0.0,0.0,,,0.0,0.0,True,False,0,0,False,False
Q3UTJ2_1154.0,0.0,0.0,0.0,,,0.0,0.0,True,False,0,0,False,False
Q3UTJ2_551.0,0.0,0.0,0.0,,,0.0,0.0,True,False,0,0,False,False
Q3UTJ2_736.0,0.0,0.0,0.0,,,0.0,0.0,True,False,0,0,False,False
Q3UTQ8_152.0,0.0,0.0,0.0,,,0.0,0.0,True,False,0,0,False,False
Q3UTQ8_291.0,0.0,0.0,0.0,,,0.0,0.0,True,False,0,0,False,False
Q3UTZ3_369.0,0.0,0.0,0.0,,,0.0,0.0,True,False,0,0,False,False
Q3UTZ3_434.0,0.0,0.0,0.0,,,0.0,0.0,True,False,0,0,False,False
Q3UU96_1096.0,0.0,0.0,0.0,,,0.0,0.0,True,False,0,0,False,False
Q3UU96_678.0,0.0,0.0,0.0,,,0.0,0.0,True,False,0,0,False,False
Q3UU96_912.0,0.0,0.0,0.0,,,0.0,0.0,True,False,0,0,False,False
Q3UUD2_35.0,0.0,0.0,0.0,,,0.0,0.0,True,False,0,0,False,False
Q3UUG6_105.0,0.0,0.0,0.0,,,0.0,0.0,True,False,0,0,False,False
Q3UUG6_161.0,0.0,0.0,0.0,,,0.0,0.0,True,False,0,0,False,False
Q3UUG6_191.0,0.0,0.0,0.0,,,0.0,0.0,True,False,0,0,False,False
Q3UUG6_29.0,0.0,0.0,0.0,,,0.0,0.0,True,False,0,0,False,False
Q3UUG6_386.0,0.0,0.0,0.0,,,0.0,0.0,True,False,0,0,False,False
Q3UUG6_473.0,0.0,0.0,0.0,,,0.0,0.0,True,False,0,0,False,False
Q3UUJ4_270.0,0.0,0.0,0.0,,,0.0,0.0,True,False,0,0,False,False
Q3UUQ7_805.0,0.0,0.0,0.0,,,0.0,0.0,True,False,0,0,False,False
Q3UV70_132.0,0.0,0.0,0.0,,,0.0,0.0,True,False,0,0,False,False
Q3UVC0_141.0,0.0,0.0,0.0,,,0.0,0.0,True,False,0,0,False,False
Q3UVC0_236.0,12.474790255228678,6.424276669820149,-0.9574096280758815,0.31666081927989226,,-6.050513585408528,6.050513585408528,False,True,partial,partial,False,False
Q3UVC0_478.0,0.0,0.0,0.0,,,0.0,0.0,True,False,0,0,False,False
Q3UVC0_831.0,0.0,0.0,0.0,,,0.0,0.0,True,False,0,0,False,False
Q3UVG3_123.0,0.0,0.0,0.0,,,0.0,0.0,True,False,0,0,False,False
Q3UVG3_141.0,0.0,0.0,0.0,,,0.0,0.0,True,False,0,0,False,False
Q3UVG3_290.0,0.0,0.0,0.0,,,0.0,0.0,True,False,0,0,False,False
Q3UVG3_479.0,0.0,0.0,0.0,,,0.0,0.0,True,False,0,0,False,False
Q3UVL4_226.0,0.0,0.0,0.0,,,0.0,0.0,True,False,0,0,False,False
Q3UVL4_485.0,0.0,0.0,0.0,,,0.0,0.0,True,False,0,0,False,False
Q3UVR3_830.0,0.0,0.0,0.0,,,0.0,0.0,True,False,0,0,False,False
Q3UVX5_1181.0,0.0,0.0,0.0,,,0.0,0.0,True,False,0,0,False,False
Q3UVX5_240.0,5.006043275197347,2.47061824798584,-1.018798655020112,0.5031292863440251,,-2.535425027211507,2.535425027211507,False,True,partial,partial,False,False
Q3UVX5_510.0,0.0,0.0,0.0,,,0.0,0.0,True,False,0,0,False,False
Q3UVX5_548.0,42.69748560587565,19.66895071665446,-1.118231118115266,0.019252825297444348,,-23.028534889221188,23.028534889221188,False,True,partial,partial,False,False
Q3UVX5_891.0,0.0,0.0,0.0,,,0.0,0.0,True,False,0,0,False,False
Q3UVX5_99.0,0.0,0.0,0.0,,,0.0,0.0,True,False,0,0,False,False
Q3UWE6_514.0,0.0,0.0,0.0,,,0.0,0.0,True,False,0,0,False,False
Q3UWE6_528.0,0.0,0.0,0.0,,,0.0,0.0,True,False,0,0,False,False
Q3UWE6_66.0,0.0,0.0,0.0,,,0.0,0.0,True,False,0,0,False,False
Q3UY34_180.0,0.0,0.0,0.0,,,0.0,0.0,True,False,0,0,False,False
Q3UYC0_190.0,0.0,0.0,0.0,,,0.0,0.0,True,False,0,0,False,False
Q3UYC0_238.0,0.0,0.0,0.0,,,0.0,0.0,True,False,0,0,False,False
Q3UYC0_56.0,0.0,0.0,0.0,,,0.0,0.0,True,False,0,0,False,False
Q3UYC0_98.0,0.0,0.0,0.0,,,0.0,0.0,True,False,0,0,False,False
Q3UYG8_112.0,0.0,0.0,0.0,,,0.0,0.0,True,False,0,0,False,False
Q3UYG8_123.0,0.0,0.0,0.0,,,0.0,0.0,True,False,0,0,False,False
Q3UYG8_132.0,0.0,0.0,0.0,,,0.0,0.0,True,False,0,0,False,False
Q3UYG8_164.0,0.0,0.0,0.0,,,0.0,0.0,True,False,0,0,False,False
Q3UYG8_365.0,0.0,0.0,0.0,,,0.0,0.0,True,False,0,0,False,False
Q3UYH7_439.0,0.0,0.0,0.0,,,0.0,0.0,True,False,0,0,False,False
Q3UYH7_501.0,0.0,0.0,0.0,,,0.0,0.0,True,False,0,0,False,False
Q3UYH7_559.0,0.0,0.0,0.0,,,0.0,0.0,True,False,0,0,False,False
Q3UYH7_649.0,0.0,0.0,0.0,,,0.0,0.0,True,False,0,0,False,False
Q3UYH7_681.0,0.0,0.0,0.0,,,0.0,0.0,True,False,0,0,False,False
Q3UYH7_72.0,0.0,0.0,0.0,,,0.0,0.0,True,False,0,0,False,False
Q3UYV9_332.0,0.0,0.0,0.0,,,0.0,0.0,True,False,0,0,False,False
Q3UYV9_36.0,0.0,0.0,0.0,,,0.0,0.0,True,False,0,0,False,False
Q3UYV9_436.0,0.0,0.0,0.0,,,0.0,0.0,True,False,0,0,False,False
Q3UYV9_73.0,0.0,0.0,0.0,,,0.0,0.0,True,False,0,0,False,False
Q3UZV7_375.0,0.0,0.0,0.0,,,0.0,0.0,True,False,0,0,False,False
Q3UZV7_427.0,0.0,0.0,0.0,,,0.0,0.0,True,False,0,0,False,False
Q3UZV7_636.0,0.0,16.666666666666668,33.95624654312639,0.36321746764912255,,16.666666666666668,16.666666666666668,False,True,0,partial,False,False
Q3UZV7_90.0,16.38993231455485,12.732179959615072,-0.3643304429114553,0.04631050326987546,,-3.6577523549397792,3.6577523549397792,False,True,partial,partial,False,False
Q3V038_66.0,0.0,0.0,0.0,,,0.0,0.0,True,False,0,0,False,False
Q3V0C5_39.0,0.0,0.0,0.0,,,0.0,0.0,True,False,0,0,False,False
Q3V0G7_175.0,0.0,0.0,0.0,,,0.0,0.0,True,False,0,0,False,False
Q3V0G7_497.0,0.0,0.0,0.0,,,0.0,0.0,True,False,0,0,False,False
Q3V0K9_142.0,0.0,0.0,0.0,,,0.0,0.0,True,False,0,0,False,False
Q3V0K9_166.0,0.0,0.0,0.0,,,0.0,0.0,True,False,0,0,False,False
Q3V1L4_181.0,0.0,0.0,0.0,,,0.0,0.0,True,False,0,0,False,False
Q3V1L4_433.0,0.0,0.0,0.0,,,0.0,0.0,True,False,0,0,False,False
Q3V1U8_314.0,0.0,0.0,0.0,,,0.0,0.0,True,False,0,0,False,False
Q3V1U8_41.0,0.0,0.0,0.0,,,0.0,0.0,True,False,0,0,False,False
Q3V384_100.0,0.0,0.0,0.0,,,0.0,0.0,True,False,0,0,False,False
Q3V384_272.0,0.0,0.0,0.0,,,0.0,0.0,True,False,0,0,False,False
Q3V384_406.0,0.0,0.0,0.0,,,0.0,0.0,True,False,0,0,False,False
Q3V384_72.0,0.0,0.0,0.0,,,0.0,0.0,True,False,0,0,False,False
Q3V3N7_111.0,0.0,0.0,0.0,,,0.0,0.0,True,False,0,0,False,False
Q3V3Q7_510.0,0.0,0.0,0.0,,,0.0,0.0,True,False,0,0,False,False
Q3V3Q7_617.0,0.0,0.0,0.0,,,0.0,0.0,True,False,0,0,False,False
Q3V3Q7_804.0,0.0,0.0,0.0,,,0.0,0.0,True,False,0,0,False,False
Q3V3Q7_831.0,0.0,0.0,0.0,,,0.0,0.0,True,False,0,0,False,False
Q3V3R1_197.0,0.0,0.0,0.0,,,0.0,0.0,True,False,0,0,False,False
Q3V3R1_249.0,8.374633153279623,0.0,-32.96337884944785,0.36321746764912255,,-8.374633153279623,8.374633153279623,False,True,partial,0,False,False
Q3V3R1_450.0,0.0,0.0,0.0,,,0.0,0.0,True,False,0,0,False,False
Q3V3R1_813.0,0.0,0.0,0.0,,,0.0,0.0,True,False,0,0,False,False
Q3V3R1_827.0,0.0,0.0,0.0,,,0.0,0.0,True,False,0,0,False,False
Q3V3R1_905.0,0.0,0.0,0.0,,,0.0,0.0,True,False,0,0,False,False
Q3V3V9_1163.0,0.0,0.0,0.0,,,0.0,0.0,True,False,0,0,False,False
Q3V3V9_1205.0,0.0,0.0,0.0,,,0.0,0.0,True,False,0,0,False,False
Q3V3V9_1227.0,0.0,0.0,0.0,,,0.0,0.0,True,False,0,0,False,False
Q3V460_40.0,0.0,0.0,0.0,,,0.0,0.0,True,False,0,0,False,False
Q3V4B5_37.0,0.0,0.0,0.0,,,0.0,0.0,True,False,0,0,False,False
Q3ZK22_488.0,0.0,0.0,0.0,,,0.0,0.0,True,False,0,0,False,False
Q3ZK22_665.0,0.0,0.0,0.0,,,0.0,0.0,True,False,0,0,False,False
Q400C8_320.0,0.0,0.0,0.0,,,0.0,0.0,True,False,0,0,False,False
Q499E0_217.0,12.537148157755533,6.095248540242513,-1.0404522589403438,0.5474216360849873,,-6.4418996175130205,6.4418996175130205,False,True,partial,partial,False,False
Q499E0_726.0,0.0,0.0,0.0,,,0.0,0.0,True,False,0,0,False,False
Q499X9_186.0,0.0,0.0,0.0,,,0.0,0.0,True,False,0,0,False,False
Q499X9_377.0,0.0,0.0,0.0,,,0.0,0.0,True,False,0,0,False,False
Q499X9_472.0,0.0,0.0,0.0,,,0.0,0.0,True,False,0,0,False,False
Q499X9_555.0,0.0,0.0,0.0,,,0.0,0.0,True,False,0,0,False,False
Q4ACU6_189.0,0.0,0.0,0.0,,,0.0,0.0,True,False,0,0,False,False
Q4ACU6_41.0,41.82467905680338,50.658203125,0.27644143501298446,0.7325731626908489,,8.833524068196617,8.833524068196617,False,True,partial,partial,False,False
Q4ACU6_523.0,0.0,0.0,0.0,,,0.0,0.0,True,False,0,0,False,False
Q4FK66_116.0,0.0,0.0,0.0,,,0.0,0.0,True,False,0,0,False,False
Q4FK66_158.0,0.0,0.0,0.0,,,0.0,0.0,True,False,0,0,False,False
Q4JIM5_266.0,0.0,0.0,0.0,,,0.0,0.0,True,False,0,0,False,False
Q4KUS2_1012.0,0.0,0.0,0.0,,,0.0,0.0,True,False,0,0,False,False
Q4KUS2_1217.0,0.0,0.0,0.0,,,0.0,0.0,True,False,0,0,False,False
Q4KUS2_1253.0,0.0,0.0,0.0,,,0.0,0.0,True,False,0,0,False,False
Q4KUS2_1262.0,0.0,0.0,0.0,,,0.0,0.0,True,False,0,0,False,False
Q4KUS2_1468.0,0.0,0.0,0.0,,,0.0,0.0,True,False,0,0,False,False
Q4KUS2_1660.0,0.0,0.0,0.0,,,0.0,0.0,True,False,0,0,False,False
Q4KUS2_892.0,0.0,0.0,0.0,,,0.0,0.0,True,False,0,0,False,False
Q4PJX1_231.0,0.0,0.0,0.0,,,0.0,0.0,True,False,0,0,False,False
Q4PJX1_352.0,0.0,0.0,0.0,,,0.0,0.0,True,False,0,0,False,False
Q4QQM5_208.0,0.0,0.0,0.0,,,0.0,0.0,True,False,0,0,False,False
Q4QQM5_570.0,0.0,0.0,0.0,,,0.0,0.0,True,False,0,0,False,False
Q4U2R1_1507.0,0.0,0.0,0.0,,,0.0,0.0,True,False,0,0,False,False
Q4V9Z5_705.0,0.0,7.817132949829102,32.86399242877609,0.36321746764912255,,7.817132949829102,7.817132949829102,False,True,0,partial,False,False
Q4VA53_340.0,0.0,0.0,0.0,,,0.0,0.0,True,False,0,0,False,False
Q4VC33_195.0,0.0,0.0,0.0,,,0.0,0.0,True,False,0,0,False,False
Q4VC33_333.0,0.0,0.0,0.0,,,0.0,0.0,True,False,0,0,False,False
Q501J6_240.0,0.0,0.0,0.0,,,0.0,0.0,True,False,0,0,False,False
Q501J6_368.0,0.0,0.0,0.0,,,0.0,0.0,True,False,0,0,False,False
Q501J6_505.0,0.0,0.0,0.0,,,0.0,0.0,True,False,0,0,False,False
Q501J6_87.0,0.0,0.0,0.0,,,0.0,0.0,True,False,0,0,False,False
Q504M2_348.0,0.0,0.0,0.0,,,0.0,0.0,True,False,0,0,False,False
Q505D1_122.0,0.0,0.0,0.0,,,0.0,0.0,True,False,0,0,False,False
Q505D1_201.0,0.0,0.0,0.0,,,0.0,0.0,True,False,0,0,False,False
Q505D1_472.0,0.0,0.0,0.0,,,0.0,0.0,True,False,0,0,False,False
Q505D1_701.0,0.0,0.0,0.0,,,0.0,0.0,True,False,0,0,False,False
Q505D1_85.0,0.0,0.0,0.0,,,0.0,0.0,True,False,0,0,False,False
Q505D1_898.0,0.0,0.0,0.0,,,0.0,0.0,True,False,0,0,False,False
Q505D7_164.0,0.0,0.0,0.0,,,0.0,0.0,True,False,0,0,False,False
Q505D7_172.0,0.0,0.0,0.0,,,0.0,0.0,True,False,0,0,False,False
Q505D7_42.0,0.0,0.0,0.0,,,0.0,0.0,True,False,0,0,False,False
Q505F5_226.0,0.0,0.0,0.0,,,0.0,0.0,True,False,0,0,False,False
Q505F5_366.0,0.0,0.0,0.0,,,0.0,0.0,True,False,0,0,False,False
Q505F5_544.0,0.0,0.0,0.0,,,0.0,0.0,True,False,0,0,False,False
Q50H33_458.0,0.0,0.0,0.0,,,0.0,0.0,True,False,0,0,False,False
Q52KR3_3062.0,0.0,0.0,0.0,,,0.0,0.0,True,False,0,0,False,False
Q566J8_148.0,0.0,0.0,0.0,,,0.0,0.0,True,False,0,0,False,False
Q566J8_336.0,0.0,0.0,0.0,,,0.0,0.0,True,False,0,0,False,False
Q569Z5_501.0,0.0,0.0,0.0,,,0.0,0.0,True,False,0,0,False,False
Q569Z5_590.0,0.0,0.0,0.0,,,0.0,0.0,True,False,0,0,False,False
Q56A07_127.0,0.0,0.0,0.0,,,0.0,0.0,True,False,0,0,False,False
Q56A07_50.0,0.0,0.0,0.0,,,0.0,0.0,True,False,0,0,False,False
Q570Y9_247.0,0.0,0.0,0.0,,,0.0,0.0,True,False,0,0,False,False
Q570Y9_63.0,0.0,0.0,0.0,,,0.0,0.0,True,False,0,0,False,False
Q58A65_443.0,0.0,0.0,0.0,,,0.0,0.0,True,False,0,0,False,False
Q5BKP2_229.0,0.0,0.0,0.0,,,0.0,0.0,True,False,0,0,False,False
Q5BL07_289.0,0.0,0.0,0.0,,,0.0,0.0,True,False,0,0,False,False
Q5BLK4_398.0,0.0,0.0,0.0,,,0.0,0.0,True,False,0,0,False,False
Q5DQR4_1031.0,0.0,0.0,0.0,,,0.0,0.0,True,False,0,0,False,False
Q5DQR4_160.0,0.0,0.0,0.0,,,0.0,0.0,True,False,0,0,False,False
Q5DQR4_266.0,0.0,0.0,0.0,,,0.0,0.0,True,False,0,0,False,False
Q5DQR4_304.0,0.0,0.0,0.0,,,0.0,0.0,True,False,0,0,False,False
Q5DQR4_706.0,0.0,0.0,0.0,,,0.0,0.0,True,False,0,0,False,False
Q5DQR4_900.0,0.0,0.0,0.0,,,0.0,0.0,True,False,0,0,False,False
Q5DQR4_952.0,0.0,0.0,0.0,,,0.0,0.0,True,False,0,0,False,False
Q5DTL9_268.0,2.7714997132619223,3.0246636867523193,0.12610787920966282,0.7701965764392685,,0.253163973490397,0.253163973490397,False,True,partial,partial,False,False
Q5DTL9_894.0,0.0,0.0,0.0,,,0.0,0.0,True,False,0,0,False,False
Q5DTM8_903.0,0.0,0.0,0.0,,,0.0,0.0,True,False,0,0,False,False
Q5DTM8_958.0,0.0,0.0,0.0,,,0.0,0.0,True,False,0,0,False,False
Q5DTN8_137.0,0.0,0.0,0.0,,,0.0,0.0,True,False,0,0,False,False
Q5DTN8_483.0,0.0,0.0,0.0,,,0.0,0.0,True,False,0,0,False,False
Q5DTT2_67.0,0.0,0.0,0.0,,,0.0,0.0,True,False,0,0,False,False
Q5DTT2_773.0,0.0,0.0,0.0,,,0.0,0.0,True,False,0,0,False,False
Q5DTX6_1101.0,0.0,0.0,0.0,,,0.0,0.0,True,False,0,0,False,False
Q5DTX6_1133.0,0.0,0.0,0.0,,,0.0,0.0,True,False,0,0,False,False
Q5DTX6_386.0,0.0,0.0,0.0,,,0.0,0.0,True,False,0,0,False,False
Q5DTX6_552.0,0.0,0.0,0.0,,,0.0,0.0,True,False,0,0,False,False
Q5DTX6_804.0,0.0,0.0,0.0,,,0.0,0.0,True,False,0,0,False,False
Q5DTX6_949.0,0.0,0.0,0.0,,,0.0,0.0,True,False,0,0,False,False
Q5DTX6_973.0,0.0,0.0,0.0,,,0.0,0.0,True,False,0,0,False,False
Q5DTY9_135.0,0.0,0.0,0.0,,,0.0,0.0,True,False,0,0,False,False
Q5DTY9_151.0,0.0,0.0,0.0,,,0.0,0.0,True,False,0,0,False,False
Q5DTZ6_303.0,0.0,0.0,0.0,,,0.0,0.0,True,False,0,0,False,False
Q5DU25_157.0,0.0,0.0,0.0,,,0.0,0.0,True,False,0,0,False,False
Q5DU25_568.0,0.0,0.0,0.0,,,0.0,0.0,True,False,0,0,False,False
Q5DU25_616.0,0.0,0.0,0.0,,,0.0,0.0,True,False,0,0,False,False
Q5DU25_720.0,0.0,0.0,0.0,,,0.0,0.0,True,False,0,0,False,False
Q5DU25_855.0,0.0,0.0,0.0,,,0.0,0.0,True,False,0,0,False,False
Q5DU25_964.0,0.0,0.0,0.0,,,0.0,0.0,True,False,0,0,False,False
Q5DU31_16.0,0.0,0.0,0.0,,,0.0,0.0,True,False,0,0,False,False
Q5DU31_168.0,0.0,0.0,0.0,,,0.0,0.0,True,False,0,0,False,False
Q5DU31_320.0,0.0,0.0,0.0,,,0.0,0.0,True,False,0,0,False,False
Q5DU31_341.0,0.0,0.0,0.0,,,0.0,0.0,True,False,0,0,False,False
Q5DU41_595.0,0.0,0.0,0.0,,,0.0,0.0,True,False,0,0,False,False
Q5DU41_637.0,0.0,0.0,0.0,,,0.0,0.0,True,False,0,0,False,False
Q5DU41_66.0,0.0,0.0,0.0,,,0.0,0.0,True,False,0,0,False,False
Q5EG47_141.0,0.0,0.0,0.0,,,0.0,0.0,True,False,0,0,False,False
Q5EG47_185.0,4.132589340209961,1.4342885812123616,-1.526710682189199,0.15426430739882754,,-2.6983007589975996,2.6983007589975996,False,True,partial,partial,False,False
Q5EG47_425.0,0.0,0.0,0.0,,,0.0,0.0,True,False,0,0,False,False
Q5F2E7_235.0,0.0,0.0,0.0,,,0.0,0.0,True,False,0,0,False,False
Q5F2E8_261.0,0.0,0.0,0.0,,,0.0,0.0,True,False,0,0,False,False
Q5F2E8_615.0,0.0,0.0,0.0,,,0.0,0.0,True,False,0,0,False,False
Q5F2E8_730.0,0.0,0.0,0.0,,,0.0,0.0,True,False,0,0,False,False
Q5F2E8_798.0,0.0,0.0,0.0,,,0.0,0.0,True,False,0,0,False,False
Q5F4S8_1293.0,0.0,0.0,0.0,,,0.0,0.0,True,False,0,0,False,False
Q5F4S8_1486.0,20.292683283487957,12.300329208374023,-0.7222627152973871,0.5228278909290278,,-7.9923540751139335,7.9923540751139335,False,True,partial,partial,False,False
Q5F4S8_1554.0,0.0,0.0,0.0,,,0.0,0.0,True,False,0,0,False,False
Q5F4S8_249.0,0.0,0.0,0.0,,,0.0,0.0,True,False,0,0,False,False
Q5F4S8_364.0,0.0,0.0,0.0,,,0.0,0.0,True,False,0,0,False,False
Q5FW52_292.0,0.0,0.0,0.0,,,0.0,0.0,True,False,0,0,False,False
Q5FW52_699.0,0.0,0.0,0.0,,,0.0,0.0,True,False,0,0,False,False
Q5FWH7_181.0,20.627054532368977,6.689809958140056,-1.6245006912643853,0.009837636900487523,,-13.93724457422892,13.93724457422892,False,True,partial,partial,False,False
Q5FWH7_309.0,0.0,0.0,0.0,,,0.0,0.0,True,False,0,0,False,False
Q5FWH7_84.0,11.797557353973389,3.9907968044281006,-1.5637394554200488,0.06696803630086738,,-7.806760549545288,7.806760549545288,False,True,partial,partial,False,False
Q5FWK3_91.0,0.0,0.0,0.0,,,0.0,0.0,True,False,0,0,False,False
Q5GH64_47.0,0.0,0.0,0.0,,,0.0,0.0,True,False,0,0,False,False
Q5GH67_622.0,0.0,0.0,0.0,,,0.0,0.0,True,False,0,0,False,False
Q5GH67_95.0,0.0,0.0,0.0,,,0.0,0.0,True,False,0,0,False,False
Q5H8C4_1305.0,0.0,0.0,0.0,,,0.0,0.0,True,False,0,0,False,False
Q5H8C4_1601.0,0.0,0.0,0.0,,,0.0,0.0,True,False,0,0,False,False
Q5H8C4_1972.0,0.0,0.0,0.0,,,0.0,0.0,True,False,0,0,False,False
Q5H8C4_2455.0,0.0,0.0,0.0,,,0.0,0.0,True,False,0,0,False,False
Q5H8C4_580.0,0.0,0.0,0.0,,,0.0,0.0,True,False,0,0,False,False
Q5HZI2_335.0,0.0,0.0,0.0,,,0.0,0.0,True,False,0,0,False,False
Q5HZI9_167.0,0.0,0.0,0.0,,,0.0,0.0,True,False,0,0,False,False
Q5IRJ6_140.0,0.0,0.0,0.0,,,0.0,0.0,True,False,0,0,False,False
Q5KU39_101.0,0.0,0.0,0.0,,,0.0,0.0,True,False,0,0,False,False
Q5M8N0_134.0,0.0,0.0,0.0,,,0.0,0.0,True,False,0,0,False,False
Q5NBX1_185.0,0.0,0.0,0.0,,,0.0,0.0,True,False,0,0,False,False
Q5NBX1_188.0,0.0,0.0,0.0,,,0.0,0.0,True,False,0,0,False,False
Q5NCF2_115.0,0.0,0.0,0.0,,,0.0,0.0,True,False,0,0,False,False
Q5NCF2_15.0,0.0,0.0,0.0,,,0.0,0.0,True,False,0,0,False,False
Q5NCJ0_1293.0,0.0,0.0,0.0,,,0.0,0.0,True,False,0,0,False,False
Q5NCX5_1398.0,0.0,0.0,0.0,,,0.0,0.0,True,False,0,0,False,False
Q5ND34_1219.0,0.0,0.0,0.0,,,0.0,0.0,True,False,0,0,False,False
Q5ND34_1249.0,0.0,0.0,0.0,,,0.0,0.0,True,False,0,0,False,False
Q5ND34_1443.0,0.0,0.0,0.0,,,0.0,0.0,True,False,0,0,False,False
Q5ND34_638.0,0.0,0.0,0.0,,,0.0,0.0,True,False,0,0,False,False
Q5PR73_105.0,0.0,0.0,0.0,,,0.0,0.0,True,False,0,0,False,False
Q5PR73_123.0,0.0,0.0,0.0,,,0.0,0.0,True,False,0,0,False,False
Q5PR73_145.0,0.0,0.0,0.0,,,0.0,0.0,True,False,0,0,False,False
Q5PR73_50.0,0.0,0.0,0.0,,,0.0,0.0,True,False,0,0,False,False
Q5PR73_55.0,0.0,0.0,0.0,,,0.0,0.0,True,False,0,0,False,False
Q5QNQ6_416.0,0.0,0.0,0.0,,,0.0,0.0,True,False,0,0,False,False
Q5QNQ6_70.0,0.0,0.0,0.0,,,0.0,0.0,True,False,0,0,False,False
Q5QNQ6_886.0,0.0,0.0,0.0,,,0.0,0.0,True,False,0,0,False,False
Q5RJG7_142.0,0.0,0.0,0.0,,,0.0,0.0,True,False,0,0,False,False
Q5RJG7_269.0,0.0,0.0,0.0,,,0.0,0.0,True,False,0,0,False,False
Q5RJH6_536.0,0.0,0.0,0.0,,,0.0,0.0,True,False,0,0,False,False
Q5RJI5_147.0,0.0,0.0,0.0,,,0.0,0.0,True,False,0,0,False,False
Q5RJI5_258.0,0.0,0.0,0.0,,,0.0,0.0,True,False,0,0,False,False
Q5RJI5_295.0,0.0,0.0,0.0,,,0.0,0.0,True,False,0,0,False,False
Q5RJI5_328.0,0.0,0.0,0.0,,,0.0,0.0,True,False,0,0,False,False
Q5RJI5_54.0,0.0,0.0,0.0,,,0.0,0.0,True,False,0,0,False,False
Q5RKR3_211.0,4.10867436726888,3.4114812215169272,-0.2682747192466591,0.8988048822612661,,-0.6971931457519527,0.6971931457519527,False,True,partial,partial,False,False
Q5RKR3_230.0,18.265610059102375,0.0,-34.088410888502175,1.3050356435651736e-06,,-18.265610059102375,18.265610059102375,False,True,partial,0,False,False
Q5RKR3_356.0,0.0,0.0,0.0,,,0.0,0.0,True,False,0,0,False,False
Q5RKR3_699.0,0.0,0.0,0.0,,,0.0,0.0,True,False,0,0,False,False
Q5SFM8_49.0,0.0,0.0,0.0,,,0.0,0.0,True,False,0,0,False,False
Q5SNZ0_1310.0,0.0,0.0,0.0,,,0.0,0.0,True,False,0,0,False,False
Q5SNZ0_1731.0,0.0,0.0,0.0,,,0.0,0.0,True,False,0,0,False,False
Q5SP85_104.0,0.0,0.0,0.0,,,0.0,0.0,True,False,0,0,False,False
Q5SP85_15.0,0.0,0.0,0.0,,,0.0,0.0,True,False,0,0,False,False
Q5SP85_164.0,0.0,0.0,0.0,,,0.0,0.0,True,False,0,0,False,False
Q5SP85_484.0,0.0,0.0,0.0,,,0.0,0.0,True,False,0,0,False,False
Q5SQX6_1240.0,0.0,0.0,0.0,,,0.0,0.0,True,False,0,0,False,False
Q5SQX6_334.0,0.0,0.0,0.0,,,0.0,0.0,True,False,0,0,False,False
Q5SQX6_427.0,2.6489814122517905,3.016894062360128,0.18762631691984843,0.8646762182735923,,0.3679126501083374,0.3679126501083374,False,True,partial,partial,False,False
Q5SQX6_518.0,0.0,0.0,0.0,,,0.0,0.0,True,False,0,0,False,False
Q5SQX6_98.0,0.0,0.0,0.0,,,0.0,0.0,True,False,0,0,False,False
Q5SRX1_77.0,0.0,0.0,0.0,,,0.0,0.0,True,False,0,0,False,False
Q5SS80_128.0,0.0,0.0,0.0,,,0.0,0.0,True,False,0,0,False,False
Q5SS80_268.0,0.0,0.0,0.0,,,0.0,0.0,True,False,0,0,False,False
Q5SS80_285.0,0.0,0.0,0.0,,,0.0,0.0,True,False,0,0,False,False
Q5SSH7_1069.0,0.0,0.0,0.0,,,0.0,0.0,True,False,0,0,False,False
Q5SSH7_1318.0,0.0,0.0,0.0,,,0.0,0.0,True,False,0,0,False,False
Q5SSH7_2076.0,0.0,0.0,0.0,,,0.0,0.0,True,False,0,0,False,False
Q5SSH7_208.0,0.0,0.0,0.0,,,0.0,0.0,True,False,0,0,False,False
Q5SSH7_2192.0,0.0,0.0,0.0,,,0.0,0.0,True,False,0,0,False,False
Q5SSH7_2509.0,0.0,0.0,0.0,,,0.0,0.0,True,False,0,0,False,False
Q5SSH7_535.0,0.0,0.0,0.0,,,0.0,0.0,True,False,0,0,False,False
Q5SSH7_69.0,0.0,0.0,0.0,,,0.0,0.0,True,False,0,0,False,False
Q5SSH7_719.0,0.0,0.0,0.0,,,0.0,0.0,True,False,0,0,False,False
Q5SSL4_158.0,0.0,0.0,0.0,,,0.0,0.0,True,False,0,0,False,False
Q5SSL4_346.0,0.0,0.0,0.0,,,0.0,0.0,True,False,0,0,False,False
Q5SSL4_667.0,0.0,0.0,0.0,,,0.0,0.0,True,False,0,0,False,False
Q5SSL4_756.0,0.0,0.0,0.0,,,0.0,0.0,True,False,0,0,False,False
Q5SSM3_193.0,0.0,0.0,0.0,,,0.0,0.0,True,False,0,0,False,False
Q5SSM3_308.0,0.0,0.0,0.0,,,0.0,0.0,True,False,0,0,False,False
Q5SSM3_367.0,0.0,0.0,0.0,,,0.0,0.0,True,False,0,0,False,False
Q5SSM3_53.0,0.0,0.0,0.0,,,0.0,0.0,True,False,0,0,False,False
Q5SSZ5_25.0,0.0,0.0,0.0,,,0.0,0.0,True,False,0,0,False,False
Q5SSZ5_970.0,0.0,0.0,0.0,,,0.0,0.0,True,False,0,0,False,False
Q5SUE8_292.0,0.0,0.0,0.0,,,0.0,0.0,True,False,0,0,False,False
Q5SUE8_353.0,0.0,0.0,0.0,,,0.0,0.0,True,False,0,0,False,False
Q5SUF7_482.0,0.0,0.0,0.0,,,0.0,0.0,True,False,0,0,False,False
Q5SUQ9_1141.0,0.0,0.0,0.0,,,0.0,0.0,True,False,0,0,False,False
Q5SUQ9_903.0,0.0,0.0,0.0,,,0.0,0.0,True,False,0,0,False,False
Q5SUR0_1055.0,0.0,0.0,0.0,,,0.0,0.0,True,False,0,0,False,False
Q5SUR0_108.0,0.0,0.0,0.0,,,0.0,0.0,True,False,0,0,False,False
Q5SUR0_270.0,0.0,0.0,0.0,,,0.0,0.0,True,False,0,0,False,False
Q5SUR0_336.0,0.0,0.0,0.0,,,0.0,0.0,True,False,0,0,False,False
Q5SUR0_606.0,0.0,0.0,0.0,,,0.0,0.0,True,False,0,0,False,False
Q5SUR0_763.0,0.0,0.0,0.0,,,0.0,0.0,True,False,0,0,False,False
Q5SV85_619.0,0.0,0.0,0.0,,,0.0,0.0,True,False,0,0,False,False
Q5SVL6_166.0,0.0,0.0,0.0,,,0.0,0.0,True,False,0,0,False,False
Q5SVL6_209.0,0.0,0.0,0.0,,,0.0,0.0,True,False,0,0,False,False
Q5SVL6_424.0,0.0,0.0,0.0,,,0.0,0.0,True,False,0,0,False,False
Q5SVL6_565.0,0.0,0.0,0.0,,,0.0,0.0,True,False,0,0,False,False
Q5SVL6_598.0,0.0,0.0,0.0,,,0.0,0.0,True,False,0,0,False,False
Q5SVQ0_604.0,0.0,0.0,0.0,,,0.0,0.0,True,False,0,0,False,False
Q5SVR0_1110.0,0.0,0.0,0.0,,,0.0,0.0,True,False,0,0,False,False
Q5SVR0_877.0,0.0,0.0,0.0,,,0.0,0.0,True,False,0,0,False,False
Q5SW19_184.0,7.803171793619792,6.410493532816569,-0.28362523078143825,0.8330065606997503,,-1.3926782608032227,1.3926782608032227,False,True,partial,partial,False,False
Q5SW19_200.0,0.0,0.0,0.0,,,0.0,0.0,True,False,0,0,False,False
Q5SW19_214.0,0.0,0.0,0.0,,,0.0,0.0,True,False,0,0,False,False
Q5SW19_333.0,0.0,0.0,0.0,,,0.0,0.0,True,False,0,0,False,False
Q5SW19_734.0,0.0,0.0,0.0,,,0.0,0.0,True,False,0,0,False,False
Q5SW19_755.0,0.0,0.0,0.0,,,0.0,0.0,True,False,0,0,False,False
Q5SW19_764.0,0.0,0.0,0.0,,,0.0,0.0,True,False,0,0,False,False
Q5SW75_1269.0,0.0,0.0,0.0,,,0.0,0.0,True,False,0,0,False,False
Q5SW75_957.0,0.0,0.0,0.0,,,0.0,0.0,True,False,0,0,False,False
Q5SWP3_1035.0,0.0,0.0,0.0,,,0.0,0.0,True,False,0,0,False,False
Q5SWP3_1096.0,0.0,0.0,0.0,,,0.0,0.0,True,False,0,0,False,False
Q5SWP3_1335.0,0.0,0.0,0.0,,,0.0,0.0,True,False,0,0,False,False
Q5SWP3_1450.0,16.178796768188477,0.0,-33.91338526617963,0.1816430612719585,,-16.178796768188477,16.178796768188477,False,True,partial,0,False,False
Q5SWP3_193.0,0.0,0.0,0.0,,,0.0,0.0,True,False,0,0,False,False
Q5SWP3_970.0,0.0,0.0,0.0,,,0.0,0.0,True,False,0,0,False,False
Q5SWU9_1341.0,0.0,0.0,0.0,,,0.0,0.0,True,False,0,0,False,False
Q5SWU9_1395.0,0.0,0.0,0.0,,,0.0,0.0,True,False,0,0,False,False
Q5SWU9_1469.0,0.0,0.0,0.0,,,0.0,0.0,True,False,0,0,False,False
Q5SWU9_1768.0,0.0,0.0,0.0,,,0.0,0.0,True,False,0,0,False,False
Q5SWU9_2073.0,0.0,0.0,0.0,,,0.0,0.0,True,False,0,0,False,False
Q5SWU9_499.0,0.0,0.0,0.0,,,0.0,0.0,True,False,0,0,False,False
Q5SWU9_633.0,0.0,0.0,0.0,,,0.0,0.0,True,False,0,0,False,False
Q5SWU9_812.0,0.0,0.0,0.0,,,0.0,0.0,True,False,0,0,False,False
Q5SXA9_750.0,0.0,0.0,0.0,,,0.0,0.0,True,False,0,0,False,False
Q5SXA9_932.0,0.0,0.0,0.0,,,0.0,0.0,True,False,0,0,False,False
Q5SXY1_138.0,0.0,0.0,0.0,,,0.0,0.0,True,False,0,0,False,False
Q5SXY1_492.0,0.0,0.0,0.0,,,0.0,0.0,True,False,0,0,False,False
Q5SXY1_598.0,0.0,0.0,0.0,,,0.0,0.0,True,False,0,0,False,False
Q5SXY1_633.0,0.0,0.0,0.0,,,0.0,0.0,True,False,0,0,False,False
Q5SYD0_143.0,0.0,0.0,0.0,,,0.0,0.0,True,False,0,0,False,False
Q5SYD0_460.0,0.0,0.0,0.0,,,0.0,0.0,True,False,0,0,False,False
Q5SYD0_666.0,0.0,0.0,0.0,,,0.0,0.0,True,False,0,0,False,False
Q5SYD0_930.0,0.0,0.0,0.0,,,0.0,0.0,True,False,0,0,False,False
Q5SYD0_97.0,0.0,0.0,0.0,,,0.0,0.0,True,False,0,0,False,False
Q5SYD0_970.0,0.0,0.0,0.0,,,0.0,0.0,True,False,0,0,False,False
Q5SYL3_1055.0,0.0,0.0,0.0,,,0.0,0.0,True,False,0,0,False,False
Q5U3K5_140.0,0.0,0.0,0.0,,,0.0,0.0,True,False,0,0,False,False
Q5U3K5_172.0,0.0,0.0,0.0,,,0.0,0.0,True,False,0,0,False,False
Q5U3K5_501.0,0.0,0.0,0.0,,,0.0,0.0,True,False,0,0,False,False
Q5U430_1157.0,0.0,0.0,0.0,,,0.0,0.0,True,False,0,0,False,False
Q5U430_1360.0,0.0,0.0,0.0,,,0.0,0.0,True,False,0,0,False,False
Q5U430_1651.0,0.0,0.0,0.0,,,0.0,0.0,True,False,0,0,False,False
Q5U430_170.0,0.0,0.0,0.0,,,0.0,0.0,True,False,0,0,False,False
Q5U430_1859.0,0.0,0.0,0.0,,,0.0,0.0,True,False,0,0,False,False
Q5U430_197.0,0.0,0.0,0.0,,,0.0,0.0,True,False,0,0,False,False
Q5U430_288.0,0.0,0.0,0.0,,,0.0,0.0,True,False,0,0,False,False
Q5U452_129.0,0.0,0.0,0.0,,,0.0,0.0,True,False,0,0,False,False
Q5U458_38.0,0.0,0.0,0.0,,,0.0,0.0,True,False,0,0,False,False
Q5U458_494.0,0.0,0.0,0.0,,,0.0,0.0,True,False,0,0,False,False
Q5U458_518.0,0.0,0.0,0.0,,,0.0,0.0,True,False,0,0,False,False
Q5U4C1_679.0,0.0,0.0,0.0,,,0.0,0.0,True,False,0,0,False,False
Q5U4C1_986.0,0.0,0.0,0.0,,,0.0,0.0,True,False,0,0,False,False
Q5U4C3_355.0,0.0,0.0,0.0,,,0.0,0.0,True,False,0,0,False,False
Q5U4C3_897.0,0.0,0.0,0.0,,,0.0,0.0,True,False,0,0,False,False
Q5U4D9_148.0,0.0,0.0,0.0,,,0.0,0.0,True,False,0,0,False,False
Q5U4F6_197.0,0.0,0.0,0.0,,,0.0,0.0,True,False,0,0,False,False
Q5U4F6_363.0,0.0,0.0,0.0,,,0.0,0.0,True,False,0,0,False,False
Q5U4F6_65.0,0.0,0.0,0.0,,,0.0,0.0,True,False,0,0,False,False
Q5U5V2_102.0,0.0,0.0,0.0,,,0.0,0.0,True,False,0,0,False,False
Q5XG69_138.0,0.0,0.0,0.0,,,0.0,0.0,True,False,0,0,False,False
Q5XJE5_531.0,0.0,0.0,0.0,,,0.0,0.0,True,False,0,0,False,False
Q5XJV6_272.0,0.0,0.0,0.0,,,0.0,0.0,True,False,0,0,False,False
Q5XJV6_479.0,0.0,0.0,0.0,,,0.0,0.0,True,False,0,0,False,False
Q5XJV6_675.0,0.0,0.0,0.0,,,0.0,0.0,True,False,0,0,False,False
Q5XJV6_697.0,0.0,0.0,0.0,,,0.0,0.0,True,False,0,0,False,False
Q5XJY5_286.0,0.0,0.0,0.0,,,0.0,0.0,True,False,0,0,False,False
Q5XJY5_441.0,0.0,7.072344144185384,32.71954133296789,0.1746879639797058,,7.072344144185384,7.072344144185384,False,True,0,partial,False,False
Q5XJY5_479.0,0.0,0.0,0.0,,,0.0,0.0,True,False,0,0,False,False
Q5XJY5_94.0,0.0,0.0,0.0,,,0.0,0.0,True,False,0,0,False,False
Q5XPI3_1187.0,0.0,0.0,0.0,,,0.0,0.0,True,False,0,0,False,False
Q60575_1447.0,0.0,0.0,0.0,,,0.0,0.0,True,False,0,0,False,False
Q60575_1607.0,0.0,0.0,0.0,,,0.0,0.0,True,False,0,0,False,False
Q60575_291.0,0.0,0.0,0.0,,,0.0,0.0,True,False,0,0,False,False
Q60575_899.0,0.0,0.0,0.0,,,0.0,0.0,True,False,0,0,False,False
Q60597_283.0,0.0,0.9032739003499349,29.75058828412645,0.1750446025002997,,0.9032739003499349,0.9032739003499349,False,True,0,partial,False,False
Q60597_331.0,0.0,0.0,0.0,,,0.0,0.0,True,False,0,0,False,False
Q60597_395.0,0.0,0.0,0.0,,,0.0,0.0,True,False,0,0,False,False
Q60597_487.0,0.0,0.0,0.0,,,0.0,0.0,True,False,0,0,False,False
Q60597_507.0,0.0,0.0,0.0,,,0.0,0.0,True,False,0,0,False,False
Q60597_566.0,0.0,0.0,0.0,,,0.0,0.0,True,False,0,0,False,False
Q60597_604.0,0.0,0.0,0.0,,,0.0,0.0,True,False,0,0,False,False
Q60597_956.0,0.0,0.0,0.0,,,0.0,0.0,True,False,0,0,False,False
Q60598_112.0,0.0,0.0,0.0,,,0.0,0.0,True,False,0,0,False,False
Q60603_568.0,0.0,0.0,0.0,,,0.0,0.0,True,False,0,0,False,False
Q60605_32.0,0.0,0.0,0.0,,,0.0,0.0,True,False,0,0,False,False
Q60610_1046.0,0.0,0.0,0.0,,,0.0,0.0,True,False,0,0,False,False
Q60610_1061.0,0.0,0.0,0.0,,,0.0,0.0,True,False,0,0,False,False
Q60610_1356.0,0.0,0.0,0.0,,,0.0,0.0,True,False,0,0,False,False
Q60610_1376.0,0.0,0.0,0.0,,,0.0,0.0,True,False,0,0,False,False
Q60610_296.0,0.0,0.0,0.0,,,0.0,0.0,True,False,0,0,False,False
Q60610_623.0,0.0,0.0,0.0,,,0.0,0.0,True,False,0,0,False,False
Q60612_309.0,0.0,0.0,0.0,,,0.0,0.0,True,False,0,0,False,False
Q60625_249.0,100.0,100.0,0.0,,,0.0,0.0,True,False,100,100,False,False
Q60625_302.0,4.095895131429036,5.489530881245931,0.4225040880334702,0.8006146377318523,,1.3936357498168945,1.3936357498168945,False,True,partial,partial,False,False
Q60625_383.0,8.003718852996826,3.871969699859619,-1.0476028274946063,0.29747990196399354,,-4.131749153137207,4.131749153137207,False,True,partial,partial,False,False
Q60625_415.0,32.19294389088949,28.265862782796223,-0.18768377614527407,0.2697948287605586,,-3.9270811080932653,3.9270811080932653,False,True,partial,partial,False,False
Q60625_431.0,37.23261833190918,31.09662691752116,-0.25980897700737543,0.0034353887713715887,,-6.13599141438802,6.13599141438802,False,True,partial,partial,False,False
Q60625_443.0,26.55175240834554,21.430875142415363,-0.3091163171145422,0.0008930553983727028,,-5.120877265930176,5.120877265930176,False,True,partial,partial,False,False
Q60625_470.0,0.0,0.0,0.0,,,0.0,0.0,True,False,0,0,False,False
Q60625_595.0,0.0,0.0,0.0,,,0.0,0.0,True,False,0,0,False,False
Q60625_607.0,12.642656326293945,36.79946645100912,1.541385231495019,0.05318393400336533,,24.15681012471517,24.15681012471517,False,True,partial,partial,False,False
Q60625_724.0,10.736071268717447,17.179765383402508,0.6782441806488095,0.6726682937391566,,6.44369411468506,6.44369411468506,False,True,partial,partial,False,False
Q60625_99.0,17.33874797821045,9.94172223409017,-0.8024320251158445,0.0001452856818697212,,-7.397025744120279,7.397025744120279,False,True,partial,partial,False,False
Q60629_513.0,0.0,0.0,0.0,,,0.0,0.0,True,False,0,0,False,False
Q60629_529.0,0.0,0.0,0.0,,,0.0,0.0,True,False,0,0,False,False
Q60631_198.0,0.0,0.0,0.0,,,0.0,0.0,True,False,0,0,False,False
Q60631_32.0,0.0,0.0,0.0,,,0.0,0.0,True,False,0,0,False,False
Q60634_88.0,0.0,0.0,0.0,,,0.0,0.0,True,False,0,0,False,False
Q60649_237.0,9.424739201863607,22.82811673482259,1.2762872431962111,0.5021623780285738,,13.403377532958983,13.403377532958983,False,True,partial,partial,False,False
Q60649_416.0,0.0,0.0,0.0,,,0.0,0.0,True,False,0,0,False,False
Q60649_617.0,0.0,0.0,0.0,,,0.0,0.0,True,False,0,0,False,False
Q60668_126.0,0.5659593741099039,0.37474515040715534,-0.5947886871260718,0.6730051149372152,,-0.1912142237027486,0.1912142237027486,False,True,partial,partial,False,False
Q60668_226.0,31.41882864634196,28.444721221923828,-0.14346845353037166,0.8355483601512323,,-2.9741074244181327,2.9741074244181327,False,True,partial,partial,False,False
Q60673_632.0,0.0,0.0,0.0,,,0.0,0.0,True,False,0,0,False,False
Q60675_1141.0,32.25968964894613,0.0,-34.90901350817817,0.010608439963479531,,-32.25968964894613,32.25968964894613,False,True,partial,0,False,False
Q60675_1502.0,35.92607752482096,27.14163049062093,-0.4045240368410333,0.2596344675200493,,-8.784447034200031,8.784447034200031,False,True,partial,partial,False,False
Q60675_195.0,0.0,0.0,0.0,,,0.0,0.0,True,False,0,0,False,False
Q60675_2150.0,26.392322222391766,5.053794860839844,-2.3846792866897393,0.02195812040116762,,-21.33852736155192,21.33852736155192,False,True,partial,partial,False,False
Q60675_2905.0,0.0,0.0,0.0,,,0.0,0.0,True,False,0,0,False,False
Q60675_349.0,5.827770868937175,4.722968101501465,-0.30325036418139084,0.8859603289183868,,-1.10480276743571,1.10480276743571,False,True,partial,partial,False,False
Q60675_449.0,0.0,0.0,0.0,,,0.0,0.0,True,False,0,0,False,False
Q60675_493.0,0.0,0.0,0.0,,,0.0,0.0,True,False,0,0,False,False
Q60676_11.0,0.0,0.0,0.0,,,0.0,0.0,True,False,0,0,False,False
Q60676_382.0,0.0,0.0,0.0,,,0.0,0.0,True,False,0,0,False,False
Q60676_404.0,0.0,0.0,0.0,,,0.0,0.0,True,False,0,0,False,False
Q60676_77.0,0.0,0.0,0.0,,,0.0,0.0,True,False,0,0,False,False
Q60692_185.0,0.0,0.0,0.0,,,0.0,0.0,True,False,0,0,False,False
Q60692_76.0,0.0,0.0,0.0,,,0.0,0.0,True,False,0,0,False,False
Q60692_77.0,0.0,0.0,0.0,,,0.0,0.0,True,False,0,0,False,False
Q60700_563.0,0.0,0.0,0.0,,,0.0,0.0,True,False,0,0,False,False
Q60700_589.0,0.0,0.0,0.0,,,0.0,0.0,True,False,0,0,False,False
Q60710_135.0,0.0,0.0,0.0,,,0.0,0.0,True,False,0,0,False,False
Q60710_373.0,0.0,0.0,0.0,,,0.0,0.0,True,False,0,0,False,False
Q60710_83.0,0.0,0.0,0.0,,,0.0,0.0,True,False,0,0,False,False
Q60714_170.0,0.0,0.0,0.0,,,0.0,0.0,True,False,0,0,False,False
Q60714_326.0,0.0,0.0,0.0,,,0.0,0.0,True,False,0,0,False,False
Q60714_392.0,0.0,0.0,0.0,,,0.0,0.0,True,False,0,0,False,False
Q60714_406.0,0.0,0.0,0.0,,,0.0,0.0,True,False,0,0,False,False
Q60714_640.0,0.0,0.0,0.0,,,0.0,0.0,True,False,0,0,False,False
Q60714_80.0,0.0,0.0,0.0,,,0.0,0.0,True,False,0,0,False,False
Q60722_295.0,0.0,0.0,0.0,,,0.0,0.0,True,False,0,0,False,False
Q60737_147.0,0.0,0.0,0.0,,,0.0,0.0,True,False,0,0,False,False
Q60738_385.0,0.0,0.0,0.0,,,0.0,0.0,True,False,0,0,False,False
Q60738_428.0,0.0,0.0,0.0,,,0.0,0.0,True,False,0,0,False,False
Q60738_464.0,0.0,0.0,0.0,,,0.0,0.0,True,False,0,0,False,False
Q60739_223.0,0.0,0.0,0.0,,,0.0,0.0,True,False,0,0,False,False
Q60739_282.0,0.0,0.0,0.0,,,0.0,0.0,True,False,0,0,False,False
Q60751_1250.0,0.0,0.0,0.0,,,0.0,0.0,True,False,0,0,False,False
Q60759_115.0,0.0,0.0,0.0,,,0.0,0.0,True,False,0,0,False,False
Q60759_176.0,0.0,0.0,0.0,,,0.0,0.0,True,False,0,0,False,False
Q60760_408.0,0.0,0.0,0.0,,,0.0,0.0,True,False,0,0,False,False
Q60770_26.0,0.0,0.0,0.0,,,0.0,0.0,True,False,0,0,False,False
Q60770_354.0,0.0,0.0,0.0,,,0.0,0.0,True,False,0,0,False,False
Q60770_498.0,0.0,0.0,0.0,,,0.0,0.0,True,False,0,0,False,False
Q60770_558.0,2.0945685704549155,6.773345311482747,1.6932154322266242,0.38085586010846423,,4.678776741027832,4.678776741027832,False,True,partial,partial,False,False
Q60770_90.0,0.0,0.0,0.0,,,0.0,0.0,True,False,0,0,False,False
Q60778_240.0,0.0,0.0,0.0,,,0.0,0.0,True,False,0,0,False,False
Q60780_263.0,0.0,0.0,0.0,,,0.0,0.0,True,False,0,0,False,False
Q60780_331.0,0.0,0.0,0.0,,,0.0,0.0,True,False,0,0,False,False
Q60780_369.0,0.0,0.0,0.0,,,0.0,0.0,True,False,0,0,False,False
Q60790_144.0,0.0,0.0,0.0,,,0.0,0.0,True,False,0,0,False,False
Q60790_328.0,0.0,0.0,0.0,,,0.0,0.0,True,False,0,0,False,False
Q60790_410.0,0.0,0.0,0.0,,,0.0,0.0,True,False,0,0,False,False
Q60790_622.0,0.0,0.0,0.0,,,0.0,0.0,True,False,0,0,False,False
Q60790_662.0,0.0,0.0,0.0,,,0.0,0.0,True,False,0,0,False,False
Q60790_678.0,0.0,0.0,0.0,,,0.0,0.0,True,False,0,0,False,False
Q60790_751.0,0.0,0.0,0.0,,,0.0,0.0,True,False,0,0,False,False
Q60803_140.0,0.0,0.0,0.0,,,0.0,0.0,True,False,0,0,False,False
Q60803_196.0,0.0,0.0,0.0,,,0.0,0.0,True,False,0,0,False,False
Q60803_238.0,0.0,0.0,0.0,,,0.0,0.0,True,False,0,0,False,False
Q60803_60.0,0.0,0.0,0.0,,,0.0,0.0,True,False,0,0,False,False
Q60803_72.0,0.0,0.0,0.0,,,0.0,0.0,True,False,0,0,False,False
Q60829_148.0,0.0,0.0,0.0,,,0.0,0.0,True,False,0,0,False,False
Q60829_72.0,2.286886970202128,1.5434694687525432,-0.5672081163483526,0.48350611430757473,,-0.7434175014495847,0.7434175014495847,False,True,partial,partial,False,False
Q60841_1475.0,0.0,0.0,0.0,,,0.0,0.0,True,False,0,0,False,False
Q60854_102.0,0.9223690827687582,0.0,-29.780768916233217,0.36321746764912255,,-0.9223690827687582,0.9223690827687582,False,True,partial,0,False,False
Q60854_372.0,0.0,0.0,0.0,,,0.0,0.0,True,False,0,0,False,False
Q60854_62.0,0.0,0.0,0.0,,,0.0,0.0,True,False,0,0,False,False
Q60857_622.0,0.0,0.0,0.0,,,0.0,0.0,True,False,0,0,False,False
Q60864_370.0,0.0,0.0,0.0,,,0.0,0.0,True,False,0,0,False,False
Q60864_417.0,0.0,0.0,0.0,,,0.0,0.0,True,False,0,0,False,False
Q60864_461.0,0.708705484867096,0.8623834649721781,0.28314330178677805,0.731671632654987,,0.15367798010508216,0.15367798010508216,False,True,partial,partial,False,False
Q60864_471.0,0.0,0.0,0.0,,,0.0,0.0,True,False,0,0,False,False
Q60864_62.0,0.0,0.0,0.0,,,0.0,0.0,True,False,0,0,False,False
Q60865_224.0,0.0,0.0,0.0,,,0.0,0.0,True,False,0,0,False,False
Q60870_14.0,3.169103463490804,2.128596842288971,-0.5741720325101619,0.023313089593995376,,-1.0405066212018332,1.0405066212018332,False,True,partial,partial,False,False
Q60872_51.0,0.0,0.0,0.0,,,0.0,0.0,True,False,0,0,False,False
Q60875_307.0,0.0,0.0,0.0,,,0.0,0.0,True,False,0,0,False,False
Q60875_343.0,0.0,0.0,0.0,,,0.0,0.0,True,False,0,0,False,False
Q60875_384.0,0.0,0.0,0.0,,,0.0,0.0,True,False,0,0,False,False
Q60875_479.0,0.0,0.0,0.0,,,0.0,0.0,True,False,0,0,False,False
Q60875_574.0,0.0,0.0,0.0,,,0.0,0.0,True,False,0,0,False,False
Q60875_674.0,0.0,0.0,0.0,,,0.0,0.0,True,False,0,0,False,False
Q60875_68.0,0.0,0.0,0.0,,,0.0,0.0,True,False,0,0,False,False
Q60875_714.0,0.0,0.0,0.0,,,0.0,0.0,True,False,0,0,False,False
Q60900_68.0,0.0,0.0,0.0,,,0.0,0.0,True,False,0,0,False,False
Q60902_468.0,0.0,0.0,0.0,,,0.0,0.0,True,False,0,0,False,False
Q60902_82.0,18.131202697753906,54.83137575785319,1.596527045669839,0.13517110558126283,,36.70017306009928,36.70017306009928,False,True,partial,partial,False,False
Q60930_104.0,0.0,0.0,0.0,,,0.0,0.0,True,False,0,0,False,False
Q60930_14.0,5.831692695617676,2.533888816833496,-1.2025614750902047,0.21330136024737822,,-3.2978038787841797,3.2978038787841797,False,True,partial,partial,False,False
Q60930_77.0,0.0,0.0,0.0,,,0.0,0.0,True,False,0,0,False,False
Q60931_65.0,1.1840482552846272,1.2994929949442546,0.13422097825329557,0.9489479450184038,,0.11544473965962743,0.11544473965962743,False,True,partial,partial,False,False
Q60932_140.0,16.443294366200764,18.800394376118977,0.19326355790914854,0.64393396541783,,2.357100009918213,2.357100009918213,False,True,partial,partial,False,False
Q60932_245.0,1.7855761845906575,1.4567287663618724,-0.29365740828926995,0.23920330579793112,,-0.32884741822878505,0.32884741822878505,False,True,partial,partial,False,False
Q60936_403.0,0.0,0.0,0.0,,,0.0,0.0,True,False,0,0,False,False
Q60936_617.0,0.0,0.0,0.0,,,0.0,0.0,True,False,0,0,False,False
Q60936_638.0,0.0,0.0,0.0,,,0.0,0.0,True,False,0,0,False,False
Q60949_598.0,7.77969487508138,16.666666666666668,1.0991801161133155,0.6435569586456049,,8.886971791585289,8.886971791585289,False,True,partial,partial,False,False
Q60949_717.0,0.0,0.0,0.0,,,0.0,0.0,True,False,0,0,False,False
Q60953_208.0,0.0,0.0,0.0,,,0.0,0.0,True,False,0,0,False,False
Q60960_298.0,0.0,0.0,0.0,,,0.0,0.0,True,False,0,0,False,False
Q60963_290.0,0.0,0.0,0.0,,,0.0,0.0,True,False,0,0,False,False
Q60967_165.0,0.0,0.0,0.0,,,0.0,0.0,True,False,0,0,False,False
Q60967_323.0,0.0,0.0,0.0,,,0.0,0.0,True,False,0,0,False,False
Q60972_138.0,0.0,0.0,0.0,,,0.0,0.0,True,False,0,0,False,False
Q60972_167.0,0.0,0.0,0.0,,,0.0,0.0,True,False,0,0,False,False
Q60973_166.0,0.0,0.0,0.0,,,0.0,0.0,True,False,0,0,False,False
Q60973_97.0,0.0,0.0,0.0,,,0.0,0.0,True,False,0,0,False,False
Q60989_161.0,0.0,0.0,0.0,,,0.0,0.0,True,False,0,0,False,False
Q60996_408.0,0.0,0.0,0.0,,,0.0,0.0,True,False,0,0,False,False
Q61001_1950.0,0.0,0.0,0.0,,,0.0,0.0,True,False,0,0,False,False
Q61001_220.0,34.46529070536295,16.85456911722819,-1.032004438402416,0.03864313796312254,,-17.610721588134762,17.610721588134762,False,True,partial,partial,False,False
Q61001_69.0,38.1576722462972,13.574779828389486,-1.4910443655225953,0.0011193236149811805,,-24.582892417907715,24.582892417907715,False,True,partial,partial,False,False
Q61001_761.0,0.0,0.0,0.0,,,0.0,0.0,True,False,0,0,False,False
Q61001_831.0,0.0,0.0,0.0,,,0.0,0.0,True,False,0,0,False,False
Q61001_87.0,0.0,0.0,0.0,,,0.0,0.0,True,False,0,0,False,False
Q61016_39.0,0.0,0.0,0.0,,,0.0,0.0,True,False,0,0,False,False
Q61024_158.0,0.0,0.0,0.0,,,0.0,0.0,True,False,0,0,False,False
Q61024_455.0,0.0,0.0,0.0,,,0.0,0.0,True,False,0,0,False,False
Q61035_224.0,0.0,0.0,0.0,,,0.0,0.0,True,False,0,0,False,False
Q61035_235.0,0.0,0.0,0.0,,,0.0,0.0,True,False,0,0,False,False
Q61035_509.0,0.0,0.0,0.0,,,0.0,0.0,True,False,0,0,False,False
Q61036_386.0,0.0,4.915626207987468,32.194728069342304,0.36321746764912255,,4.915626207987468,4.915626207987468,False,True,0,partial,False,False
Q61037_1282.0,0.0,0.0,0.0,,,0.0,0.0,True,False,0,0,False,False
Q61037_253.0,0.0,0.0,0.0,,,0.0,0.0,True,False,0,0,False,False
Q61037_52.0,0.0,0.0,0.0,,,0.0,0.0,True,False,0,0,False,False
Q61037_65.0,0.0,0.0,0.0,,,0.0,0.0,True,False,0,0,False,False
Q61048_18.0,0.0,0.0,0.0,,,0.0,0.0,True,False,0,0,False,False
Q61070_24.0,0.0,0.0,0.0,,,0.0,0.0,True,False,0,0,False,False
Q61072_370.0,0.0,0.0,0.0,,,0.0,0.0,True,False,0,0,False,False
Q61072_575.0,0.0,0.0,0.0,,,0.0,0.0,True,False,0,0,False,False
Q61074_164.0,0.0,0.0,0.0,,,0.0,0.0,True,False,0,0,False,False
Q61081_337.0,0.0,0.0,0.0,,,0.0,0.0,True,False,0,0,False,False
Q61097_155.0,0.0,0.0,0.0,,,0.0,0.0,True,False,0,0,False,False
Q61097_164.0,0.0,0.0,0.0,,,0.0,0.0,True,False,0,0,False,False
Q61097_39.0,0.0,0.0,0.0,,,0.0,0.0,True,False,0,0,False,False
Q61097_60.0,0.0,0.0,0.0,,,0.0,0.0,True,False,0,0,False,False
Q61097_727.0,0.0,0.0,0.0,,,0.0,0.0,True,False,0,0,False,False
Q61103_24.0,0.0,0.0,0.0,,,0.0,0.0,True,False,0,0,False,False
Q61103_273.0,0.0,0.0,0.0,,,0.0,0.0,True,False,0,0,False,False
Q61103_295.0,0.0,0.0,0.0,,,0.0,0.0,True,False,0,0,False,False
Q61103_306.0,0.0,0.0,0.0,,,0.0,0.0,True,False,0,0,False,False
Q61120_357.0,0.0,0.0,0.0,,,0.0,0.0,True,False,0,0,False,False
Q61120_42.0,0.0,0.0,0.0,,,0.0,0.0,True,False,0,0,False,False
Q61120_69.0,0.0,0.0,0.0,,,0.0,0.0,True,False,0,0,False,False
Q61127_481.0,0.0,0.0,0.0,,,0.0,0.0,True,False,0,0,False,False
Q61133_50.0,0.0,0.0,0.0,,,0.0,0.0,True,False,0,0,False,False
Q61136_962.0,0.0,0.0,0.0,,,0.0,0.0,True,False,0,0,False,False
Q61137_1013.0,0.0,0.0,0.0,,,0.0,0.0,True,False,0,0,False,False
Q61137_1101.0,28.17575232187907,23.81674098968506,-0.24247811964868407,0.5177764677121115,,-4.359011332194012,4.359011332194012,False,True,partial,partial,False,False
Q61137_1153.0,0.0,0.0,0.0,,,0.0,0.0,True,False,0,0,False,False
Q61137_257.0,0.0,0.0,0.0,,,0.0,0.0,True,False,0,0,False,False
Q61137_278.0,0.0,0.0,0.0,,,0.0,0.0,True,False,0,0,False,False
Q61137_636.0,0.0,0.0,0.0,,,0.0,0.0,True,False,0,0,False,False
Q61137_651.0,0.0,0.0,0.0,,,0.0,0.0,True,False,0,0,False,False
Q61140_46.0,0.0,0.0,0.0,,,0.0,0.0,True,False,0,0,False,False
Q61142_96.0,0.0,0.0,0.0,,,0.0,0.0,True,False,0,0,False,False
Q61147_199.0,17.128774960835774,11.980829000473022,-0.5156942371376373,0.00817562800568507,,-5.147945960362751,5.147945960362751,False,True,partial,partial,False,False
Q61147_239.0,0.0,0.0,0.0,,,0.0,0.0,True,False,0,0,False,False
Q61147_356.0,0.0,0.0,0.0,,,0.0,0.0,True,False,0,0,False,False
Q61147_529.0,22.26719029744466,5.690108299255371,-1.968391511740848,0.004123600141049143,,-16.57708199818929,16.57708199818929,False,True,partial,partial,False,False
Q61147_694.0,0.0,0.0,0.0,,,0.0,0.0,True,False,0,0,False,False
Q61147_713.0,0.0,0.0,0.0,,,0.0,0.0,True,False,0,0,False,False
Q61151_106.0,1.8538979291915894,1.1614667177200317,-0.6746140008892333,0.15525477692201953,,-0.6924312114715576,0.6924312114715576,False,True,partial,partial,False,False
Q61151_121.0,0.0,0.0,0.0,,,0.0,0.0,True,False,0,0,False,False
Q61164_155.0,0.0,0.0,0.0,,,0.0,0.0,True,False,0,0,False,False
Q61164_557.0,0.0,0.0,0.0,,,0.0,0.0,True,False,0,0,False,False
Q61165_799.0,0.0,0.0,0.0,,,0.0,0.0,True,False,0,0,False,False
Q61166_228.0,0.0,0.0,0.0,,,0.0,0.0,True,False,0,0,False,False
Q61171_172.0,0.0,0.0,0.0,,,0.0,0.0,True,False,0,0,False,False
Q61171_70.0,0.7433065970738729,0.4998534321784973,-0.5724522839360175,0.6090863919995018,,-0.2434531648953756,0.2434531648953756,False,True,partial,partial,False,False
Q61191_135.0,0.0,0.0,0.0,,,0.0,0.0,True,False,0,0,False,False
Q61191_149.0,0.0,0.0,0.0,,,0.0,0.0,True,False,0,0,False,False
Q61191_1882.0,0.0,0.0,0.0,,,0.0,0.0,True,False,0,0,False,False
Q61191_1896.0,0.0,0.0,0.0,,,0.0,0.0,True,False,0,0,False,False
Q61191_227.0,0.0,0.0,0.0,,,0.0,0.0,True,False,0,0,False,False
Q61194_256.0,0.0,0.0,0.0,,,0.0,0.0,True,False,0,0,False,False
Q61200_210.0,0.0,0.0,0.0,,,0.0,0.0,True,False,0,0,False,False
Q61205_206.0,0.0,0.0,0.0,,,0.0,0.0,True,False,0,0,False,False
Q61206_206.0,0.0,0.0,0.0,,,0.0,0.0,True,False,0,0,False,False
Q61207_240.0,0.0,0.0,0.0,,,0.0,0.0,True,False,0,0,False,False
Q61207_25.0,0.0,0.0,0.0,,,0.0,0.0,True,False,0,0,False,False
Q61207_251.0,0.0,0.0,0.0,,,0.0,0.0,True,False,0,0,False,False
Q61207_348.0,0.0,0.0,0.0,,,0.0,0.0,True,False,0,0,False,False
Q61207_42.0,0.0,0.0,0.0,,,0.0,0.0,True,False,0,0,False,False
Q61207_442.0,0.0,0.0,0.0,,,0.0,0.0,True,False,0,0,False,False
Q61207_473.0,3.890970150629679,1.8775653441747029,-1.051266794231079,0.21455127761808335,,-2.013404806454976,2.013404806454976,False,True,partial,partial,False,False
Q61207_48.0,0.0,0.0,0.0,,,0.0,0.0,True,False,0,0,False,False
Q61207_515.0,0.0,0.0,0.0,,,0.0,0.0,True,False,0,0,False,False
Q61207_94.0,0.0,0.0,0.0,,,0.0,0.0,True,False,0,0,False,False
Q61210_536.0,0.0,0.0,0.0,,,0.0,0.0,True,False,0,0,False,False
Q61210_593.0,0.0,0.0,0.0,,,0.0,0.0,True,False,0,0,False,False
Q61210_891.0,0.0,0.0,0.0,,,0.0,0.0,True,False,0,0,False,False
Q61211_446.0,0.0,0.0,0.0,,,0.0,0.0,True,False,0,0,False,False
Q61214_312.0,0.0,0.0,0.0,,,0.0,0.0,True,False,0,0,False,False
Q61233_101.0,0.0,10.532235145568848,33.294092585871724,0.1755787428160695,,10.532235145568848,10.532235145568848,False,True,0,partial,False,False
Q61233_164.0,0.0,0.0,0.0,,,0.0,0.0,True,False,0,0,False,False
Q61233_336.0,0.0,0.0,0.0,,,0.0,0.0,True,False,0,0,False,False
Q61233_42.0,0.0,0.0,0.0,,,0.0,0.0,True,False,0,0,False,False
Q61233_460.0,0.0,0.0,0.0,,,0.0,0.0,True,False,0,0,False,False
Q61234_17.0,0.0,0.0,0.0,,,0.0,0.0,True,False,0,0,False,False
Q61234_220.0,0.0,0.0,0.0,,,0.0,0.0,True,False,0,0,False,False
Q61234_233.0,0.0,0.0,0.0,,,0.0,0.0,True,False,0,0,False,False
Q61234_319.0,0.0,0.0,0.0,,,0.0,0.0,True,False,0,0,False,False
Q61234_398.0,0.0,0.0,0.0,,,0.0,0.0,True,False,0,0,False,False
Q61234_412.0,0.0,0.0,0.0,,,0.0,0.0,True,False,0,0,False,False
Q61235_342.0,0.0,0.0,0.0,,,0.0,0.0,True,False,0,0,False,False
Q61235_354.0,0.0,0.0,0.0,,,0.0,0.0,True,False,0,0,False,False
Q61239_341.0,0.0,0.0,0.0,,,0.0,0.0,True,False,0,0,False,False
Q61263_61.0,0.0,0.0,0.0,,,0.0,0.0,True,False,0,0,False,False
Q61271_84.0,0.0,0.0,0.0,,,0.0,0.0,True,False,0,0,False,False
Q61282_133.0,0.0,0.0,0.0,,,0.0,0.0,True,False,0,0,False,False
Q61282_1933.0,0.0,0.0,0.0,,,0.0,0.0,True,False,0,0,False,False
Q61282_1950.0,15.938544591267904,15.404115835825602,-0.049204020341751725,0.7725653712641727,,-0.5344287554423026,0.5344287554423026,False,True,partial,partial,False,False
Q61282_2049.0,21.75606616338094,11.495084285736084,-0.9204006739009967,0.03459685153357441,,-10.260981877644856,10.260981877644856,False,True,partial,partial,False,False
Q61282_2078.0,21.62022304534912,22.76458231608073,0.07440958233440739,0.867800987526028,,1.1443592707316093,1.1443592707316093,False,True,partial,partial,False,False
Q61282_2092.0,1.1679969628651936,4.101928234100342,1.8122657274755678,0.215536441872967,,2.9339312712351484,2.9339312712351484,False,True,partial,partial,False,False
Q61282_2105.0,0.0,0.0,0.0,,,0.0,0.0,True,False,0,0,False,False
Q61282_220.0,34.53317960103353,14.401065826416016,-1.2618075848286001,0.18899827689335483,,-20.132113774617515,20.132113774617515,False,True,partial,partial,False,False
Q61282_273.0,6.952633221944173,2.021189570426941,-1.7823548427234146,0.027490344034939204,,-4.931443651517232,4.931443651517232,False,True,partial,partial,False,False
Q61282_318.0,0.0,0.0,0.0,,,0.0,0.0,True,False,0,0,False,False
Q61282_554.0,33.9928936958313,24.617738405863445,-0.4655349489467108,0.5284491442598329,,-9.375155289967854,9.375155289967854,False,True,partial,partial,False,False
Q61282_652.0,29.713109334309895,25.19586181640625,-0.23791278010272626,0.7250982963448362,,-4.517247517903645,4.517247517903645,False,True,partial,partial,False,False
Q61285_68.0,0.0,0.0,0.0,,,0.0,0.0,True,False,0,0,False,False
Q61290_1332.0,0.0,0.0,0.0,,,0.0,0.0,True,False,0,0,False,False
Q61290_1440.0,0.0,0.0,0.0,,,0.0,0.0,True,False,0,0,False,False
Q61290_1681.0,12.754504839579264,2.6852715810139975,-2.2478669797992668,0.16258635933347243,,-10.069233258565266,10.069233258565266,False,True,partial,partial,False,False
Q61290_433.0,0.0,0.0,0.0,,,0.0,0.0,True,False,0,0,False,False
Q61292_1156.0,0.0,0.0,0.0,,,0.0,0.0,True,False,0,0,False,False
Q61292_185.0,0.0,0.0,0.0,,,0.0,0.0,True,False,0,0,False,False
Q61292_205.0,0.0,0.0,0.0,,,0.0,0.0,True,False,0,0,False,False
Q61292_50.0,3.567401885986328,4.308400472005208,0.2722786047171083,0.8482917302595434,,0.7409985860188799,0.7409985860188799,False,True,partial,partial,False,False
Q61292_685.0,4.6204309066136675,2.167383591334025,-1.0920728955538688,0.29909552338746886,,-2.4530473152796426,2.4530473152796426,False,True,partial,partial,False,False
Q61292_750.0,79.81789779663086,30.643168131510418,-1.3811468202254866,0.07973452177526537,,-49.17472966512044,49.17472966512044,False,True,partial,partial,False,False
Q61292_805.0,0.0,0.0,0.0,,,0.0,0.0,True,False,0,0,False,False
Q61292_875.0,0.0,0.0,0.0,,,0.0,0.0,True,False,0,0,False,False
Q61292_906.0,17.458132823308308,12.644145647684732,-0.46542970969471475,0.5526692474235273,,-4.813987175623575,4.813987175623575,False,True,partial,partial,False,False
Q61292_925.0,0.0,0.0,0.0,,,0.0,0.0,True,False,0,0,False,False
Q61292_928.0,0.0,0.0,0.0,,,0.0,0.0,True,False,0,0,False,False
Q61292_955.0,0.0,0.0,0.0,,,0.0,0.0,True,False,0,0,False,False
Q61292_966.0,0.0,0.0,0.0,,,0.0,0.0,True,False,0,0,False,False
Q61301_115.0,0.0,0.0,0.0,,,0.0,0.0,True,False,0,0,False,False
Q61301_322.0,0.0,0.0,0.0,,,0.0,0.0,True,False,0,0,False,False
Q61301_335.0,2.6332630117734275,1.7438894708951314,-0.5945430216332902,0.09429153686573052,,-0.8893735408782961,0.8893735408782961,False,True,partial,partial,False,False
Q61301_436.0,0.0,0.0,0.0,,,0.0,0.0,True,False,0,0,False,False
Q61301_459.0,0.0,0.0,0.0,,,0.0,0.0,True,False,0,0,False,False
Q61301_524.0,0.0,0.0,0.0,,,0.0,0.0,True,False,0,0,False,False
Q61301_719.0,0.0,0.0,0.0,,,0.0,0.0,True,False,0,0,False,False
Q61301_766.0,0.0,0.0,0.0,,,0.0,0.0,True,False,0,0,False,False
Q61301_786.0,0.0,0.0,0.0,,,0.0,0.0,True,False,0,0,False,False
Q61315_108.0,0.0,0.0,0.0,,,0.0,0.0,True,False,0,0,False,False
Q61315_1096.0,0.0,0.0,0.0,,,0.0,0.0,True,False,0,0,False,False
Q61315_1894.0,0.0,0.0,0.0,,,0.0,0.0,True,False,0,0,False,False
Q61315_205.0,0.0,0.0,0.0,,,0.0,0.0,True,False,0,0,False,False
Q61315_2664.0,0.0,0.0,0.0,,,0.0,0.0,True,False,0,0,False,False
Q61315_518.0,0.0,0.0,0.0,,,0.0,0.0,True,False,0,0,False,False
Q61315_912.0,0.0,0.0,0.0,,,0.0,0.0,True,False,0,0,False,False
Q61315_993.0,0.0,0.0,0.0,,,0.0,0.0,True,False,0,0,False,False
Q61316_140.0,20.28596369425456,5.824455738067627,-1.8002866902893324,0.012709592236278204,,-14.461507956186932,14.461507956186932,False,True,partial,partial,False,False
Q61316_167.0,1.5923300981521606,0.9538969993591309,-0.7392340450282708,0.034540722540178356,,-0.6384330987930298,0.6384330987930298,False,True,partial,partial,False,False
Q61316_245.0,0.0,0.0,0.0,,,0.0,0.0,True,False,0,0,False,False
Q61316_270.0,0.0,0.0,0.0,,,0.0,0.0,True,False,0,0,False,False
Q61316_310.0,0.0,0.0,0.0,,,0.0,0.0,True,False,0,0,False,False
Q61316_34.0,0.0,0.0,0.0,,,0.0,0.0,True,False,0,0,False,False
Q61316_376.0,0.0,0.0,0.0,,,0.0,0.0,True,False,0,0,False,False
Q61316_380.0,0.0,0.0,0.0,,,0.0,0.0,True,False,0,0,False,False
Q61316_417.0,0.0,0.0,0.0,,,0.0,0.0,True,False,0,0,False,False
Q61316_780.0,0.0,0.0,0.0,,,0.0,0.0,True,False,0,0,False,False
Q61324_200.0,0.0,0.0,0.0,,,0.0,0.0,True,False,0,0,False,False
Q61324_243.0,0.0,0.0,0.0,,,0.0,0.0,True,False,0,0,False,False
Q61324_354.0,0.0,0.0,0.0,,,0.0,0.0,True,False,0,0,False,False
Q61324_374.0,0.0,0.0,0.0,,,0.0,0.0,True,False,0,0,False,False
Q61327_580.0,0.0,0.0,0.0,,,0.0,0.0,True,False,0,0,False,False
Q61327_6.0,0.0,0.0,0.0,,,0.0,0.0,True,False,0,0,False,False
Q61330_113.0,40.32984479268392,64.8511422475179,0.6852841317992465,0.2295044536016256,,24.521297454833977,24.521297454833977,False,True,partial,partial,False,False
Q61330_157.0,0.0,0.0,0.0,,,0.0,0.0,True,False,0,0,False,False
Q61330_350.0,0.0,0.0,0.0,,,0.0,0.0,True,False,0,0,False,False
Q61330_397.0,21.185097694396973,5.357115904490153,-1.983521366357319,0.0041015581513939225,,-15.827981789906818,15.827981789906818,False,True,partial,partial,False,False
Q61330_442.0,0.0,0.0,0.0,,,0.0,0.0,True,False,0,0,False,False
Q61330_490.0,25.78513526916504,18.17034848531087,-0.5049535249474237,0.12680696898256788,,-7.614786783854168,7.614786783854168,False,True,partial,partial,False,False
Q61330_589.0,0.0,0.0,0.0,,,0.0,0.0,True,False,0,0,False,False
Q61361_136.0,4.997636159261067,6.866047223409017,0.4582339064956383,0.5790941059138796,,1.8684110641479492,1.8684110641479492,False,True,partial,partial,False,False
Q61361_178.0,6.0754884878794355,3.2082227865854898,-0.9212260808383651,0.13178887178098017,,-2.8672657012939458,2.8672657012939458,False,True,partial,partial,False,False
Q61361_223.0,21.22566032409668,9.329781532287598,-1.185894232012642,0.21939976056794652,,-11.895878791809082,11.895878791809082,False,True,partial,partial,False,False
Q61361_300.0,8.639731725056967,9.31941588719686,0.10925301841815786,0.8947091279830481,,0.6796841621398926,0.6796841621398926,False,True,partial,partial,False,False
Q61361_351.0,11.000405311584473,5.213100830713908,-1.0773430112745483,0.028610342519220195,,-5.7873044808705645,5.7873044808705645,False,True,partial,partial,False,False
Q61361_692.0,16.928478082021076,9.384345293045044,-0.8511242738232325,4.767606364712749e-05,,-7.544132788976032,7.544132788976032,False,True,partial,partial,False,False
Q61361_703.0,4.754706859588623,0.0,-32.146709252104365,0.21797737027118771,,-4.754706859588623,4.754706859588623,False,True,partial,0,False,False
Q61361_791.0,56.08060201009115,7.6842091878255205,-2.8675331369604145,0.0012498893990770567,,-48.396392822265625,48.396392822265625,False,True,partial,partial,False,False
Q61361_834.0,0.0,0.0,0.0,,,0.0,0.0,True,False,0,0,False,False
Q61410_509.0,0.0,0.0,0.0,,,0.0,0.0,True,False,0,0,False,False
Q61411_181.0,0.0,0.0,0.0,,,0.0,0.0,True,False,0,0,False,False
Q61411_184.0,0.0,0.0,0.0,,,0.0,0.0,True,False,0,0,False,False
Q61423_105.0,0.0,0.0,0.0,,,0.0,0.0,True,False,0,0,False,False
Q61423_175.0,0.0,0.0,0.0,,,0.0,0.0,True,False,0,0,False,False
Q61423_644.0,0.0,0.0,0.0,,,0.0,0.0,True,False,0,0,False,False
Q61425_201.0,0.0,0.0,0.0,,,0.0,0.0,True,False,0,0,False,False
Q61464_1278.0,41.732055028279625,16.666666666666668,-1.3241903713413852,0.36011906945179195,,-25.065388361612957,25.065388361612957,False,True,partial,partial,False,False
Q61464_1648.0,0.0,0.0,0.0,,,0.0,0.0,True,False,0,0,False,False
Q61464_452.0,0.0,0.0,0.0,,,0.0,0.0,True,False,0,0,False,False
Q61464_711.0,0.0,0.0,0.0,,,0.0,0.0,True,False,0,0,False,False
Q61466_460.0,0.0,0.0,0.0,,,0.0,0.0,True,False,0,0,False,False
Q61474_167.0,0.0,0.0,0.0,,,0.0,0.0,True,False,0,0,False,False
Q61481_406.0,0.0,0.0,0.0,,,0.0,0.0,True,False,0,0,False,False
Q61481_482.0,0.0,0.0,0.0,,,0.0,0.0,True,False,0,0,False,False
Q61490_113.0,6.065911769866943,10.214995702107748,0.7518921780862522,0.5089770389536298,,4.149083932240805,4.149083932240805,False,True,partial,partial,False,False
Q61490_157.0,6.4001115163167315,2.4196672439575195,-1.4032883829638423,0.2682043889924033,,-3.980444272359212,3.980444272359212,False,True,partial,partial,False,False
Q61490_220.0,49.67932891845703,33.333333333333336,-0.5756800912025618,0.5712094102135781,,-16.345995585123696,16.345995585123696,False,True,partial,partial,False,False
Q61490_354.0,20.824269612630207,7.980477372805278,-1.3837189428324723,2.6660345025755097e-05,,-12.843792239824928,12.843792239824928,False,True,partial,partial,False,False
Q61490_392.0,17.960433959960938,5.2984663645426435,-1.7611754700365487,0.22347502417794163,,-12.661967595418293,12.661967595418293,False,True,partial,partial,False,False
Q61490_435.0,5.3010804653167725,1.5786641041437786,-1.7475822004293409,0.027246853961227994,,-3.7224163611729937,3.7224163611729937,False,True,partial,partial,False,False
Q61503_355.0,12.266185283660889,10.810043017069498,-0.18231438440429656,0.3491887637080612,,-1.4561422665913906,1.4561422665913906,False,True,partial,partial,False,False
Q61503_478.0,0.0,0.0,0.0,,,0.0,0.0,True,False,0,0,False,False
Q61508_492.0,0.0,0.0,0.0,,,0.0,0.0,True,False,0,0,False,False
Q61543_1067.0,0.0,0.0,0.0,,,0.0,0.0,True,False,0,0,False,False
Q61543_1075.0,0.0,0.0,0.0,,,0.0,0.0,True,False,0,0,False,False
Q61543_1088.0,5.649857521057129,5.889087359110515,0.05982958881747107,0.9641095730302076,,0.2392298380533857,0.2392298380533857,False,True,partial,partial,False,False
Q61543_114.0,37.917158126831055,25.470956802368164,-0.5739976842854637,2.608319529791846e-05,,-12.44620132446289,12.44620132446289,False,True,partial,partial,False,False
Q61543_151.0,0.0,0.0,0.0,,,0.0,0.0,True,False,0,0,False,False
Q61543_186.0,1.915968894958496,4.0728739102681475,1.0879730114306996,0.5459679552015262,,2.1569050153096514,2.1569050153096514,False,True,partial,partial,False,False
Q61543_199.0,0.0,0.0,0.0,,,0.0,0.0,True,False,0,0,False,False
Q61543_231.0,0.0,0.0,0.0,,,0.0,0.0,True,False,0,0,False,False
Q61543_265.0,25.24476909637451,21.42078399658203,-0.23697319827895608,0.3018128015238562,,-3.8239850997924805,3.8239850997924805,False,True,partial,partial,False,False
Q61543_312.0,0.0,0.0,0.0,,,0.0,0.0,True,False,0,0,False,False
Q61543_320.0,14.427457014719645,5.133406321207683,-1.4908286695643922,0.036239868094735984,,-9.294050693511963,9.294050693511963,False,True,partial,partial,False,False
Q61543_415.0,13.652875582377115,7.753970543543498,-0.8161976853716214,0.021391342005826906,,-5.898905038833617,5.898905038833617,False,True,partial,partial,False,False
Q61543_460.0,0.0,0.0,0.0,,,0.0,0.0,True,False,0,0,False,False
Q61543_476.0,0.0,0.0,0.0,,,0.0,0.0,True,False,0,0,False,False
Q61543_503.0,0.0,0.0,0.0,,,0.0,0.0,True,False,0,0,False,False
Q61543_511.0,0.0,0.0,0.0,,,0.0,0.0,True,False,0,0,False,False
Q61543_524.0,14.701126416524252,12.90311336517334,-0.18820748765473966,0.25398292700924313,,-1.798013051350912,1.798013051350912,False,True,partial,partial,False,False
Q61543_538.0,0.0,0.0,0.0,,,0.0,0.0,True,False,0,0,False,False
Q61543_655.0,9.67294454574585,7.085441033045451,-0.44909747155944013,0.44399044560590495,,-2.5875035127003985,2.5875035127003985,False,True,partial,partial,False,False
Q61543_888.0,0.0,0.0,0.0,,,0.0,0.0,True,False,0,0,False,False
Q61543_899.0,0.0,0.0,0.0,,,0.0,0.0,True,False,0,0,False,False
Q61543_946.0,0.0,0.0,0.0,,,0.0,0.0,True,False,0,0,False,False
Q61543_966.0,8.591375589370728,4.692002058029175,-0.8726854975210685,0.14408242141778424,,-3.8993735313415527,3.8993735313415527,False,True,partial,partial,False,False
Q61543_980.0,17.615658283233643,11.262727419535318,-0.6453021506110095,0.04396723556161534,,-6.352930863698324,6.352930863698324,False,True,partial,partial,False,False
Q61545_523.0,0.0,0.0,0.0,,,0.0,0.0,True,False,0,0,False,False
Q61545_539.0,0.0,0.0,0.0,,,0.0,0.0,True,False,0,0,False,False
Q61548_210.0,0.0,0.0,0.0,,,0.0,0.0,True,False,0,0,False,False
Q61550_589.0,0.0,0.0,0.0,,,0.0,0.0,True,False,0,0,False,False
Q61550_78.0,0.0,0.0,0.0,,,0.0,0.0,True,False,0,0,False,False
Q61553_121.0,3.070793787638346,2.3484460512797036,-0.3869051821768188,0.02780835915943501,,-0.7223477363586426,0.7223477363586426,False,True,partial,partial,False,False
Q61553_260.0,0.0,0.0,0.0,,,0.0,0.0,True,False,0,0,False,False
Q61553_334.0,0.0,0.0,0.0,,,0.0,0.0,True,False,0,0,False,False
Q61553_397.0,0.0,0.0,0.0,,,0.0,0.0,True,False,0,0,False,False
Q61553_481.0,0.0,0.0,0.0,,,0.0,0.0,True,False,0,0,False,False
Q61553_61.0,0.0,0.0,0.0,,,0.0,0.0,True,False,0,0,False,False
Q61553_80.0,2.155780096848806,1.5034581820170085,-0.5199252807370826,0.06795444362445288,,-0.6523219148317974,0.6523219148317974,False,True,partial,partial,False,False
Q61553_89.0,0.0,0.0,0.0,,,0.0,0.0,True,False,0,0,False,False
Q61559_182.0,0.0,0.0,0.0,,,0.0,0.0,True,False,0,0,False,False
Q61578_356.0,0.0,0.0,0.0,,,0.0,0.0,True,False,0,0,False,False
Q61578_398.0,0.0,0.0,0.0,,,0.0,0.0,True,False,0,0,False,False
Q61578_44.0,0.0,0.0,0.0,,,0.0,0.0,True,False,0,0,False,False
Q61584_129.0,0.0,0.0,0.0,,,0.0,0.0,True,False,0,0,False,False
Q61584_77.0,0.0,0.0,0.0,,,0.0,0.0,True,False,0,0,False,False
Q61595_1081.0,0.0,0.0,0.0,,,0.0,0.0,True,False,0,0,False,False
Q61595_1112.0,0.0,0.0,0.0,,,0.0,0.0,True,False,0,0,False,False
Q61595_899.0,0.0,0.0,0.0,,,0.0,0.0,True,False,0,0,False,False
Q61595_955.0,0.0,0.0,0.0,,,0.0,0.0,True,False,0,0,False,False
Q61595_988.0,0.0,0.0,0.0,,,0.0,0.0,True,False,0,0,False,False
Q61598_202.0,0.0,0.0,0.0,,,0.0,0.0,True,False,0,0,False,False
Q61598_282.0,0.0,0.0,0.0,,,0.0,0.0,True,False,0,0,False,False
Q61598_302.0,0.0,0.0,0.0,,,0.0,0.0,True,False,0,0,False,False
Q61598_317.0,0.0,0.0,0.0,,,0.0,0.0,True,False,0,0,False,False
Q61598_335.0,0.0,0.0,0.0,,,0.0,0.0,True,False,0,0,False,False
Q61598_414.0,0.0,0.0,0.0,,,0.0,0.0,True,False,0,0,False,False
Q61599_75.0,0.0,0.0,0.0,,,0.0,0.0,True,False,0,0,False,False
Q61609_307.0,0.0,0.0,0.0,,,0.0,0.0,True,False,0,0,False,False
Q61609_406.0,0.0,0.0,0.0,,,0.0,0.0,True,False,0,0,False,False
Q61616_385.0,0.0,0.0,0.0,,,0.0,0.0,True,False,0,0,False,False
Q61625_131.0,0.0,0.0,0.0,,,0.0,0.0,True,False,0,0,False,False
Q61625_310.0,0.0,0.0,0.0,,,0.0,0.0,True,False,0,0,False,False
Q61625_811.0,6.709161758422852,5.536744435628255,-0.2770945958917338,0.8392846019854484,,-1.1724173227945967,1.1724173227945967,False,True,partial,partial,False,False
Q61626_110.0,0.0,0.0,0.0,,,0.0,0.0,True,False,0,0,False,False
Q61626_36.0,0.0,0.0,0.0,,,0.0,0.0,True,False,0,0,False,False
Q61626_447.0,0.0,0.0,0.0,,,0.0,0.0,True,False,0,0,False,False
Q61627_128.0,0.0,0.0,0.0,,,0.0,0.0,True,False,0,0,False,False
Q61627_721.0,0.0,0.0,0.0,,,0.0,0.0,True,False,0,0,False,False
Q61627_966.0,0.0,0.0,0.0,,,0.0,0.0,True,False,0,0,False,False
Q61644_161.0,0.0,0.0,0.0,,,0.0,0.0,True,False,0,0,False,False
Q61644_195.0,0.0,0.0,0.0,,,0.0,0.0,True,False,0,0,False,False
Q61644_231.0,0.0,0.0,0.0,,,0.0,0.0,True,False,0,0,False,False
Q61644_36.0,0.0,0.0,0.0,,,0.0,0.0,True,False,0,0,False,False
Q61644_42.0,0.0,0.0,0.0,,,0.0,0.0,True,False,0,0,False,False
Q61644_421.0,0.0,0.0,0.0,,,0.0,0.0,True,False,0,0,False,False
Q61655_313.0,0.0,0.0,0.0,,,0.0,0.0,True,False,0,0,False,False
Q61655_392.0,0.0,0.0,0.0,,,0.0,0.0,True,False,0,0,False,False
Q61656_170.0,1.9687456885973613,1.29545791943868,-0.6038146107391448,0.4414221241658308,,-0.6732877691586814,0.6732877691586814,False,True,partial,partial,False,False
Q61656_191.0,0.0,0.0,0.0,,,0.0,0.0,True,False,0,0,False,False
Q61656_200.0,5.116812626520793,0.46585198243459064,-3.457301863365419,0.021067830180133224,,-4.650960644086203,4.650960644086203,False,True,partial,partial,False,False
Q61656_221.0,0.0,0.0,0.0,,,0.0,0.0,True,False,0,0,False,False
Q61656_234.0,0.0,0.0,0.0,,,0.0,0.0,True,False,0,0,False,False
Q61656_354.0,0.0,0.0,0.0,,,0.0,0.0,True,False,0,0,False,False
Q61686_133.0,0.0,0.0,0.0,,,0.0,0.0,True,False,0,0,False,False
Q61686_160.0,0.0,0.0,0.0,,,0.0,0.0,True,False,0,0,False,False
Q61686_59.0,0.0,0.0,0.0,,,0.0,0.0,True,False,0,0,False,False
Q61687_1703.0,0.0,0.0,0.0,,,0.0,0.0,True,False,0,0,False,False
Q61687_2387.0,0.0,0.0,0.0,,,0.0,0.0,True,False,0,0,False,False
Q61687_48.0,0.0,0.0,0.0,,,0.0,0.0,True,False,0,0,False,False
Q61687_597.0,0.0,0.0,0.0,,,0.0,0.0,True,False,0,0,False,False
Q61687_870.0,0.0,0.0,0.0,,,0.0,0.0,True,False,0,0,False,False
Q61696_603.0,0.0,0.0,0.0,,,0.0,0.0,True,False,0,0,False,False
Q61699_140.0,0.0,0.0,0.0,,,0.0,0.0,True,False,0,0,False,False
Q61699_167.0,1.4895084698994954,0.8582401176293691,-0.7953830813975216,0.025172611864479204,,-0.6312683522701262,0.6312683522701262,False,True,partial,partial,False,False
Q61699_245.0,0.0,0.0,0.0,,,0.0,0.0,True,False,0,0,False,False
Q61699_270.0,0.0,0.0,0.0,,,0.0,0.0,True,False,0,0,False,False
Q61699_290.0,0.0,0.0,0.0,,,0.0,0.0,True,False,0,0,False,False
Q61699_310.0,0.0,0.0,0.0,,,0.0,0.0,True,False,0,0,False,False
Q61699_34.0,0.0,0.0,0.0,,,0.0,0.0,True,False,0,0,False,False
Q61699_517.0,0.0,0.0,0.0,,,0.0,0.0,True,False,0,0,False,False
Q61699_642.0,0.0,0.0,0.0,,,0.0,0.0,True,False,0,0,False,False
Q61699_651.0,0.0,0.0,0.0,,,0.0,0.0,True,False,0,0,False,False
Q61699_659.0,0.0,0.0,0.0,,,0.0,0.0,True,False,0,0,False,False
Q61699_797.0,0.0,0.0,0.0,,,0.0,0.0,True,False,0,0,False,False
Q61699_845.0,0.0,0.0,0.0,,,0.0,0.0,True,False,0,0,False,False
Q61701_274.0,0.0,0.0,0.0,,,0.0,0.0,True,False,0,0,False,False
Q61701_36.0,0.0,0.0,0.0,,,0.0,0.0,True,False,0,0,False,False
Q61701_80.0,0.0,0.0,0.0,,,0.0,0.0,True,False,0,0,False,False
Q61730_160.0,0.0,0.0,0.0,,,0.0,0.0,True,False,0,0,False,False
Q61730_24.0,0.0,0.0,0.0,,,0.0,0.0,True,False,0,0,False,False
Q61733_345.0,0.0,0.0,0.0,,,0.0,0.0,True,False,0,0,False,False
Q61738_539.0,0.0,0.0,0.0,,,0.0,0.0,True,False,0,0,False,False
Q61739_175.0,0.0,0.0,0.0,,,0.0,0.0,True,False,0,0,False,False
Q61739_188.0,0.0,0.0,0.0,,,0.0,0.0,True,False,0,0,False,False
Q61739_86.0,0.0,0.0,0.0,,,0.0,0.0,True,False,0,0,False,False
Q61739_881.0,0.0,0.0,0.0,,,0.0,0.0,True,False,0,0,False,False
Q61749_130.0,0.0,0.0,0.0,,,0.0,0.0,True,False,0,0,False,False
Q61749_438.0,0.0,0.0,0.0,,,0.0,0.0,True,False,0,0,False,False
Q61753_18.0,0.0,0.0,0.0,,,0.0,0.0,True,False,0,0,False,False
Q61753_19.0,0.0,0.0,0.0,,,0.0,0.0,True,False,0,0,False,False
Q61753_254.0,1.2985669771830242,1.222071369489034,-0.08759188522983029,0.8971107355849093,,-0.07649560769399022,0.07649560769399022,False,True,partial,partial,False,False
Q61753_281.0,17.755074342091877,19.10862096150716,0.10599226401646915,0.778342684818363,,1.3535466194152832,1.3535466194152832,False,True,partial,partial,False,False
Q61753_295.0,0.0,0.0,0.0,,,0.0,0.0,True,False,0,0,False,False
Q61753_369.0,1.437113920847575,0.5311076243718466,-1.436098282428228,0.25917294432218896,,-0.9060062964757284,0.9060062964757284,False,True,partial,partial,False,False
Q61753_48.0,0.0,0.0,0.0,,,0.0,0.0,True,False,0,0,False,False
Q61768_174.0,0.0,0.0,0.0,,,0.0,0.0,True,False,0,0,False,False
Q61768_632.0,0.0,0.0,0.0,,,0.0,0.0,True,False,0,0,False,False
Q61768_65.0,0.0,0.0,0.0,,,0.0,0.0,True,False,0,0,False,False
Q61772_234.0,0.0,0.0,0.0,,,0.0,0.0,True,False,0,0,False,False
Q61772_293.0,0.0,0.0,0.0,,,0.0,0.0,True,False,0,0,False,False
Q61772_632.0,0.0,0.0,0.0,,,0.0,0.0,True,False,0,0,False,False
Q61792_29.0,0.0,0.0,0.0,,,0.0,0.0,True,False,0,0,False,False
Q61792_53.0,0.0,0.0,0.0,,,0.0,0.0,True,False,0,0,False,False
Q61809_58.0,0.0,0.0,0.0,,,0.0,0.0,True,False,0,0,False,False
Q61823_227.0,0.0,0.0,0.0,,,0.0,0.0,True,False,0,0,False,False
Q61823_275.0,0.0,0.0,0.0,,,0.0,0.0,True,False,0,0,False,False
Q61823_288.0,0.0,0.0,0.0,,,0.0,0.0,True,False,0,0,False,False
Q61823_350.0,0.0,0.0,0.0,,,0.0,0.0,True,False,0,0,False,False
Q61830_209.0,0.0,0.0,0.0,,,0.0,0.0,True,False,0,0,False,False
Q61830_617.0,0.0,0.0,0.0,,,0.0,0.0,True,False,0,0,False,False
Q61831_79.0,0.0,0.0,0.0,,,0.0,0.0,True,False,0,0,False,False
Q61838_1092.0,29.924646377563477,29.285847981770832,-0.031130530019957938,0.9700282181963129,,-0.6387983957926444,0.6387983957926444,False,True,partial,partial,False,False
Q61838_1140.0,0.0,0.0,0.0,,,0.0,0.0,True,False,0,0,False,False
Q61838_1339.0,0.0,0.0,0.0,,,0.0,0.0,True,False,0,0,False,False
Q61838_249.0,0.0,0.0,0.0,,,0.0,0.0,True,False,0,0,False,False
Q61838_340.0,0.0,0.0,0.0,,,0.0,0.0,True,False,0,0,False,False
Q61838_594.0,0.0,0.0,0.0,,,0.0,0.0,True,False,0,0,False,False
Q61838_642.0,6.569365819295247,11.09606671333313,0.7562223564001341,0.22952571497955063,,4.526700894037883,4.526700894037883,False,True,partial,partial,False,False
Q61851_585.0,0.0,0.0,0.0,,,0.0,0.0,True,False,0,0,False,False
Q61851_591.0,0.0,0.0,0.0,,,0.0,0.0,True,False,0,0,False,False
Q61879_1011.0,0.0,0.0,0.0,,,0.0,0.0,True,False,0,0,False,False
Q61879_1238.0,0.0,0.0,0.0,,,0.0,0.0,True,False,0,0,False,False
Q61879_164.0,0.0,0.0,0.0,,,0.0,0.0,True,False,0,0,False,False
Q61879_176.0,0.0,0.0,0.0,,,0.0,0.0,True,False,0,0,False,False
Q61879_382.0,0.0,0.0,0.0,,,0.0,0.0,True,False,0,0,False,False
Q61879_576.0,0.0,0.0,0.0,,,0.0,0.0,True,False,0,0,False,False
Q61879_701.0,0.0,0.0,0.0,,,0.0,0.0,True,False,0,0,False,False
Q61879_823.0,0.0,0.0,0.0,,,0.0,0.0,True,False,0,0,False,False
Q61879_95.0,0.0,0.0,0.0,,,0.0,0.0,True,False,0,0,False,False
Q61885_126.0,21.568890889485676,11.930485089619955,-0.8542992886872199,6.370035235589942e-08,,-9.63840579986572,9.63840579986572,False,True,partial,partial,False,False
Q61885_52.0,21.696473439534504,14.256657600402832,-0.6058247759589964,9.206440068846457e-09,,-7.439815839131672,7.439815839131672,False,True,partial,partial,False,False
Q61908_12.0,0.0,0.0,0.0,,,0.0,0.0,True,False,0,0,False,False
Q61908_50.0,20.041945775349934,8.038707733154297,-1.3179870755642875,0.022827885920950777,,-12.003238042195637,12.003238042195637,False,True,partial,partial,False,False
Q61923_140.0,0.0,16.666666666666668,33.95624654312639,0.36321746764912255,,16.666666666666668,16.666666666666668,False,True,0,partial,False,False
Q61923_482.0,0.0,0.0,0.0,,,0.0,0.0,True,False,0,0,False,False
Q61937_21.0,0.0,0.0,0.0,,,0.0,0.0,True,False,0,0,False,False
Q61990_109.0,4.102669835090637,3.6224559942881265,-0.17959489309068344,0.7195217575006978,,-0.4802138408025107,0.4802138408025107,False,True,partial,partial,False,False
Q61990_158.0,1.3167017896970112,1.7971709569295247,0.4487990153020012,0.31770530073709885,,0.4804691672325134,0.4804691672325134,False,True,partial,partial,False,False
Q61990_163.0,0.0,0.0,0.0,,,0.0,0.0,True,False,0,0,False,False
Q61990_54.0,2.215945025285085,1.558205286661784,-0.5080367755497583,0.05160267928480819,,-0.6577397386233013,0.6577397386233013,False,True,partial,partial,False,False
Q62018_817.0,0.0,0.0,0.0,,,0.0,0.0,True,False,0,0,False,False
Q62036_967.0,0.0,0.0,0.0,,,0.0,0.0,True,False,0,0,False,False
Q62048_27.0,0.0,0.0,0.0,,,0.0,0.0,True,False,0,0,False,False
Q62059_217.0,18.68540032704671,15.225143273671469,-0.29545566874585943,0.5111121412977596,,-3.4602570533752424,3.4602570533752424,False,True,partial,partial,False,False
Q62059_243.0,100.0,100.0,0.0,,,0.0,0.0,True,False,100,100,False,False
Q62059_270.0,40.55216153462728,28.782236735026043,-0.4946001041927128,4.398286958727318e-07,,-11.769924799601238,11.769924799601238,False,True,partial,partial,False,False
Q62059_3104.0,0.0,0.0,0.0,,,0.0,0.0,True,False,0,0,False,False
Q62059_3142.0,0.0,0.0,0.0,,,0.0,0.0,True,False,0,0,False,False
Q62059_315.0,13.184516270955404,4.001102129618327,-1.7203752810362516,0.09998642355731861,,-9.183414141337078,9.183414141337078,False,True,partial,partial,False,False
Q62059_3258.0,5.002374331156413,9.009840806325277,0.8488885959161816,0.34509243213242347,,4.007466475168864,4.007466475168864,False,True,partial,partial,False,False
Q62059_3314.0,2.5298682848612466,3.2976320584615073,0.38236816096087095,0.8210671270047425,,0.7677637736002607,0.7677637736002607,False,True,partial,partial,False,False
Q62059_345.0,14.767859299977621,9.165019432703653,-0.6882508680539248,4.616843705430603e-05,,-5.602839867273968,5.602839867273968,False,True,partial,partial,False,False
Q62074_108.0,0.0,0.0,0.0,,,0.0,0.0,True,False,0,0,False,False
Q62074_399.0,0.0,0.0,0.0,,,0.0,0.0,True,False,0,0,False,False
Q62074_413.0,0.0,0.0,0.0,,,0.0,0.0,True,False,0,0,False,False
Q62074_506.0,0.0,0.0,0.0,,,0.0,0.0,True,False,0,0,False,False
Q62074_58.0,0.0,0.0,0.0,,,0.0,0.0,True,False,0,0,False,False
Q62077_881.0,0.0,0.0,0.0,,,0.0,0.0,True,False,0,0,False,False
Q62083_145.0,0.0,0.0,0.0,,,0.0,0.0,True,False,0,0,False,False
Q62083_264.0,0.0,0.0,0.0,,,0.0,0.0,True,False,0,0,False,False
Q62083_401.0,0.0,0.0,0.0,,,0.0,0.0,True,False,0,0,False,False
Q62083_414.0,0.0,0.0,0.0,,,0.0,0.0,True,False,0,0,False,False
Q62084_120.0,0.0,0.0,0.0,,,0.0,0.0,True,False,0,0,False,False
Q62086_283.0,0.0,0.0,0.0,,,0.0,0.0,True,False,0,0,False,False
Q62086_42.0,20.385703404744465,11.889444828033447,-0.7778763868493105,0.02796313327763877,,-8.496258576711018,8.496258576711018,False,True,partial,partial,False,False
Q62092_112.0,0.0,0.0,0.0,,,0.0,0.0,True,False,0,0,False,False
Q62095_222.0,0.0,0.0,0.0,,,0.0,0.0,True,False,0,0,False,False
Q62095_297.0,0.0,0.0,0.0,,,0.0,0.0,True,False,0,0,False,False
Q62095_316.0,0.0,0.0,0.0,,,0.0,0.0,True,False,0,0,False,False
Q62095_340.0,0.0,0.0,0.0,,,0.0,0.0,True,False,0,0,False,False
Q62095_467.0,0.0,0.0,0.0,,,0.0,0.0,True,False,0,0,False,False
Q62095_63.0,0.0,0.0,0.0,,,0.0,0.0,True,False,0,0,False,False
Q62108_626.0,0.0,0.0,0.0,,,0.0,0.0,True,False,0,0,False,False
Q62141_490.0,0.0,0.0,0.0,,,0.0,0.0,True,False,0,0,False,False
Q62159_159.0,0.0,0.0,0.0,,,0.0,0.0,True,False,0,0,False,False
Q62167_298.0,0.0,0.0,0.0,,,0.0,0.0,True,False,0,0,False,False
Q62172_216.0,0.0,0.0,0.0,,,0.0,0.0,True,False,0,0,False,False
Q62172_411.0,0.0,0.0,0.0,,,0.0,0.0,True,False,0,0,False,False
Q62172_451.0,0.0,0.0,0.0,,,0.0,0.0,True,False,0,0,False,False
Q62172_622.0,0.0,0.0,0.0,,,0.0,0.0,True,False,0,0,False,False
Q62178_379.0,0.0,0.0,0.0,,,0.0,0.0,True,False,0,0,False,False
Q62178_514.0,0.0,0.0,0.0,,,0.0,0.0,True,False,0,0,False,False
Q62178_546.0,0.0,0.0,0.0,,,0.0,0.0,True,False,0,0,False,False
Q62178_718.0,0.0,0.0,0.0,,,0.0,0.0,True,False,0,0,False,False
Q62179_807.0,0.0,0.0,0.0,,,0.0,0.0,True,False,0,0,False,False
Q62188_132.0,0.0,0.0,0.0,,,0.0,0.0,True,False,0,0,False,False
Q62188_248.0,5.5933646361033125,2.7976564168930054,-0.9994975891273279,0.024793704853278562,,-2.795708219210307,2.795708219210307,False,True,partial,partial,False,False
Q62188_448.0,3.070726156234741,1.4431287050247192,-1.089379887749344,0.18653832052921518,,-1.627597451210022,1.627597451210022,False,True,partial,partial,False,False
Q62188_471.0,0.3707741896311442,0.8539379239082336,1.2035903778720058,0.5091519755828504,,0.4831637342770894,0.4831637342770894,False,True,partial,partial,False,False
Q62193_219.0,0.0,0.0,0.0,,,0.0,0.0,True,False,0,0,False,False
Q62193_250.0,0.0,0.0,0.0,,,0.0,0.0,True,False,0,0,False,False
Q62203_56.0,0.0,0.0,0.0,,,0.0,0.0,True,False,0,0,False,False
Q62203_59.0,0.0,0.0,0.0,,,0.0,0.0,True,False,0,0,False,False
Q62241_6.0,0.0,0.0,0.0,,,0.0,0.0,True,False,0,0,False,False
Q62245_405.0,0.0,0.0,0.0,,,0.0,0.0,True,False,0,0,False,False
Q62261_112.0,0.0,0.0,0.0,,,0.0,0.0,True,False,0,0,False,False
Q62261_1284.0,0.0,0.0,0.0,,,0.0,0.0,True,False,0,0,False,False
Q62261_1389.0,0.5878366827964783,0.29412925740083057,-0.9989650898831178,0.18554477314973525,,-0.2937074253956477,0.2937074253956477,False,True,partial,partial,False,False
Q62261_183.0,1.7384185791015625,2.2481109301249185,0.3709377267346173,0.5459653513506644,,0.509692351023356,0.509692351023356,False,True,partial,partial,False,False
Q62261_1900.0,0.0,0.0,0.0,,,0.0,0.0,True,False,0,0,False,False
Q62261_1970.0,0.0,0.0,0.0,,,0.0,0.0,True,False,0,0,False,False
Q62261_2226.0,0.0,0.0,0.0,,,0.0,0.0,True,False,0,0,False,False
Q62261_2261.0,0.5611238876978556,0.0,-29.063744092994575,0.36321746764912255,,-0.5611238876978556,0.5611238876978556,False,True,partial,0,False,False
Q62261_604.0,6.637605587641398,4.845500230789185,-0.4540172940646039,0.26760613933676985,,-1.7921053568522138,1.7921053568522138,False,True,partial,partial,False,False
Q62261_619.0,0.0,0.0,0.0,,,0.0,0.0,True,False,0,0,False,False
Q62261_861.0,5.962776819864909,16.60257403055827,1.4773506869641084,0.21316375242393945,,10.63979721069336,10.63979721069336,False,True,partial,partial,False,False
Q62261_964.0,0.0,0.0,0.0,,,0.0,0.0,True,False,0,0,False,False
Q62264_12.0,0.0,0.0,0.0,,,0.0,0.0,True,False,0,0,False,False
Q62264_67.0,0.0,0.0,0.0,,,0.0,0.0,True,False,0,0,False,False
Q62277_191.0,1.1316056003173192,0.7838372985521952,-0.5297450915046445,0.15074859114537004,,-0.34776830176512397,0.34776830176512397,False,True,partial,partial,False,False
Q62277_57.0,47.23370043436686,35.827292124430336,-0.39875755829199,0.17992498684589037,,-11.406408309936523,11.406408309936523,False,True,partial,partial,False,False
Q62277_87.0,24.22380542755127,15.55883010228475,-0.6386919368683402,4.570041475491777e-06,,-8.66497532526652,8.66497532526652,False,True,partial,partial,False,False
Q62283_14.0,0.0,0.0,0.0,,,0.0,0.0,True,False,0,0,False,False
Q62288_169.0,0.0,0.0,0.0,,,0.0,0.0,True,False,0,0,False,False
Q62288_248.0,0.0,0.0,0.0,,,0.0,0.0,True,False,0,0,False,False
Q62318_210.0,0.0,0.0,0.0,,,0.0,0.0,True,False,0,0,False,False
Q62318_222.0,0.0,0.0,0.0,,,0.0,0.0,True,False,0,0,False,False
Q62318_233.0,0.0,0.0,0.0,,,0.0,0.0,True,False,0,0,False,False
Q62348_225.0,0.0,0.0,0.0,,,0.0,0.0,True,False,0,0,False,False
Q62351_355.0,0.0,0.0,0.0,,,0.0,0.0,True,False,0,0,False,False
Q62351_365.0,0.0,0.0,0.0,,,0.0,0.0,True,False,0,0,False,False
Q62383_1021.0,0.0,0.0,0.0,,,0.0,0.0,True,False,0,0,False,False
Q62383_527.0,0.0,0.0,0.0,,,0.0,0.0,True,False,0,0,False,False
Q62407_930.0,0.0,0.0,0.0,,,0.0,0.0,True,False,0,0,False,False
Q62417_378.0,0.0,0.0,0.0,,,0.0,0.0,True,False,0,0,False,False
Q62417_507.0,0.0,0.0,0.0,,,0.0,0.0,True,False,0,0,False,False
Q62417_519.0,0.0,0.0,0.0,,,0.0,0.0,True,False,0,0,False,False
Q62418_127.0,0.0,0.0,0.0,,,0.0,0.0,True,False,0,0,False,False
Q62418_67.0,0.0,0.0,0.0,,,0.0,0.0,True,False,0,0,False,False
Q62418_97.0,0.0,0.0,0.0,,,0.0,0.0,True,False,0,0,False,False
Q62419_147.0,0.0,0.0,0.0,,,0.0,0.0,True,False,0,0,False,False
Q62419_277.0,70.54199473063152,43.39791361490885,-0.700856685952952,0.10865796964465803,,-27.144081115722663,27.144081115722663,False,True,partial,partial,False,False
Q62419_311.0,0.0,0.0,0.0,,,0.0,0.0,True,False,0,0,False,False
Q62419_96.0,0.0,0.0,0.0,,,0.0,0.0,True,False,0,0,False,False
Q62420_108.0,0.0,0.0,0.0,,,0.0,0.0,True,False,0,0,False,False
Q62421_96.0,0.0,0.0,0.0,,,0.0,0.0,True,False,0,0,False,False
Q62422_185.0,0.0,0.0,0.0,,,0.0,0.0,True,False,0,0,False,False
Q62432_129.0,0.0,0.0,0.0,,,0.0,0.0,True,False,0,0,False,False
Q62432_161.0,0.0,0.0,0.0,,,0.0,0.0,True,False,0,0,False,False
Q62432_312.0,0.0,0.0,0.0,,,0.0,0.0,True,False,0,0,False,False
Q62432_374.0,0.0,0.0,0.0,,,0.0,0.0,True,False,0,0,False,False
Q62432_70.0,0.0,0.0,0.0,,,0.0,0.0,True,False,0,0,False,False
Q62433_289.0,1.802626132965088,2.2184282143910727,0.29943765898330843,0.6382913923488672,,0.41580208142598485,0.41580208142598485,False,True,partial,partial,False,False
Q62441_32.0,0.0,0.0,0.0,,,0.0,0.0,True,False,0,0,False,False
Q62441_529.0,0.0,0.0,0.0,,,0.0,0.0,True,False,0,0,False,False
Q62443_32.0,0.0,0.0,0.0,,,0.0,0.0,True,False,0,0,False,False
Q62443_397.0,18.66333532333374,13.016626675923666,-0.5198512178378669,0.003181701267359103,,-5.646708647410074,5.646708647410074,False,True,partial,partial,False,False
Q62443_428.0,16.711830457051594,10.177342176437378,-0.7155089119912051,7.127270627136675e-05,,-6.534488280614216,6.534488280614216,False,True,partial,partial,False,False
Q62443_89.0,12.118392944335938,10.581393559773764,-0.19566874988254165,0.8367028283450808,,-1.5369993845621739,1.5369993845621739,False,True,partial,partial,False,False
Q62448_282.0,0.0,0.0,0.0,,,0.0,0.0,True,False,0,0,False,False
Q62448_97.0,0.0,0.0,0.0,,,0.0,0.0,True,False,0,0,False,False
Q62465_337.0,0.0,0.0,0.0,,,0.0,0.0,True,False,0,0,False,False
Q62465_63.0,0.0,0.0,0.0,,,0.0,0.0,True,False,0,0,False,False
Q62465_99.0,1.5212054252624512,1.6043800910313923,0.07680097937841805,0.9294661644841904,,0.08317466576894117,0.08317466576894117,False,True,partial,partial,False,False
Q62470_94.0,0.0,0.0,0.0,,,0.0,0.0,True,False,0,0,False,False
Q62523_376.0,0.0,0.0,0.0,,,0.0,0.0,True,False,0,0,False,False
Q62523_436.0,0.0,0.0,0.0,,,0.0,0.0,True,False,0,0,False,False
Q62523_496.0,0.0,0.0,0.0,,,0.0,0.0,True,False,0,0,False,False
Q63739_49.0,0.0,0.0,0.0,,,0.0,0.0,True,False,0,0,False,False
Q63810_154.0,4.6946949164072675,5.686385790506999,0.2764805735911003,0.5086952175846259,,0.9916908740997314,0.9916908740997314,False,True,partial,partial,False,False
Q63829_101.0,0.0,0.0,0.0,,,0.0,0.0,True,False,0,0,False,False
Q63829_90.0,0.0,0.0,0.0,,,0.0,0.0,True,False,0,0,False,False
Q63844_179.0,0.0,0.0,0.0,,,0.0,0.0,True,False,0,0,False,False
Q63850_479.0,0.0,0.0,0.0,,,0.0,0.0,True,False,0,0,False,False
Q63912_254.0,25.771085103352863,20.201435724894207,-0.3512954542072062,0.009945011135036855,,-5.5696493784586565,5.5696493784586565,False,True,partial,partial,False,False
Q63912_41.0,10.982466061909994,2.939885457356771,-1.9013701892911643,0.023767429870691737,,-8.042580604553223,8.042580604553223,False,True,partial,partial,False,False
Q63932_211.0,0.0,0.0,0.0,,,0.0,0.0,True,False,0,0,False,False
Q63932_385.0,0.0,0.0,0.0,,,0.0,0.0,True,False,0,0,False,False
Q63959_247.0,7.839834849039714,0.0,-32.86817611756932,0.36321746764912255,,-7.839834849039714,7.839834849039714,False,True,partial,0,False,False
Q63959_708.0,0.0,0.0,0.0,,,0.0,0.0,True,False,0,0,False,False
Q63ZW7_1406.0,0.0,0.0,0.0,,,0.0,0.0,True,False,0,0,False,False
Q64010_279.0,0.0,0.0,0.0,,,0.0,0.0,True,False,0,0,False,False
Q64018_381.0,0.0,0.0,0.0,,,0.0,0.0,True,False,0,0,False,False
Q64096_486.0,0.0,0.0,0.0,,,0.0,0.0,True,False,0,0,False,False
Q64096_952.0,0.0,0.0,0.0,,,0.0,0.0,True,False,0,0,False,False
Q640R3_217.0,0.0,9.496819814046225,33.144797335306635,0.36321746764912255,,9.496819814046225,9.496819814046225,False,True,0,partial,False,False
Q64105_160.0,2.662782311439514,1.7123809854189556,-0.6369307686447782,0.30826929341580317,,-0.9504013260205586,0.9504013260205586,False,True,partial,partial,False,False
Q64105_172.0,0.0,0.0,0.0,,,0.0,0.0,True,False,0,0,False,False
Q64105_235.0,0.0,0.0,0.0,,,0.0,0.0,True,False,0,0,False,False
Q64133_266.0,0.0,0.0,0.0,,,0.0,0.0,True,False,0,0,False,False
Q641K1_558.0,0.0,0.0,0.0,,,0.0,0.0,True,False,0,0,False,False
Q641K5_191.0,0.0,0.0,0.0,,,0.0,0.0,True,False,0,0,False,False
Q641P0_189.0,0.0,0.0,0.0,,,0.0,0.0,True,False,0,0,False,False
Q641P0_232.0,0.0,0.0,0.0,,,0.0,0.0,True,False,0,0,False,False
Q641P0_34.0,0.0,0.0,0.0,,,0.0,0.0,True,False,0,0,False,False
Q641P0_408.0,0.0,0.0,0.0,,,0.0,0.0,True,False,0,0,False,False
Q64213_279.0,0.0,0.0,0.0,,,0.0,0.0,True,False,0,0,False,False
Q64213_282.0,0.0,0.0,0.0,,,0.0,0.0,True,False,0,0,False,False
Q64299_312.0,0.0,0.0,0.0,,,0.0,0.0,True,False,0,0,False,False
Q64310_32.0,0.0,0.0,0.0,,,0.0,0.0,True,False,0,0,False,False
Q64314_212.0,0.0,0.0,0.0,,,0.0,0.0,True,False,0,0,False,False
Q64322_267.0,0.0,0.0,0.0,,,0.0,0.0,True,False,0,0,False,False
Q64324_110.0,65.65990320841472,56.957358042399086,-0.20513039449510695,0.7482307734144598,,-8.702545166015632,8.702545166015632,False,True,partial,partial,False,False
Q64331_1007.0,0.0,0.0,0.0,,,0.0,0.0,True,False,0,0,False,False
Q64331_1233.0,0.0,0.0,0.0,,,0.0,0.0,True,False,0,0,False,False
Q64331_252.0,0.0,0.0,0.0,,,0.0,0.0,True,False,0,0,False,False
Q64331_362.0,0.0,0.0,0.0,,,0.0,0.0,True,False,0,0,False,False
Q64331_375.0,15.497042973836264,47.27811495463053,1.6091795564818352,0.04465013685587584,,31.781071980794266,31.781071980794266,False,True,partial,partial,False,False
Q64331_514.0,0.0,0.0,0.0,,,0.0,0.0,True,False,0,0,False,False
Q64331_610.0,0.0,0.0,0.0,,,0.0,0.0,True,False,0,0,False,False
Q64331_63.0,0.0,0.0,0.0,,,0.0,0.0,True,False,0,0,False,False
Q64331_799.0,0.0,0.0,0.0,,,0.0,0.0,True,False,0,0,False,False
Q64332_391.0,0.04161311934391657,0.053776372224092484,0.3699339881530364,0.82885655216478,,0.01216325288017591,0.01216325288017591,False,True,partial,partial,False,False
Q64336_402.0,0.0,0.0,0.0,,,0.0,0.0,True,False,0,0,False,False
Q64336_531.0,0.0,0.0,0.0,,,0.0,0.0,True,False,0,0,False,False
Q64336_564.0,0.0,0.0,0.0,,,0.0,0.0,True,False,0,0,False,False
Q64337_113.0,0.0,0.0,0.0,,,0.0,0.0,True,False,0,0,False,False
Q64337_128.0,0.0,0.0,0.0,,,0.0,0.0,True,False,0,0,False,False
Q64337_219.0,0.0,6.208323160807292,32.53155651006195,0.36321746764912255,,6.208323160807292,6.208323160807292,False,True,0,partial,False,False
Q64337_26.0,0.0,0.0,0.0,,,0.0,0.0,True,False,0,0,False,False
Q64339_144.0,0.0,0.0,0.0,,,0.0,0.0,True,False,0,0,False,False
Q64343_209.0,0.0,0.0,0.0,,,0.0,0.0,True,False,0,0,False,False
Q64345_283.0,0.0,0.0,0.0,,,0.0,0.0,True,False,0,0,False,False
Q64378_175.0,0.0,0.0,0.0,,,0.0,0.0,True,False,0,0,False,False
Q64378_215.0,0.0,0.0,0.0,,,0.0,0.0,True,False,0,0,False,False
Q64378_394.0,0.0,0.0,0.0,,,0.0,0.0,True,False,0,0,False,False
Q64442_106.0,0.0,0.0,0.0,,,0.0,0.0,True,False,0,0,False,False
Q64442_120.0,0.0,0.0,0.0,,,0.0,0.0,True,False,0,0,False,False
Q64442_140.0,0.0,0.0,0.0,,,0.0,0.0,True,False,0,0,False,False
Q64442_165.0,0.0,0.0,0.0,,,0.0,0.0,True,False,0,0,False,False
Q64442_301.0,0.0,0.0,0.0,,,0.0,0.0,True,False,0,0,False,False
Q64444_35.0,0.0,0.0,0.0,,,0.0,0.0,True,False,0,0,False,False
Q64467_351.0,1.6420950293540955,1.8355964422225952,0.1607112960734893,0.3781645128876505,,0.19350141286849976,0.19350141286849976,False,True,partial,partial,False,False
Q64471_14.0,0.0,0.0,0.0,,,0.0,0.0,True,False,0,0,False,False
Q64471_220.0,0.0,0.0,0.0,,,0.0,0.0,True,False,0,0,False,False
Q64487_147.0,0.0,0.0,0.0,,,0.0,0.0,True,False,0,0,False,False
Q64487_1562.0,0.0,0.0,0.0,,,0.0,0.0,True,False,0,0,False,False
Q64487_1668.0,0.0,0.0,0.0,,,0.0,0.0,True,False,0,0,False,False
Q64487_1687.0,0.0,0.0,0.0,,,0.0,0.0,True,False,0,0,False,False
Q64487_1896.0,0.0,0.0,0.0,,,0.0,0.0,True,False,0,0,False,False
Q64487_207.0,22.67565981547038,14.78959051767985,-0.6165624220082487,0.38929818329680743,,-7.886069297790529,7.886069297790529,False,True,partial,partial,False,False
Q64487_45.0,0.0,0.0,0.0,,,0.0,0.0,True,False,0,0,False,False
Q64511_179.0,0.0,0.0,0.0,,,0.0,0.0,True,False,0,0,False,False
Q64511_192.0,0.0,0.0,0.0,,,0.0,0.0,True,False,0,0,False,False
Q64511_225.0,0.0,0.0,0.0,,,0.0,0.0,True,False,0,0,False,False
Q64511_259.0,0.0,0.0,0.0,,,0.0,0.0,True,False,0,0,False,False
Q64514_1138.0,0.0,0.0,0.0,,,0.0,0.0,True,False,0,0,False,False
Q64514_1231.0,0.0,0.0,0.0,,,0.0,0.0,True,False,0,0,False,False
Q64514_150.0,0.0,0.0,0.0,,,0.0,0.0,True,False,0,0,False,False
Q64514_197.0,0.0,0.0,0.0,,,0.0,0.0,True,False,0,0,False,False
Q64514_209.0,0.0,0.0,0.0,,,0.0,0.0,True,False,0,0,False,False
Q64514_28.0,0.0,0.0,0.0,,,0.0,0.0,True,False,0,0,False,False
Q64514_322.0,0.0,0.0,0.0,,,0.0,0.0,True,False,0,0,False,False
Q64514_342.0,0.0,0.0,0.0,,,0.0,0.0,True,False,0,0,False,False
Q64514_614.0,7.6274464925130205,0.0,-32.828553008329465,0.36321746764912255,,-7.6274464925130205,7.6274464925130205,False,True,partial,0,False,False
Q64514_710.0,0.0,0.0,0.0,,,0.0,0.0,True,False,0,0,False,False
Q64514_733.0,0.0,0.0,0.0,,,0.0,0.0,True,False,0,0,False,False
Q64514_787.0,0.0,0.0,0.0,,,0.0,0.0,True,False,0,0,False,False
Q64514_967.0,0.0,0.0,0.0,,,0.0,0.0,True,False,0,0,False,False
Q64516_289.0,0.0,0.0,0.0,,,0.0,0.0,True,False,0,0,False,False
Q64516_387.0,0.0,0.0,0.0,,,0.0,0.0,True,False,0,0,False,False
Q64516_421.0,0.0,0.0,0.0,,,0.0,0.0,True,False,0,0,False,False
Q64516_67.0,0.0,0.0,0.0,,,0.0,0.0,True,False,0,0,False,False
Q64518_471.0,0.0,0.0,0.0,,,0.0,0.0,True,False,0,0,False,False
Q64518_498.0,0.0,0.0,0.0,,,0.0,0.0,True,False,0,0,False,False
Q64518_581.0,0.0,0.0,0.0,,,0.0,0.0,True,False,0,0,False,False
Q64520_98.0,0.0,0.0,0.0,,,0.0,0.0,True,False,0,0,False,False
Q64521_188.0,0.0,0.0,0.0,,,0.0,0.0,True,False,0,0,False,False
Q64521_270.0,0.0,0.0,0.0,,,0.0,0.0,True,False,0,0,False,False
Q64521_285.0,0.0,0.0,0.0,,,0.0,0.0,True,False,0,0,False,False
Q64521_546.0,1.2812928358713787,0.5952022870381674,-1.1061482608967892,0.4381919768382698,,-0.6860905488332113,0.6860905488332113,False,True,partial,partial,False,False
Q64521_669.0,0.0,0.0,0.0,,,0.0,0.0,True,False,0,0,False,False
Q64521_82.0,0.0,0.0,0.0,,,0.0,0.0,True,False,0,0,False,False
Q64669_180.0,8.400847752888998,8.441378911336264,0.006943762880490176,0.9973514836344354,,0.040531158447265625,0.040531158447265625,False,True,partial,partial,False,False
Q64674_123.0,41.28943634033203,45.37972450256348,0.13627512671884912,0.8574501605405688,,4.090288162231445,4.090288162231445,False,True,partial,partial,False,False
Q64674_204.0,0.0,0.0,0.0,,,0.0,0.0,True,False,0,0,False,False
Q64674_25.0,7.611128489176433,25.170671780904133,1.7255614403571016,0.047174129486936486,,17.5595432917277,17.5595432917277,False,True,partial,partial,False,False
Q64674_89.0,0.0,0.0,0.0,,,0.0,0.0,True,False,0,0,False,False
Q64676_114.0,0.0,0.0,0.0,,,0.0,0.0,True,False,0,0,False,False
Q64689_189.0,0.0,0.0,0.0,,,0.0,0.0,True,False,0,0,False,False
Q64707_205.0,0.0,0.0,0.0,,,0.0,0.0,True,False,0,0,False,False
Q64707_251.0,0.0,0.0,0.0,,,0.0,0.0,True,False,0,0,False,False
Q64727_313.0,0.0,0.0,0.0,,,0.0,0.0,True,False,0,0,False,False
Q64727_325.0,0.0,0.0,0.0,,,0.0,0.0,True,False,0,0,False,False
Q64727_422.0,0.0,0.0,0.0,,,0.0,0.0,True,False,0,0,False,False
Q64727_545.0,0.0,0.0,0.0,,,0.0,0.0,True,False,0,0,False,False
Q64727_85.0,0.0,0.0,0.0,,,0.0,0.0,True,False,0,0,False,False
Q64727_985.0,0.0,0.0,0.0,,,0.0,0.0,True,False,0,0,False,False
Q64735_309.0,0.0,0.0,0.0,,,0.0,0.0,True,False,0,0,False,False
Q64735_323.0,0.0,0.0,0.0,,,0.0,0.0,True,False,0,0,False,False
Q64735_336.0,11.317450364430746,7.286520004272461,-0.6352471170716757,0.07604427315494372,,-4.030930360158285,4.030930360158285,False,True,partial,partial,False,False
Q64737_134.0,0.0,0.0,0.0,,,0.0,0.0,True,False,0,0,False,False
Q64737_168.0,0.0,0.0,0.0,,,0.0,0.0,True,False,0,0,False,False
Q64737_237.0,0.0,0.0,0.0,,,0.0,0.0,True,False,0,0,False,False
Q64737_291.0,0.0,0.0,0.0,,,0.0,0.0,True,False,0,0,False,False
Q64737_298.0,0.0,0.0,0.0,,,0.0,0.0,True,False,0,0,False,False
Q64737_41.0,0.0,0.0,0.0,,,0.0,0.0,True,False,0,0,False,False
Q64737_466.0,0.0,0.0,0.0,,,0.0,0.0,True,False,0,0,False,False
Q64737_506.0,0.0,0.0,0.0,,,0.0,0.0,True,False,0,0,False,False
Q64737_62.0,0.0,0.0,0.0,,,0.0,0.0,True,False,0,0,False,False
Q64737_646.0,3.682400385538737,0.0,-31.777999353099297,0.18006122794987992,,-3.682400385538737,3.682400385538737,False,True,partial,0,False,False
Q64737_769.0,0.0,0.0,0.0,,,0.0,0.0,True,False,0,0,False,False
Q64737_93.0,0.0,0.0,0.0,,,0.0,0.0,True,False,0,0,False,False
Q65CL1_332.0,0.0,0.0,0.0,,,0.0,0.0,True,False,0,0,False,False
Q65Z40_119.0,0.0,0.0,0.0,,,0.0,0.0,True,False,0,0,False,False
Q66JS6_193.0,0.0,0.0,0.0,,,0.0,0.0,True,False,0,0,False,False
Q66JS6_212.0,0.0,0.0,0.0,,,0.0,0.0,True,False,0,0,False,False
Q66L42_328.0,0.0,0.0,0.0,,,0.0,0.0,True,False,0,0,False,False
Q66L42_523.0,0.0,0.0,0.0,,,0.0,0.0,True,False,0,0,False,False
Q66L42_640.0,100.0,100.0,0.0,,,0.0,0.0,True,False,100,100,False,False
Q66L44_180.0,1.8032371203104656,0.9223215579986572,-0.9672473942111119,0.6759385290470339,,-0.8809155623118083,0.8809155623118083,False,True,partial,partial,False,False
Q66T02_967.0,0.0,0.0,0.0,,,0.0,0.0,True,False,0,0,False,False
Q68ED2_249.0,10.50242535273234,3.8732531865437827,-1.4391048159450046,0.15069937680464013,,-6.629172166188557,6.629172166188557,False,True,partial,partial,False,False
Q68ED2_430.0,0.0,0.0,0.0,,,0.0,0.0,True,False,0,0,False,False
Q68ED2_437.0,17.310545762379963,9.304121653238932,-0.8957093446921568,0.0879043324724218,,-8.006424109141031,8.006424109141031,False,True,partial,partial,False,False
Q68ED2_67.0,0.0,0.0,0.0,,,0.0,0.0,True,False,0,0,False,False
Q68ED2_893.0,0.0,0.0,0.0,,,0.0,0.0,True,False,0,0,False,False
Q68ED7_131.0,0.0,0.0,0.0,,,0.0,0.0,True,False,0,0,False,False
Q68EF0_300.0,0.0,0.0,0.0,,,0.0,0.0,True,False,0,0,False,False
Q68EF0_341.0,0.0,0.0,0.0,,,0.0,0.0,True,False,0,0,False,False
Q68EF4_573.0,0.0,0.0,0.0,,,0.0,0.0,True,False,0,0,False,False
Q68EF4_890.0,0.0,0.0,0.0,,,0.0,0.0,True,False,0,0,False,False
Q68EF6_443.0,0.0,0.0,0.0,,,0.0,0.0,True,False,0,0,False,False
Q68EF6_499.0,0.0,0.0,0.0,,,0.0,0.0,True,False,0,0,False,False
Q68EF6_536.0,0.0,0.0,0.0,,,0.0,0.0,True,False,0,0,False,False
Q68EF8_555.0,0.0,0.0,0.0,,,0.0,0.0,True,False,0,0,False,False
Q68FD5_1102.0,0.3565416783094406,0.2947450429201126,-0.2746031811311509,0.49617336274594415,,-0.061796635389328,0.061796635389328,False,True,partial,partial,False,False
Q68FD5_1257.0,0.0,0.0,0.0,,,0.0,0.0,True,False,0,0,False,False
Q68FD5_1260.0,0.0,0.0,0.0,,,0.0,0.0,True,False,0,0,False,False
Q68FD5_151.0,0.0,0.0,0.0,,,0.0,0.0,True,False,0,0,False,False
Q68FD5_1528.0,0.0,0.0,0.0,,,0.0,0.0,True,False,0,0,False,False
Q68FD5_217.0,0.0,0.0,0.0,,,0.0,0.0,True,False,0,0,False,False
Q68FD5_292.0,0.0,0.0,0.0,,,0.0,0.0,True,False,0,0,False,False
Q68FD5_436.0,2.7308614253997803,1.921222984790802,-0.5073311340900466,0.0001519200634990927,,-0.8096384406089783,0.8096384406089783,False,True,partial,partial,False,False
Q68FD5_459.0,0.898961196343104,0.6622248788674673,-0.44093763078482845,0.012769227237956489,,-0.23673631747563673,0.23673631747563673,False,True,partial,partial,False,False
Q68FD5_491.0,2.3951872984568277,1.579070011774699,-0.6010633378009631,0.0014810929267870172,,-0.8161172866821287,0.8161172866821287,False,True,partial,partial,False,False
Q68FD5_617.0,3.393799662590027,1.7763816912968953,-0.9339597971043452,0.15764032554845372,,-1.6174179712931316,1.6174179712931316,False,True,partial,partial,False,False
Q68FD5_682.0,0.0,0.0,0.0,,,0.0,0.0,True,False,0,0,False,False
Q68FD5_736.0,0.0,0.0,0.0,,,0.0,0.0,True,False,0,0,False,False
Q68FD5_753.0,0.0,0.2438179850578308,27.861229314258534,0.36321746764912255,,0.2438179850578308,0.2438179850578308,False,True,0,partial,False,False
Q68FD5_778.0,0.0,0.0,0.0,,,0.0,0.0,True,False,0,0,False,False
Q68FD5_824.0,0.0,0.0,0.0,,,0.0,0.0,True,False,0,0,False,False
Q68FD5_870.0,0.738362987836202,1.0142074227333069,0.45795059629154644,0.6810333443136425,,0.27584443489710486,0.27584443489710486,False,True,partial,partial,False,False
Q68FD5_918.0,1.3810996015866597,0.8680160741011301,-0.6700237022773794,0.0049185621129342995,,-0.5130835274855295,0.5130835274855295,False,True,partial,partial,False,False
Q68FD5_926.0,0.0,0.0,0.0,,,0.0,0.0,True,False,0,0,False,False
Q68FD5_934.0,0.0,0.0,0.0,,,0.0,0.0,True,False,0,0,False,False
Q68FE2_122.0,0.0,0.0,0.0,,,0.0,0.0,True,False,0,0,False,False
Q68FE2_433.0,0.0,0.0,0.0,,,0.0,0.0,True,False,0,0,False,False
Q68FE2_764.0,0.0,0.0,0.0,,,0.0,0.0,True,False,0,0,False,False
Q68FE6_1191.0,0.0,0.0,0.0,,,0.0,0.0,True,False,0,0,False,False
Q68FE6_147.0,0.0,0.0,0.0,,,0.0,0.0,True,False,0,0,False,False
Q68FE6_285.0,0.0,0.0,0.0,,,0.0,0.0,True,False,0,0,False,False
Q68FE6_945.0,0.0,0.0,0.0,,,0.0,0.0,True,False,0,0,False,False
Q68FF0_511.0,0.0,0.0,0.0,,,0.0,0.0,True,False,0,0,False,False
Q68FF6_122.0,0.0,0.0,0.0,,,0.0,0.0,True,False,0,0,False,False
Q68FF6_149.0,0.0,0.0,0.0,,,0.0,0.0,True,False,0,0,False,False
Q68FF6_222.0,0.0,0.0,0.0,,,0.0,0.0,True,False,0,0,False,False
Q68FF6_235.0,0.0,0.0,0.0,,,0.0,0.0,True,False,0,0,False,False
Q68FF6_259.0,0.0,0.0,0.0,,,0.0,0.0,True,False,0,0,False,False
Q68FF6_31.0,0.0,0.0,0.0,,,0.0,0.0,True,False,0,0,False,False
Q68FF6_585.0,0.0,0.0,0.0,,,0.0,0.0,True,False,0,0,False,False
Q68FF6_683.0,0.0,0.0,0.0,,,0.0,0.0,True,False,0,0,False,False
Q68FG2_1140.0,0.0,0.0,0.0,,,0.0,0.0,True,False,0,0,False,False
Q68FG2_1287.0,0.0,0.0,0.0,,,0.0,0.0,True,False,0,0,False,False
Q68FG2_1474.0,0.0,0.0,0.0,,,0.0,0.0,True,False,0,0,False,False
Q68FG2_1843.0,0.0,0.0,0.0,,,0.0,0.0,True,False,0,0,False,False
Q68FG2_1966.0,7.473535855611165,3.886463006337484,-0.9433331837848048,0.4270770915220323,,-3.587072849273681,3.587072849273681,False,True,partial,partial,False,False
Q68FG2_2030.0,9.049957593282064,7.809846878051758,-0.21261676915850877,0.6310728742674483,,-1.2401107152303066,1.2401107152303066,False,True,partial,partial,False,False
Q68FG2_2043.0,0.0,0.0,0.0,,,0.0,0.0,True,False,0,0,False,False
Q68FG2_2226.0,0.0,0.0,0.0,,,0.0,0.0,True,False,0,0,False,False
Q68FG2_2248.0,0.0,0.0,0.0,,,0.0,0.0,True,False,0,0,False,False
Q68FG2_231.0,0.0,0.0,0.0,,,0.0,0.0,True,False,0,0,False,False
Q68FG2_607.0,0.0,0.0,0.0,,,0.0,0.0,True,False,0,0,False,False
Q68FG2_627.0,0.0,0.0,0.0,,,0.0,0.0,True,False,0,0,False,False
Q68FG2_967.0,0.0,0.0,0.0,,,0.0,0.0,True,False,0,0,False,False
Q68FH0_1142.0,0.0,0.0,0.0,,,0.0,0.0,True,False,0,0,False,False
Q68FH0_491.0,0.0,0.0,0.0,,,0.0,0.0,True,False,0,0,False,False
Q68FH0_644.0,0.0,0.0,0.0,,,0.0,0.0,True,False,0,0,False,False
Q68FH0_741.0,0.0,0.0,0.0,,,0.0,0.0,True,False,0,0,False,False
Q68FH0_784.0,0.0,0.0,0.0,,,0.0,0.0,True,False,0,0,False,False
Q68FH4_349.0,0.0,0.0,0.0,,,0.0,0.0,True,False,0,0,False,False
Q68FL4_189.0,0.0,0.0,0.0,,,0.0,0.0,True,False,0,0,False,False
Q68FL4_234.0,0.0,0.0,0.0,,,0.0,0.0,True,False,0,0,False,False
Q68FL4_294.0,0.0,0.0,0.0,,,0.0,0.0,True,False,0,0,False,False
Q68FL4_355.0,1.9260419209798176,1.8804490367571514,-0.03456189675584477,0.9414269334969068,,-0.045592884222666274,0.045592884222666274,False,True,partial,partial,False,False
Q68FL4_375.0,0.0,0.0,0.0,,,0.0,0.0,True,False,0,0,False,False
Q68FL4_376.0,0.0,0.0,0.0,,,0.0,0.0,True,False,0,0,False,False
Q68FL4_400.0,0.0,0.0,0.0,,,0.0,0.0,True,False,0,0,False,False
Q68FL4_456.0,0.0,0.0,0.0,,,0.0,0.0,True,False,0,0,False,False
Q68FL4_475.0,0.0,0.0,0.0,,,0.0,0.0,True,False,0,0,False,False
Q68FL6_38.0,0.0,0.0,0.0,,,0.0,0.0,True,False,0,0,False,False
Q68FL6_407.0,0.0,0.0,0.0,,,0.0,0.0,True,False,0,0,False,False
Q68FL6_568.0,0.0,0.0,0.0,,,0.0,0.0,True,False,0,0,False,False
Q68FL6_670.0,0.0,0.0,0.0,,,0.0,0.0,True,False,0,0,False,False
Q68FL6_789.0,0.0,0.0,0.0,,,0.0,0.0,True,False,0,0,False,False
Q68FM6_215.0,0.0,0.0,0.0,,,0.0,0.0,True,False,0,0,False,False
Q68FM6_360.0,0.0,0.0,0.0,,,0.0,0.0,True,False,0,0,False,False
Q68FM6_551.0,0.0,0.0,0.0,,,0.0,0.0,True,False,0,0,False,False
Q68FM6_632.0,0.0,0.0,0.0,,,0.0,0.0,True,False,0,0,False,False
Q68FM7_1194.0,0.0,0.0,0.0,,,0.0,0.0,True,False,0,0,False,False
Q68FM7_240.0,0.0,0.0,0.0,,,0.0,0.0,True,False,0,0,False,False
Q68FM7_823.0,0.0,0.0,0.0,,,0.0,0.0,True,False,0,0,False,False
Q68FM7_896.0,0.0,0.0,0.0,,,0.0,0.0,True,False,0,0,False,False
Q69Z26_247.0,0.0,0.0,0.0,,,0.0,0.0,True,False,0,0,False,False
Q69Z26_576.0,0.0,0.0,0.0,,,0.0,0.0,True,False,0,0,False,False
Q69Z38_709.0,0.0,0.0,0.0,,,0.0,0.0,True,False,0,0,False,False
Q69Z38_992.0,0.0,0.0,0.0,,,0.0,0.0,True,False,0,0,False,False
Q69Z89_408.0,0.0,0.0,0.0,,,0.0,0.0,True,False,0,0,False,False
Q69Z98_312.0,0.0,0.0,0.0,,,0.0,0.0,True,False,0,0,False,False
Q69Z99_174.0,0.0,0.0,0.0,,,0.0,0.0,True,False,0,0,False,False
Q69Z99_326.0,0.0,0.0,0.0,,,0.0,0.0,True,False,0,0,False,False
Q69Z99_432.0,0.0,0.0,0.0,,,0.0,0.0,True,False,0,0,False,False
Q69ZB3_169.0,0.0,0.0,0.0,,,0.0,0.0,True,False,0,0,False,False
Q69ZB3_79.0,0.0,0.0,0.0,,,0.0,0.0,True,False,0,0,False,False
Q69ZF3_22.0,0.0,0.0,0.0,,,0.0,0.0,True,False,0,0,False,False
Q69ZF3_441.0,0.0,0.0,0.0,,,0.0,0.0,True,False,0,0,False,False
Q69ZF3_711.0,0.0,0.0,0.0,,,0.0,0.0,True,False,0,0,False,False
Q69ZF3_745.0,0.0,0.0,0.0,,,0.0,0.0,True,False,0,0,False,False
Q69ZF3_754.0,0.0,0.0,0.0,,,0.0,0.0,True,False,0,0,False,False
Q69ZF3_80.0,0.0,0.0,0.0,,,0.0,0.0,True,False,0,0,False,False
Q69ZF3_839.0,0.0,0.0,0.0,,,0.0,0.0,True,False,0,0,False,False
Q69ZF3_906.0,0.0,0.0,0.0,,,0.0,0.0,True,False,0,0,False,False
Q69ZF7_380.0,0.0,0.0,0.0,,,0.0,0.0,True,False,0,0,False,False
Q69ZH9_189.0,0.0,0.0,0.0,,,0.0,0.0,True,False,0,0,False,False
Q69ZH9_284.0,12.281180699666342,0.0,-33.515730215535484,0.1749850481455067,,-12.281180699666342,12.281180699666342,False,True,partial,0,False,False
Q69ZH9_30.0,0.0,0.0,0.0,,,0.0,0.0,True,False,0,0,False,False
Q69ZH9_392.0,0.0,0.0,0.0,,,0.0,0.0,True,False,0,0,False,False
Q69ZH9_597.0,0.0,0.0,0.0,,,0.0,0.0,True,False,0,0,False,False
Q69ZH9_620.0,0.0,0.0,0.0,,,0.0,0.0,True,False,0,0,False,False
Q69ZH9_812.0,0.0,0.0,0.0,,,0.0,0.0,True,False,0,0,False,False
Q69ZH9_906.0,0.0,0.0,0.0,,,0.0,0.0,True,False,0,0,False,False
Q69ZH9_922.0,0.0,0.0,0.0,,,0.0,0.0,True,False,0,0,False,False
Q69ZK0_1164.0,0.0,0.0,0.0,,,0.0,0.0,True,False,0,0,False,False
Q69ZK0_1642.0,0.0,0.0,0.0,,,0.0,0.0,True,False,0,0,False,False
Q69ZK0_229.0,0.0,0.0,0.0,,,0.0,0.0,True,False,0,0,False,False
Q69ZK0_32.0,0.0,0.0,0.0,,,0.0,0.0,True,False,0,0,False,False
Q69ZK0_47.0,0.0,0.0,0.0,,,0.0,0.0,True,False,0,0,False,False
Q69ZK0_553.0,0.0,0.0,0.0,,,0.0,0.0,True,False,0,0,False,False
Q69ZK0_725.0,0.0,0.0,0.0,,,0.0,0.0,True,False,0,0,False,False
Q69ZK0_926.0,0.0,0.0,0.0,,,0.0,0.0,True,False,0,0,False,False
Q69ZK9_317.0,0.0,0.0,0.0,,,0.0,0.0,True,False,0,0,False,False
Q69ZK9_766.0,0.0,0.0,0.0,,,0.0,0.0,True,False,0,0,False,False
Q69ZP3_209.0,0.0,0.0,0.0,,,0.0,0.0,True,False,0,0,False,False
Q69ZP3_329.0,0.0,0.0,0.0,,,0.0,0.0,True,False,0,0,False,False
Q69ZQ1_124.0,0.0,0.0,0.0,,,0.0,0.0,True,False,0,0,False,False
Q69ZQ1_133.0,0.0,0.0,0.0,,,0.0,0.0,True,False,0,0,False,False
Q69ZR2_131.0,0.0,0.0,0.0,,,0.0,0.0,True,False,0,0,False,False
Q69ZR2_1898.0,14.884621938069662,6.015807469685872,-1.3069922774119482,0.4584319757796598,,-8.868814468383789,8.868814468383789,False,True,partial,partial,False,False
Q69ZR2_2076.0,0.0,0.0,0.0,,,0.0,0.0,True,False,0,0,False,False
Q69ZR2_2280.0,0.0,0.0,0.0,,,0.0,0.0,True,False,0,0,False,False
Q69ZR2_2420.0,0.0,0.0,0.0,,,0.0,0.0,True,False,0,0,False,False
Q69ZR2_254.0,0.0,0.0,0.0,,,0.0,0.0,True,False,0,0,False,False
Q69ZR2_488.0,0.0,0.0,0.0,,,0.0,0.0,True,False,0,0,False,False
Q69ZR2_58.0,0.0,0.0,0.0,,,0.0,0.0,True,False,0,0,False,False
Q69ZS6_520.0,0.0,0.0,0.0,,,0.0,0.0,True,False,0,0,False,False
Q69ZS7_467.0,0.0,0.0,0.0,,,0.0,0.0,True,False,0,0,False,False
Q69ZS7_527.0,0.0,0.0,0.0,,,0.0,0.0,True,False,0,0,False,False
Q69ZS7_80.0,0.0,0.0,0.0,,,0.0,0.0,True,False,0,0,False,False
Q69ZS8_316.0,0.0,0.0,0.0,,,0.0,0.0,True,False,0,0,False,False
Q69ZU6_1107.0,0.0,0.0,0.0,,,0.0,0.0,True,False,0,0,False,False
Q69ZU6_1447.0,50.040919621785484,46.02401161193848,-0.12072156339329441,0.21736452152701896,,-4.016908009847008,4.016908009847008,False,True,partial,partial,False,False
Q69ZU6_149.0,0.0,0.0,0.0,,,0.0,0.0,True,False,0,0,False,False
Q69ZU6_332.0,33.37403710683187,21.894116401672363,-0.6081829863992828,0.09842282431093938,,-11.479920705159508,11.479920705159508,False,True,partial,partial,False,False
Q69ZU6_365.0,0.0,0.0,0.0,,,0.0,0.0,True,False,0,0,False,False
Q69ZU6_424.0,34.04821014404297,5.147701899210612,-2.725578544634343,0.013577431188736864,,-28.900508244832356,28.900508244832356,False,True,partial,partial,False,False
Q69ZU6_455.0,7.355000336964925,16.666666666666668,1.1801682813676646,0.6067014877891072,,9.311666329701744,9.311666329701744,False,True,partial,partial,False,False
Q69ZU6_573.0,0.0,0.0,0.0,,,0.0,0.0,True,False,0,0,False,False
Q69ZU6_616.0,0.0,0.0,0.0,,,0.0,0.0,True,False,0,0,False,False
Q69ZU6_803.0,0.0,0.0,0.0,,,0.0,0.0,True,False,0,0,False,False
Q69ZU6_994.0,0.0,0.0,0.0,,,0.0,0.0,True,False,0,0,False,False
Q69ZW3_710.0,0.0,0.0,0.0,,,0.0,0.0,True,False,0,0,False,False
Q69ZX6_499.0,0.0,0.0,0.0,,,0.0,0.0,True,False,0,0,False,False
Q69ZZ6_551.0,0.0,0.0,0.0,,,0.0,0.0,True,False,0,0,False,False
Q6A009_980.0,0.0,0.0,0.0,,,0.0,0.0,True,False,0,0,False,False
Q6A026_1092.0,0.0,0.0,0.0,,,0.0,0.0,True,False,0,0,False,False
Q6A028_40.0,0.0,0.0,0.0,,,0.0,0.0,True,False,0,0,False,False
Q6A065_1537.0,0.0,0.0,0.0,,,0.0,0.0,True,False,0,0,False,False
Q6A065_211.0,0.0,0.0,0.0,,,0.0,0.0,True,False,0,0,False,False
Q6A065_234.0,0.0,0.0,0.0,,,0.0,0.0,True,False,0,0,False,False
Q6A065_625.0,0.0,0.0,0.0,,,0.0,0.0,True,False,0,0,False,False
Q6A065_768.0,0.0,0.0,0.0,,,0.0,0.0,True,False,0,0,False,False
Q6A068_96.0,0.0,0.0,0.0,,,0.0,0.0,True,False,0,0,False,False
Q6A0A2_635.0,0.0,0.0,0.0,,,0.0,0.0,True,False,0,0,False,False
Q6A0A9_14.0,0.0,0.0,0.0,,,0.0,0.0,True,False,0,0,False,False
Q6A0A9_174.0,0.0,0.0,0.0,,,0.0,0.0,True,False,0,0,False,False
Q6A0A9_279.0,0.0,0.0,0.0,,,0.0,0.0,True,False,0,0,False,False
Q6A0A9_529.0,0.0,0.0,0.0,,,0.0,0.0,True,False,0,0,False,False
Q6A0A9_53.0,0.0,0.0,0.0,,,0.0,0.0,True,False,0,0,False,False
Q6A0A9_667.0,0.0,0.0,0.0,,,0.0,0.0,True,False,0,0,False,False
Q6A0A9_692.0,0.0,0.0,0.0,,,0.0,0.0,True,False,0,0,False,False
Q6A0A9_823.0,0.0,0.0,0.0,,,0.0,0.0,True,False,0,0,False,False
Q6A0A9_917.0,0.0,0.0,0.0,,,0.0,0.0,True,False,0,0,False,False
Q6A0D4_496.0,0.0,0.0,0.0,,,0.0,0.0,True,False,0,0,False,False
Q6A4J8_301.0,0.0,0.0,0.0,,,0.0,0.0,True,False,0,0,False,False
Q6A4J8_316.0,0.0,0.0,0.0,,,0.0,0.0,True,False,0,0,False,False
Q6A4J8_335.0,0.0,0.0,0.0,,,0.0,0.0,True,False,0,0,False,False
Q6A4J8_703.0,0.0,0.0,0.0,,,0.0,0.0,True,False,0,0,False,False
Q6A4J8_722.0,0.0,0.0,0.0,,,0.0,0.0,True,False,0,0,False,False
Q6A4J8_800.0,0.0,0.0,0.0,,,0.0,0.0,True,False,0,0,False,False
Q6A4J8_897.0,0.0,0.0,0.0,,,0.0,0.0,True,False,0,0,False,False
Q6A4J8_91.0,0.0,0.0,0.0,,,0.0,0.0,True,False,0,0,False,False
Q6A4J8_962.0,0.0,0.0,0.0,,,0.0,0.0,True,False,0,0,False,False
Q6DFV3_1162.0,0.0,0.0,0.0,,,0.0,0.0,True,False,0,0,False,False
Q6DFV3_125.0,0.0,0.0,0.0,,,0.0,0.0,True,False,0,0,False,False
Q6DFV3_1526.0,0.0,0.0,0.0,,,0.0,0.0,True,False,0,0,False,False
Q6DFV3_20.0,0.0,0.0,0.0,,,0.0,0.0,True,False,0,0,False,False
Q6DFV3_261.0,0.0,0.0,0.0,,,0.0,0.0,True,False,0,0,False,False
Q6DFV3_678.0,0.0,0.0,0.0,,,0.0,0.0,True,False,0,0,False,False
Q6DFV7_440.0,0.0,0.0,0.0,,,0.0,0.0,True,False,0,0,False,False
Q6DFV7_659.0,0.0,0.0,0.0,,,0.0,0.0,True,False,0,0,False,False
Q6DFV7_918.0,0.0,0.0,0.0,,,0.0,0.0,True,False,0,0,False,False
Q6DFW0_252.0,0.0,0.0,0.0,,,0.0,0.0,True,False,0,0,False,False
Q6DFW0_266.0,0.0,0.0,0.0,,,0.0,0.0,True,False,0,0,False,False
Q6DFW4_106.0,5.241352399190267,18.211568196614582,1.7968441417304017,0.13927760891565075,,12.970215797424316,12.970215797424316,False,True,partial,partial,False,False
Q6DFW4_139.0,0.0,0.0,0.0,,,0.0,0.0,True,False,0,0,False,False
Q6DFW4_183.0,0.0,0.0,0.0,,,0.0,0.0,True,False,0,0,False,False
Q6DFW4_205.0,0.0,0.0,0.0,,,0.0,0.0,True,False,0,0,False,False
Q6DFW4_439.0,0.0,0.0,0.0,,,0.0,0.0,True,False,0,0,False,False
Q6DFW5_783.0,0.0,0.0,0.0,,,0.0,0.0,True,False,0,0,False,False
Q6DFZ1_1416.0,0.0,0.0,0.0,,,0.0,0.0,True,False,0,0,False,False
Q6DFZ1_1590.0,0.0,0.0,0.0,,,0.0,0.0,True,False,0,0,False,False
Q6DFZ1_1709.0,0.0,0.0,0.0,,,0.0,0.0,True,False,0,0,False,False
Q6DFZ1_1768.0,0.0,0.0,0.0,,,0.0,0.0,True,False,0,0,False,False
Q6DFZ1_685.0,0.0,0.0,0.0,,,0.0,0.0,True,False,0,0,False,False
Q6DIB5_482.0,0.0,0.0,0.0,,,0.0,0.0,True,False,0,0,False,False
Q6DIB5_976.0,0.0,0.0,0.0,,,0.0,0.0,True,False,0,0,False,False
Q6DIC0_91.0,0.0,0.0,0.0,,,0.0,0.0,True,False,0,0,False,False
Q6DID5_528.0,0.0,0.0,0.0,,,0.0,0.0,True,False,0,0,False,False
Q6DVA0_261.0,0.0,0.0,0.0,,,0.0,0.0,True,False,0,0,False,False
Q6EDY6_235.0,0.0,0.0,0.0,,,0.0,0.0,True,False,0,0,False,False
Q6EDY6_712.0,0.0,0.0,0.0,,,0.0,0.0,True,False,0,0,False,False
Q6GQS1_167.0,1.9172035853068035,1.833349625269572,-0.06452160459569987,0.9710486805957887,,-0.08385396003723145,0.08385396003723145,False,True,partial,partial,False,False
Q6GQT6_755.0,0.0,0.0,0.0,,,0.0,0.0,True,False,0,0,False,False
Q6GQT9_1004.0,0.0,0.0,0.0,,,0.0,0.0,True,False,0,0,False,False
Q6GQT9_557.0,0.0,0.0,0.0,,,0.0,0.0,True,False,0,0,False,False
Q6GQT9_780.0,0.0,0.0,0.0,,,0.0,0.0,True,False,0,0,False,False
Q6GQT9_980.0,37.09538904825846,12.859854380289713,-1.5283655648503074,0.05475845988045605,,-24.23553466796875,24.23553466796875,False,True,partial,partial,False,False
Q6GQU6_403.0,0.0,0.0,0.0,,,0.0,0.0,True,False,0,0,False,False
Q6GQW0_1032.0,0.0,0.0,0.0,,,0.0,0.0,True,False,0,0,False,False
Q6GQW0_261.0,0.0,0.0,0.0,,,0.0,0.0,True,False,0,0,False,False
Q6GQW0_547.0,0.0,0.0,0.0,,,0.0,0.0,True,False,0,0,False,False
Q6GV12_121.0,0.0,0.0,0.0,,,0.0,0.0,True,False,0,0,False,False
Q6GV12_245.0,0.0,0.0,0.0,,,0.0,0.0,True,False,0,0,False,False
Q6GYP7_1152.0,0.0,0.0,0.0,,,0.0,0.0,True,False,0,0,False,False
Q6GYP7_1427.0,0.0,0.0,0.0,,,0.0,0.0,True,False,0,0,False,False
Q6GYP7_1435.0,0.0,0.0,0.0,,,0.0,0.0,True,False,0,0,False,False
Q6GYP7_1764.0,0.0,0.0,0.0,,,0.0,0.0,True,False,0,0,False,False
Q6GYP7_293.0,0.0,0.0,0.0,,,0.0,0.0,True,False,0,0,False,False
Q6GYP7_424.0,0.0,0.0,0.0,,,0.0,0.0,True,False,0,0,False,False
Q6GYP7_557.0,0.0,0.0,0.0,,,0.0,0.0,True,False,0,0,False,False
Q6I6G8_1546.0,0.0,0.0,0.0,,,0.0,0.0,True,False,0,0,False,False
Q6I6G8_156.0,0.0,0.0,0.0,,,0.0,0.0,True,False,0,0,False,False
Q6I6G8_224.0,0.0,0.0,0.0,,,0.0,0.0,True,False,0,0,False,False
Q6I6G8_955.0,0.0,0.0,0.0,,,0.0,0.0,True,False,0,0,False,False
Q6IE26_285.0,0.0,0.0,0.0,,,0.0,0.0,True,False,0,0,False,False
Q6IMP4_553.0,0.0,0.0,0.0,,,0.0,0.0,True,False,0,0,False,False
Q6IR34_128.0,0.0,0.0,0.0,,,0.0,0.0,True,False,0,0,False,False
Q6IR34_495.0,0.0,0.0,0.0,,,0.0,0.0,True,False,0,0,False,False
Q6IRU2_154.0,0.0,0.0,0.0,,,0.0,0.0,True,False,0,0,False,False
Q6IRU2_247.0,0.0,0.0,0.0,,,0.0,0.0,True,False,0,0,False,False
Q6IRU5_199.0,2.2371432383855185,2.0076403617858887,-0.1561567756668436,0.20732041112832705,,-0.22950287659962987,0.22950287659962987,False,True,partial,partial,False,False
Q6KAR6_160.0,0.0,0.0,0.0,,,0.0,0.0,True,False,0,0,False,False
Q6KAR6_167.0,0.0,0.0,0.0,,,0.0,0.0,True,False,0,0,False,False
Q6KAR6_531.0,0.0,0.0,0.0,,,0.0,0.0,True,False,0,0,False,False
Q6KAR6_666.0,0.0,0.0,0.0,,,0.0,0.0,True,False,0,0,False,False
Q6KCD5_1934.0,0.0,0.0,0.0,,,0.0,0.0,True,False,0,0,False,False
Q6KCD5_304.0,0.0,0.0,0.0,,,0.0,0.0,True,False,0,0,False,False
Q6NS52_127.0,0.0,0.0,0.0,,,0.0,0.0,True,False,0,0,False,False
Q6NS52_139.0,0.0,0.0,0.0,,,0.0,0.0,True,False,0,0,False,False
Q6NS52_273.0,0.0,0.0,0.0,,,0.0,0.0,True,False,0,0,False,False
Q6NS52_293.0,0.0,0.0,0.0,,,0.0,0.0,True,False,0,0,False,False
Q6NS52_316.0,0.0,0.0,0.0,,,0.0,0.0,True,False,0,0,False,False
Q6NS52_349.0,0.0,0.0,0.0,,,0.0,0.0,True,False,0,0,False,False
Q6NS52_741.0,0.0,0.0,0.0,,,0.0,0.0,True,False,0,0,False,False
Q6NS52_766.0,0.0,0.0,0.0,,,0.0,0.0,True,False,0,0,False,False
Q6NS52_790.0,0.0,0.0,0.0,,,0.0,0.0,True,False,0,0,False,False
Q6NS60_516.0,0.0,0.0,0.0,,,0.0,0.0,True,False,0,0,False,False
Q6NS60_574.0,0.0,0.0,0.0,,,0.0,0.0,True,False,0,0,False,False
Q6NS60_641.0,0.0,0.0,0.0,,,0.0,0.0,True,False,0,0,False,False
Q6NS60_665.0,0.0,0.0,0.0,,,0.0,0.0,True,False,0,0,False,False
Q6NS60_708.0,0.0,0.0,0.0,,,0.0,0.0,True,False,0,0,False,False
Q6NS60_722.0,0.0,0.0,0.0,,,0.0,0.0,True,False,0,0,False,False
Q6NS60_753.0,0.0,0.0,0.0,,,0.0,0.0,True,False,0,0,False,False
Q6NS60_788.0,0.0,0.0,0.0,,,0.0,0.0,True,False,0,0,False,False
Q6NS60_817.0,0.0,0.0,0.0,,,0.0,0.0,True,False,0,0,False,False
Q6NS82_182.0,0.0,0.0,0.0,,,0.0,0.0,True,False,0,0,False,False
Q6NSQ9_269.0,0.0,0.0,0.0,,,0.0,0.0,True,False,0,0,False,False
Q6NSR8_284.0,0.0,0.0,0.0,,,0.0,0.0,True,False,0,0,False,False
Q6NSR8_357.0,0.0,0.0,0.0,,,0.0,0.0,True,False,0,0,False,False
Q6NSW3_1068.0,0.0,0.0,0.0,,,0.0,0.0,True,False,0,0,False,False
Q6NSW3_1153.0,0.0,0.0,0.0,,,0.0,0.0,True,False,0,0,False,False
Q6NSW3_1252.0,0.0,0.0,0.0,,,0.0,0.0,True,False,0,0,False,False
Q6NSW3_1271.0,0.0,0.0,0.0,,,0.0,0.0,True,False,0,0,False,False
Q6NSW3_1395.0,0.0,0.0,0.0,,,0.0,0.0,True,False,0,0,False,False
Q6NSW3_1466.0,0.0,0.0,0.0,,,0.0,0.0,True,False,0,0,False,False
Q6NSW3_1666.0,0.0,0.0,0.0,,,0.0,0.0,True,False,0,0,False,False
Q6NSW3_355.0,0.0,0.0,0.0,,,0.0,0.0,True,False,0,0,False,False
Q6NSW3_658.0,0.0,0.0,0.0,,,0.0,0.0,True,False,0,0,False,False
Q6NSW3_750.0,0.0,0.0,0.0,,,0.0,0.0,True,False,0,0,False,False
Q6NSW3_798.0,0.0,0.0,0.0,,,0.0,0.0,True,False,0,0,False,False
Q6NSW3_854.0,0.0,0.0,0.0,,,0.0,0.0,True,False,0,0,False,False
Q6NSW3_93.0,0.0,0.0,0.0,,,0.0,0.0,True,False,0,0,False,False
Q6NTA4_170.0,0.0,16.746172587076824,33.96311234777732,0.18108641666672337,,16.746172587076824,16.746172587076824,False,True,0,partial,False,False
Q6NTA4_218.0,0.0,0.0,0.0,,,0.0,0.0,True,False,0,0,False,False
Q6NV83_624.0,0.0,0.0,0.0,,,0.0,0.0,True,False,0,0,False,False
Q6NV83_65.0,0.0,0.0,0.0,,,0.0,0.0,True,False,0,0,False,False
Q6NVE9_63.0,0.0,0.0,0.0,,,0.0,0.0,True,False,0,0,False,False
Q6NVF0_28.0,0.0,0.0,0.0,,,0.0,0.0,True,False,0,0,False,False
Q6NVF0_427.0,0.0,0.0,0.0,,,0.0,0.0,True,False,0,0,False,False
Q6NVF0_596.0,0.0,0.0,0.0,,,0.0,0.0,True,False,0,0,False,False
Q6NVF0_610.0,0.0,0.0,0.0,,,0.0,0.0,True,False,0,0,False,False
Q6NVF9_159.0,0.0,0.0,0.0,,,0.0,0.0,True,False,0,0,False,False
Q6NVF9_476.0,0.0,0.0,0.0,,,0.0,0.0,True,False,0,0,False,False
Q6NVG1_206.0,0.0,0.0,0.0,,,0.0,0.0,True,False,0,0,False,False
Q6NXI6_1089.0,0.0,0.0,0.0,,,0.0,0.0,True,False,0,0,False,False
Q6NXI6_240.0,0.0,0.0,0.0,,,0.0,0.0,True,False,0,0,False,False
Q6NXI6_922.0,0.0,0.0,0.0,,,0.0,0.0,True,False,0,0,False,False
Q6NXJ0_523.0,0.0,0.0,0.0,,,0.0,0.0,True,False,0,0,False,False
Q6NXJ0_750.0,0.0,0.0,0.0,,,0.0,0.0,True,False,0,0,False,False
Q6NXK7_466.0,0.0,0.0,0.0,,,0.0,0.0,True,False,0,0,False,False
Q6NXK7_671.0,0.0,0.0,0.0,,,0.0,0.0,True,False,0,0,False,False
Q6NXK7_781.0,0.0,0.0,0.0,,,0.0,0.0,True,False,0,0,False,False
Q6NXK8_172.0,0.0,0.0,0.0,,,0.0,0.0,True,False,0,0,False,False
Q6NXK8_179.0,0.0,0.0,0.0,,,0.0,0.0,True,False,0,0,False,False
Q6NXK8_321.0,0.0,0.0,0.0,,,0.0,0.0,True,False,0,0,False,False
Q6NXK8_335.0,7.262566884358724,5.678564707438151,-0.35495321931510093,0.8672036854492877,,-1.5840021769205723,1.5840021769205723,False,True,partial,partial,False,False
Q6NXL1_299.0,0.0,0.0,0.0,,,0.0,0.0,True,False,0,0,False,False
Q6NXL5_373.0,0.0,0.0,0.0,,,0.0,0.0,True,False,0,0,False,False
Q6NXL5_40.0,0.0,0.0,0.0,,,0.0,0.0,True,False,0,0,False,False
Q6NXL5_538.0,0.0,0.0,0.0,,,0.0,0.0,True,False,0,0,False,False
Q6NZC7_463.0,0.0,0.0,0.0,,,0.0,0.0,True,False,0,0,False,False
Q6NZF1_499.0,0.0,0.0,0.0,,,0.0,0.0,True,False,0,0,False,False
Q6NZJ6_666.0,0.0,0.0,0.0,,,0.0,0.0,True,False,0,0,False,False
Q6NZJ6_823.0,0.0,0.0,0.0,,,0.0,0.0,True,False,0,0,False,False
Q6NZK8_380.0,0.0,0.0,0.0,,,0.0,0.0,True,False,0,0,False,False
Q6NZK8_523.0,0.0,0.0,0.0,,,0.0,0.0,True,False,0,0,False,False
Q6NZM9_743.0,0.0,0.0,0.0,,,0.0,0.0,True,False,0,0,False,False
Q6NZN0_25.0,0.0,0.0,0.0,,,0.0,0.0,True,False,0,0,False,False
Q6NZN0_53.0,0.0,0.0,0.0,,,0.0,0.0,True,False,0,0,False,False
Q6NZR5_716.0,0.0,0.0,0.0,,,0.0,0.0,True,False,0,0,False,False
Q6NZR5_874.0,0.0,0.0,0.0,,,0.0,0.0,True,False,0,0,False,False
Q6NZR5_911.0,0.0,0.0,0.0,,,0.0,0.0,True,False,0,0,False,False
Q6P069_162.0,0.0,0.0,0.0,,,0.0,0.0,True,False,0,0,False,False
Q6P069_163.0,0.0,0.0,0.0,,,0.0,0.0,True,False,0,0,False,False
Q6P069_57.0,0.0,0.0,0.0,,,0.0,0.0,True,False,0,0,False,False
Q6P073_157.0,0.0,0.0,0.0,,,0.0,0.0,True,False,0,0,False,False
Q6P1B1_279.0,0.0,0.0,0.0,,,0.0,0.0,True,False,0,0,False,False
Q6P1B1_308.0,0.0,0.0,0.0,,,0.0,0.0,True,False,0,0,False,False
Q6P1B1_443.0,0.0,0.0,0.0,,,0.0,0.0,True,False,0,0,False,False
Q6P1B1_582.0,0.0,0.0,0.0,,,0.0,0.0,True,False,0,0,False,False
Q6P1D5_746.0,9.612174987792969,4.272349993387858,-1.1698330742237393,0.44987225980795553,,-5.33982499440511,5.33982499440511,False,True,partial,partial,False,False
Q6P1E1_100.0,0.0,0.0,0.0,,,0.0,0.0,True,False,0,0,False,False
Q6P1F6_262.0,0.0,0.0,0.0,,,0.0,0.0,True,False,0,0,False,False
Q6P1F6_334.0,0.0,0.0,0.0,,,0.0,0.0,True,False,0,0,False,False
Q6P1H6_294.0,0.0,0.0,0.0,,,0.0,0.0,True,False,0,0,False,False
Q6P1H6_358.0,0.0,0.0,0.0,,,0.0,0.0,True,False,0,0,False,False
Q6P1H6_428.0,0.0,0.0,0.0,,,0.0,0.0,True,False,0,0,False,False
Q6P1H6_462.0,0.0,0.0,0.0,,,0.0,0.0,True,False,0,0,False,False
Q6P1H6_516.0,0.0,0.0,0.0,,,0.0,0.0,True,False,0,0,False,False
Q6P1H6_864.0,5.552093505859375,21.707881609598797,1.967115174999875,0.38652290569047676,,16.15578810373942,16.15578810373942,False,True,partial,partial,False,False
Q6P1H6_884.0,0.0,0.0,0.0,,,0.0,0.0,True,False,0,0,False,False
Q6P1H6_911.0,0.0,0.0,0.0,,,0.0,0.0,True,False,0,0,False,False
Q6P1H6_919.0,0.0,0.0,0.0,,,0.0,0.0,True,False,0,0,False,False
Q6P1I6_640.0,0.0,0.0,0.0,,,0.0,0.0,True,False,0,0,False,False
Q6P1I6_652.0,0.0,0.0,0.0,,,0.0,0.0,True,False,0,0,False,False
Q6P2B1_125.0,0.0,0.0,0.0,,,0.0,0.0,True,False,0,0,False,False
Q6P2B1_303.0,0.0,0.0,0.0,,,0.0,0.0,True,False,0,0,False,False
Q6P2B1_312.0,0.0,0.0,0.0,,,0.0,0.0,True,False,0,0,False,False
Q6P2B1_380.0,0.0,0.0,0.0,,,0.0,0.0,True,False,0,0,False,False
Q6P2B1_527.0,0.0,0.0,0.0,,,0.0,0.0,True,False,0,0,False,False
Q6P2B1_60.0,0.0,0.0,0.0,,,0.0,0.0,True,False,0,0,False,False
Q6P2B1_908.0,0.0,0.0,0.0,,,0.0,0.0,True,False,0,0,False,False
Q6P2B1_912.0,0.0,0.0,0.0,,,0.0,0.0,True,False,0,0,False,False
Q6P2K6_90.0,0.0,0.0,0.0,,,0.0,0.0,True,False,0,0,False,False
Q6P2L7_165.0,0.0,0.0,0.0,,,0.0,0.0,True,False,0,0,False,False
Q6P3A8_175.0,0.0,0.0,0.0,,,0.0,0.0,True,False,0,0,False,False
Q6P3A8_226.0,0.0,0.0,0.0,,,0.0,0.0,True,False,0,0,False,False
Q6P3A8_297.0,0.0,0.0,0.0,,,0.0,0.0,True,False,0,0,False,False
Q6P3A8_314.0,0.0,0.0,0.0,,,0.0,0.0,True,False,0,0,False,False
Q6P3A8_359.0,0.0,0.0,0.0,,,0.0,0.0,True,False,0,0,False,False
Q6P3D0_68.0,0.0,0.0,0.0,,,0.0,0.0,True,False,0,0,False,False
Q6P4S6_121.0,0.0,0.0,0.0,,,0.0,0.0,True,False,0,0,False,False
Q6P4S6_1226.0,0.0,0.0,0.0,,,0.0,0.0,True,False,0,0,False,False
Q6P4S6_1347.0,0.0,0.0,0.0,,,0.0,0.0,True,False,0,0,False,False
Q6P4S6_290.0,0.0,0.0,0.0,,,0.0,0.0,True,False,0,0,False,False
Q6P4S6_312.0,0.0,0.0,0.0,,,0.0,0.0,True,False,0,0,False,False
Q6P4S6_333.0,0.0,0.0,0.0,,,0.0,0.0,True,False,0,0,False,False
Q6P4S6_383.0,0.0,0.0,0.0,,,0.0,0.0,True,False,0,0,False,False
Q6P4S6_703.0,0.0,0.0,0.0,,,0.0,0.0,True,False,0,0,False,False
Q6P4T0_1250.0,0.0,0.0,0.0,,,0.0,0.0,True,False,0,0,False,False
Q6P4T0_1554.0,0.0,0.0,0.0,,,0.0,0.0,True,False,0,0,False,False
Q6P4T0_1652.0,0.0,0.0,0.0,,,0.0,0.0,True,False,0,0,False,False
Q6P4T0_1846.0,0.0,0.0,0.0,,,0.0,0.0,True,False,0,0,False,False
Q6P4T0_766.0,0.0,33.333333333333336,34.95624654308311,0.17468781426411925,,33.333333333333336,33.333333333333336,False,True,0,partial,False,False
Q6P4T1_407.0,0.0,0.0,0.0,,,0.0,0.0,True,False,0,0,False,False
Q6P4T2_1127.0,0.0,0.0,0.0,,,0.0,0.0,True,False,0,0,False,False
Q6P4T2_1278.0,0.0,0.0,0.0,,,0.0,0.0,True,False,0,0,False,False
Q6P4T2_1359.0,0.0,0.0,0.0,,,0.0,0.0,True,False,0,0,False,False
Q6P4T2_1580.0,0.0,0.0,0.0,,,0.0,0.0,True,False,0,0,False,False
Q6P4T2_1592.0,0.0,0.0,0.0,,,0.0,0.0,True,False,0,0,False,False
Q6P4T2_1974.0,0.0,0.0,0.0,,,0.0,0.0,True,False,0,0,False,False
Q6P4T2_428.0,0.0,0.0,0.0,,,0.0,0.0,True,False,0,0,False,False
Q6P4T2_516.0,0.0,0.0,0.0,,,0.0,0.0,True,False,0,0,False,False
Q6P4T2_576.0,0.0,0.0,0.0,,,0.0,0.0,True,False,0,0,False,False
Q6P4T2_588.0,0.0,0.0,0.0,,,0.0,0.0,True,False,0,0,False,False
Q6P542_647.0,0.0,0.0,0.0,,,0.0,0.0,True,False,0,0,False,False
Q6P542_733.0,0.0,0.0,0.0,,,0.0,0.0,True,False,0,0,False,False
Q6P542_750.0,0.0,0.0,0.0,,,0.0,0.0,True,False,0,0,False,False
Q6P5B0_800.0,0.0,0.0,0.0,,,0.0,0.0,True,False,0,0,False,False
Q6P5C5_133.0,0.0,0.0,0.0,,,0.0,0.0,True,False,0,0,False,False
Q6P5D3_1005.0,0.0,0.0,0.0,,,0.0,0.0,True,False,0,0,False,False
Q6P5D3_206.0,0.0,0.0,0.0,,,0.0,0.0,True,False,0,0,False,False
Q6P5D8_1334.0,0.0,0.0,0.0,,,0.0,0.0,True,False,0,0,False,False
Q6P5D8_1434.0,0.0,7.690941492716472,32.84051307183192,0.36321746764912255,,7.690941492716472,7.690941492716472,False,True,0,partial,False,False
Q6P5D8_624.0,0.0,0.0,0.0,,,0.0,0.0,True,False,0,0,False,False
Q6P5E4_1024.0,0.0,0.0,0.0,,,0.0,0.0,True,False,0,0,False,False
Q6P5E4_1493.0,16.44104528427124,10.805582602818808,-0.6055251653141063,0.2565247555243287,,-5.635462681452433,5.635462681452433,False,True,partial,partial,False,False
Q6P5E4_159.0,0.0,0.0,0.0,,,0.0,0.0,True,False,0,0,False,False
Q6P5E4_880.0,0.0,0.0,0.0,,,0.0,0.0,True,False,0,0,False,False
Q6P5E8_102.0,0.0,0.0,0.0,,,0.0,0.0,True,False,0,0,False,False
Q6P5E8_198.0,0.0,0.0,0.0,,,0.0,0.0,True,False,0,0,False,False
Q6P5E8_242.0,0.0,0.0,0.0,,,0.0,0.0,True,False,0,0,False,False
Q6P5E8_599.0,0.0,0.0,0.0,,,0.0,0.0,True,False,0,0,False,False
Q6P5E8_636.0,0.0,0.0,0.0,,,0.0,0.0,True,False,0,0,False,False
Q6P5E8_658.0,0.0,0.0,0.0,,,0.0,0.0,True,False,0,0,False,False
Q6P5F6_153.0,0.0,0.0,0.0,,,0.0,0.0,True,False,0,0,False,False
Q6P5F7_299.0,0.0,0.0,0.0,,,0.0,0.0,True,False,0,0,False,False
Q6P5F9_1070.0,0.0,0.0,0.0,,,0.0,0.0,True,False,0,0,False,False
Q6P5F9_119.0,0.0,0.0,0.0,,,0.0,0.0,True,False,0,0,False,False
Q6P5F9_164.0,1.3836997350056965,0.5660291910171509,-1.2895825462195776,0.37172025965150124,,-0.8176705439885457,0.8176705439885457,False,True,partial,partial,False,False
Q6P5F9_34.0,0.0,0.0,0.0,,,0.0,0.0,True,False,0,0,False,False
Q6P5F9_498.0,0.0,0.0,0.0,,,0.0,0.0,True,False,0,0,False,False
Q6P5F9_528.0,0.0,0.0,0.0,,,0.0,0.0,True,False,0,0,False,False
Q6P5F9_585.0,0.0,0.0,0.0,,,0.0,0.0,True,False,0,0,False,False
Q6P5F9_99.0,0.0,0.0,0.0,,,0.0,0.0,True,False,0,0,False,False
Q6P5G6_138.0,0.0,0.0,0.0,,,0.0,0.0,True,False,0,0,False,False
Q6P5H6_212.0,0.0,0.0,0.0,,,0.0,0.0,True,False,0,0,False,False
Q6P5H6_31.0,0.0,0.0,0.0,,,0.0,0.0,True,False,0,0,False,False
Q6P5H6_352.0,0.0,0.0,0.0,,,0.0,0.0,True,False,0,0,False,False
Q6P5H6_91.0,0.0,0.0,0.0,,,0.0,0.0,True,False,0,0,False,False
Q6P5U7_117.0,0.0,0.0,0.0,,,0.0,0.0,True,False,0,0,False,False
Q6P5U7_162.0,0.0,0.0,0.0,,,0.0,0.0,True,False,0,0,False,False
Q6P5U7_1688.0,0.0,0.0,0.0,,,0.0,0.0,True,False,0,0,False,False
Q6P5U7_1728.0,0.0,0.0,0.0,,,0.0,0.0,True,False,0,0,False,False
Q6P5U7_419.0,0.0,0.0,0.0,,,0.0,0.0,True,False,0,0,False,False
Q6P5U7_577.0,0.0,0.0,0.0,,,0.0,0.0,True,False,0,0,False,False
Q6P5U7_935.0,0.0,0.0,0.0,,,0.0,0.0,True,False,0,0,False,False
Q6P6I6_263.0,0.0,0.0,0.0,,,0.0,0.0,True,False,0,0,False,False
Q6P6I6_82.0,0.0,0.0,0.0,,,0.0,0.0,True,False,0,0,False,False
Q6P6J0_126.0,0.0,0.0,0.0,,,0.0,0.0,True,False,0,0,False,False
Q6P6J9_100.0,0.0,0.0,0.0,,,0.0,0.0,True,False,0,0,False,False
Q6P6L6_565.0,0.0,0.0,0.0,,,0.0,0.0,True,False,0,0,False,False
Q6P6N5_64.0,0.0,0.0,0.0,,,0.0,0.0,True,False,0,0,False,False
Q6P8J2_14.0,0.0,0.0,0.0,,,0.0,0.0,True,False,0,0,False,False
Q6P8M1_113.0,0.0,0.0,0.0,,,0.0,0.0,True,False,0,0,False,False
Q6P8M1_150.0,0.0,0.0,0.0,,,0.0,0.0,True,False,0,0,False,False
Q6P8M1_226.0,0.0,0.0,0.0,,,0.0,0.0,True,False,0,0,False,False
Q6P8M1_76.0,0.0,0.0,0.0,,,0.0,0.0,True,False,0,0,False,False
Q6P8X1_149.0,0.0,0.0,0.0,,,0.0,0.0,True,False,0,0,False,False
Q6P8X1_347.0,0.0,0.0,0.0,,,0.0,0.0,True,False,0,0,False,False
Q6P9J5_447.0,0.0,0.0,0.0,,,0.0,0.0,True,False,0,0,False,False
Q6P9J5_729.0,0.0,0.0,0.0,,,0.0,0.0,True,False,0,0,False,False
Q6P9J5_864.0,0.0,0.0,0.0,,,0.0,0.0,True,False,0,0,False,False
Q6P9J5_969.0,0.0,0.0,0.0,,,0.0,0.0,True,False,0,0,False,False
Q6P9J9_262.0,0.0,0.0,0.0,,,0.0,0.0,True,False,0,0,False,False
Q6P9K8_1361.0,0.0,0.0,0.0,,,0.0,0.0,True,False,0,0,False,False
Q6P9K8_1378.0,0.0,0.0,0.0,,,0.0,0.0,True,False,0,0,False,False
Q6P9K8_156.0,0.0,0.0,0.0,,,0.0,0.0,True,False,0,0,False,False
Q6P9K8_231.0,0.0,0.0,0.0,,,0.0,0.0,True,False,0,0,False,False
Q6P9K8_293.0,13.705149173736572,10.05622132619222,-0.4466297239034531,0.44090325871696623,,-3.6489278475443516,3.6489278475443516,False,True,partial,partial,False,False
Q6P9K8_323.0,0.0,0.0,0.0,,,0.0,0.0,True,False,0,0,False,False
Q6P9K9_1018.0,11.166915893554688,1.891877810160319,-2.5613399749962884,0.013284137371380494,,-9.275038083394369,9.275038083394369,False,True,partial,partial,False,False
Q6P9K9_440.0,0.0,0.0,0.0,,,0.0,0.0,True,False,0,0,False,False
Q6P9K9_667.0,0.0,0.0,0.0,,,0.0,0.0,True,False,0,0,False,False
Q6P9K9_751.0,0.0,0.0,0.0,,,0.0,0.0,True,False,0,0,False,False
Q6P9K9_857.0,16.542133649190266,3.2694985071818032,-2.339004059191622,0.14617719050577785,,-13.272635142008463,13.272635142008463,False,True,partial,partial,False,False
Q6P9Q6_753.0,0.0,0.0,0.0,,,0.0,0.0,True,False,0,0,False,False
Q6P9R2_191.0,0.0,0.0,0.0,,,0.0,0.0,True,False,0,0,False,False
Q6P9R2_271.0,0.0,0.0,0.0,,,0.0,0.0,True,False,0,0,False,False
Q6P9R2_53.0,0.0,0.0,0.0,,,0.0,0.0,True,False,0,0,False,False
Q6P9R4_532.0,0.0,0.0,0.0,,,0.0,0.0,True,False,0,0,False,False
Q6P9R4_926.0,0.0,0.0,0.0,,,0.0,0.0,True,False,0,0,False,False
Q6P9S0_273.0,0.0,0.0,0.0,,,0.0,0.0,True,False,0,0,False,False
Q6PA06_402.0,0.0,0.0,0.0,,,0.0,0.0,True,False,0,0,False,False
Q6PA06_441.0,0.0,0.0,0.0,,,0.0,0.0,True,False,0,0,False,False
Q6PAJ1_1073.0,0.0,0.0,0.0,,,0.0,0.0,True,False,0,0,False,False
Q6PAK3_142.0,0.0,0.0,0.0,,,0.0,0.0,True,False,0,0,False,False
Q6PAK3_273.0,0.0,0.0,0.0,,,0.0,0.0,True,False,0,0,False,False
Q6PAK3_383.0,0.0,0.0,0.0,,,0.0,0.0,True,False,0,0,False,False
Q6PAL8_1077.0,0.0,0.0,0.0,,,0.0,0.0,True,False,0,0,False,False
Q6PAL8_591.0,0.0,0.0,0.0,,,0.0,0.0,True,False,0,0,False,False
Q6PAL8_679.0,0.0,0.0,0.0,,,0.0,0.0,True,False,0,0,False,False
Q6PAM0_177.0,0.0,0.0,0.0,,,0.0,0.0,True,False,0,0,False,False
Q6PAM0_224.0,0.0,0.0,0.0,,,0.0,0.0,True,False,0,0,False,False
Q6PAM1_68.0,0.0,0.0,0.0,,,0.0,0.0,True,False,0,0,False,False
Q6PAN7_41.0,0.0,0.0,0.0,,,0.0,0.0,True,False,0,0,False,False
Q6PAR5_1109.0,0.0,0.0,0.0,,,0.0,0.0,True,False,0,0,False,False
Q6PAR5_1140.0,0.0,0.0,0.0,,,0.0,0.0,True,False,0,0,False,False
Q6PAR5_1233.0,0.0,0.0,0.0,,,0.0,0.0,True,False,0,0,False,False
Q6PAR5_70.0,0.0,0.0,0.0,,,0.0,0.0,True,False,0,0,False,False
Q6PAR5_789.0,0.0,0.0,0.0,,,0.0,0.0,True,False,0,0,False,False
Q6PAV2_160.0,0.0,0.0,0.0,,,0.0,0.0,True,False,0,0,False,False
Q6PAV2_175.0,0.0,0.0,0.0,,,0.0,0.0,True,False,0,0,False,False
Q6PAV2_248.0,0.0,0.0,0.0,,,0.0,0.0,True,False,0,0,False,False
Q6PAV2_384.0,0.0,0.0,0.0,,,0.0,0.0,True,False,0,0,False,False
Q6PB44_65.0,0.0,0.0,0.0,,,0.0,0.0,True,False,0,0,False,False
Q6PB66_1042.0,0.0,0.0,0.0,,,0.0,0.0,True,False,0,0,False,False
Q6PB66_112.0,27.618450164794922,9.03592618306478,-1.6118879734520426,0.25527144093017695,,-18.58252398173014,18.58252398173014,False,True,partial,partial,False,False
Q6PB66_129.0,0.0,0.0,0.0,,,0.0,0.0,True,False,0,0,False,False
Q6PB66_1321.0,0.0,0.0,0.0,,,0.0,0.0,True,False,0,0,False,False
Q6PB66_207.0,0.0,0.0,0.0,,,0.0,0.0,True,False,0,0,False,False
Q6PB66_379.0,0.0,0.0,0.0,,,0.0,0.0,True,False,0,0,False,False
Q6PB66_499.0,0.0,0.0,0.0,,,0.0,0.0,True,False,0,0,False,False
Q6PB66_626.0,0.0,0.0,0.0,,,0.0,0.0,True,False,0,0,False,False
Q6PB66_689.0,0.0,0.0,0.0,,,0.0,0.0,True,False,0,0,False,False
Q6PB66_847.0,0.0,0.0,0.0,,,0.0,0.0,True,False,0,0,False,False
Q6PB66_862.0,0.0,0.0,0.0,,,0.0,0.0,True,False,0,0,False,False
Q6PB66_926.0,0.0,0.0,0.0,,,0.0,0.0,True,False,0,0,False,False
Q6PB66_951.0,0.0,0.0,0.0,,,0.0,0.0,True,False,0,0,False,False
Q6PB70_980.0,0.0,0.0,0.0,,,0.0,0.0,True,False,0,0,False,False
Q6PB93_226.0,0.0,0.0,0.0,,,0.0,0.0,True,False,0,0,False,False
Q6PCN3_419.0,0.0,0.0,0.0,,,0.0,0.0,True,False,0,0,False,False
Q6PCN3_490.0,0.0,0.0,0.0,,,0.0,0.0,True,False,0,0,False,False
Q6PCP5_158.0,0.0,0.0,0.0,,,0.0,0.0,True,False,0,0,False,False
Q6PCX7_182.0,0.0,0.0,0.0,,,0.0,0.0,True,False,0,0,False,False
Q6PCX7_227.0,0.0,0.0,0.0,,,0.0,0.0,True,False,0,0,False,False
Q6PD03_72.0,0.0,0.0,0.0,,,0.0,0.0,True,False,0,0,False,False
Q6PD10_221.0,0.0,0.0,0.0,,,0.0,0.0,True,False,0,0,False,False
Q6PD10_48.0,0.0,0.0,0.0,,,0.0,0.0,True,False,0,0,False,False
Q6PD21_201.0,0.0,0.0,0.0,,,0.0,0.0,True,False,0,0,False,False
Q6PD28_113.0,0.0,0.0,0.0,,,0.0,0.0,True,False,0,0,False,False
Q6PD28_235.0,0.0,0.0,0.0,,,0.0,0.0,True,False,0,0,False,False
Q6PD31_251.0,0.0,0.0,0.0,,,0.0,0.0,True,False,0,0,False,False
Q6PDC8_290.0,0.0,0.0,0.0,,,0.0,0.0,True,False,0,0,False,False
Q6PDG5_136.0,0.0,0.0,0.0,,,0.0,0.0,True,False,0,0,False,False
Q6PDG5_145.0,0.0,0.0,0.0,,,0.0,0.0,True,False,0,0,False,False
Q6PDG5_486.0,0.0,0.0,0.0,,,0.0,0.0,True,False,0,0,False,False
Q6PDG5_495.0,0.0,0.0,0.0,,,0.0,0.0,True,False,0,0,False,False
Q6PDG5_635.0,0.0,0.0,0.0,,,0.0,0.0,True,False,0,0,False,False
Q6PDG5_91.0,0.0,0.0,0.0,,,0.0,0.0,True,False,0,0,False,False
Q6PDH0_669.0,0.0,0.0,0.0,,,0.0,0.0,True,False,0,0,False,False
Q6PDH0_85.0,0.0,0.0,0.0,,,0.0,0.0,True,False,0,0,False,False
Q6PDI5_1178.0,0.0,0.0,0.0,,,0.0,0.0,True,False,0,0,False,False
Q6PDI5_1252.0,0.6893248558044434,0.0,-29.360608798413047,0.36321746764912255,,-0.6893248558044434,0.6893248558044434,False,True,partial,0,False,False
Q6PDI5_1415.0,0.0,0.0,0.0,,,0.0,0.0,True,False,0,0,False,False
Q6PDI5_1589.0,0.0,0.0,0.0,,,0.0,0.0,True,False,0,0,False,False
Q6PDI5_1633.0,0.0,0.0,0.0,,,0.0,0.0,True,False,0,0,False,False
Q6PDI5_1806.0,0.0,0.0,0.0,,,0.0,0.0,True,False,0,0,False,False
Q6PDI5_597.0,0.0,0.0,0.0,,,0.0,0.0,True,False,0,0,False,False
Q6PDI6_120.0,0.0,0.0,0.0,,,0.0,0.0,True,False,0,0,False,False
Q6PDI6_197.0,3.970576604207357,0.0,-31.88670138404183,0.36321746764912255,,-3.970576604207357,3.970576604207357,False,True,partial,0,False,False
Q6PDI6_363.0,0.0,0.0,0.0,,,0.0,0.0,True,False,0,0,False,False
Q6PDJ1_1077.0,0.0,0.0,0.0,,,0.0,0.0,True,False,0,0,False,False
Q6PDJ6_350.0,0.0,0.0,0.0,,,0.0,0.0,True,False,0,0,False,False
Q6PDL0_191.0,0.0,0.0,0.0,,,0.0,0.0,True,False,0,0,False,False
Q6PDM2_148.0,0.0,0.0,0.0,,,0.0,0.0,True,False,0,0,False,False
Q6PDM2_16.0,0.0,0.0,0.0,,,0.0,0.0,True,False,0,0,False,False
Q6PDN3_1291.0,0.0,0.0,0.0,,,0.0,0.0,True,False,0,0,False,False
Q6PDN3_1546.0,0.0,0.0,0.0,,,0.0,0.0,True,False,0,0,False,False
Q6PDQ2_1461.0,0.0,0.0,0.0,,,0.0,0.0,True,False,0,0,False,False
Q6PDQ2_1830.0,0.0,0.0,0.0,,,0.0,0.0,True,False,0,0,False,False
Q6PDQ2_389.0,53.62818908691406,59.90908622741699,0.15978329138446684,0.7242996880468718,,6.28089714050293,6.28089714050293,False,True,partial,partial,False,False
Q6PDS3_117.0,0.0,0.0,0.0,,,0.0,0.0,True,False,0,0,False,False
Q6PDS3_199.0,0.0,0.0,0.0,,,0.0,0.0,True,False,0,0,False,False
Q6PDS3_408.0,0.0,0.0,0.0,,,0.0,0.0,True,False,0,0,False,False
Q6PDS3_430.0,0.0,0.0,0.0,,,0.0,0.0,True,False,0,0,False,False
Q6PDS3_482.0,0.0,0.0,0.0,,,0.0,0.0,True,False,0,0,False,False
Q6PDS3_508.0,0.0,0.0,0.0,,,0.0,0.0,True,False,0,0,False,False
Q6PDS3_527.0,0.0,0.0,0.0,,,0.0,0.0,True,False,0,0,False,False
Q6PDS3_649.0,0.0,0.0,0.0,,,0.0,0.0,True,False,0,0,False,False
Q6PDX6_382.0,0.0,0.0,0.0,,,0.0,0.0,True,False,0,0,False,False
Q6PDY0_116.0,0.0,0.0,0.0,,,0.0,0.0,True,False,0,0,False,False
Q6PDY0_141.0,0.0,0.0,0.0,,,0.0,0.0,True,False,0,0,False,False
Q6PDY0_81.0,0.0,0.0,0.0,,,0.0,0.0,True,False,0,0,False,False
Q6PDY2_169.0,6.013493061065674,4.96324102083842,-0.27692073813360446,0.6868752192484264,,-1.050252040227254,1.050252040227254,False,True,partial,partial,False,False
Q6PDY2_18.0,0.0,0.0,0.0,,,0.0,0.0,True,False,0,0,False,False
Q6PDY2_225.0,0.0,0.0,0.0,,,0.0,0.0,True,False,0,0,False,False
Q6PDY2_244.0,0.0,0.0,0.0,,,0.0,0.0,True,False,0,0,False,False
Q6PDY2_96.0,77.08506202697754,41.964991887410484,-0.8772650118118154,0.20851243312825116,,-35.120070139567055,35.120070139567055,False,True,partial,partial,False,False
Q6PE01_158.0,0.0,0.0,0.0,,,0.0,0.0,True,False,0,0,False,False
Q6PE01_169.0,0.0,0.0,0.0,,,0.0,0.0,True,False,0,0,False,False
Q6PE01_53.0,0.0,0.0,0.0,,,0.0,0.0,True,False,0,0,False,False
Q6PE13_710.0,0.0,0.0,0.0,,,0.0,0.0,True,False,0,0,False,False
Q6PE13_726.0,0.0,0.0,0.0,,,0.0,0.0,True,False,0,0,False,False
Q6PE15_220.0,0.0,0.0,0.0,,,0.0,0.0,True,False,0,0,False,False
Q6PE15_91.0,0.0,0.0,0.0,,,0.0,0.0,True,False,0,0,False,False
Q6PEB6_119.0,0.0,0.0,0.0,,,0.0,0.0,True,False,0,0,False,False
Q6PEB6_134.0,0.0,0.0,0.0,,,0.0,0.0,True,False,0,0,False,False
Q6PEB6_188.0,0.0,0.0,0.0,,,0.0,0.0,True,False,0,0,False,False
Q6PEB6_51.0,0.0,0.0,0.0,,,0.0,0.0,True,False,0,0,False,False
Q6PEE2_503.0,0.0,0.0,0.0,,,0.0,0.0,True,False,0,0,False,False
Q6PEE2_558.0,0.0,0.0,0.0,,,0.0,0.0,True,False,0,0,False,False
Q6PEE2_65.0,0.0,0.0,0.0,,,0.0,0.0,True,False,0,0,False,False
Q6PEE2_73.0,0.0,0.0,0.0,,,0.0,0.0,True,False,0,0,False,False
Q6PEE3_19.0,0.0,0.0,0.0,,,0.0,0.0,True,False,0,0,False,False
Q6PER3_182.0,5.791196823120117,4.219699025154114,-0.45672142914214464,0.007235497236312979,,-1.5714977979660034,1.5714977979660034,False,True,partial,partial,False,False
Q6PEV3_45.0,0.0,0.0,0.0,,,0.0,0.0,True,False,0,0,False,False
Q6PF93_336.0,0.0,0.0,0.0,,,0.0,0.0,True,False,0,0,False,False
Q6PFD5_103.0,0.0,0.0,0.0,,,0.0,0.0,True,False,0,0,False,False
Q6PFD5_387.0,0.0,0.0,0.0,,,0.0,0.0,True,False,0,0,False,False
Q6PFD5_509.0,0.0,0.0,0.0,,,0.0,0.0,True,False,0,0,False,False
Q6PFD5_577.0,0.0,0.0,0.0,,,0.0,0.0,True,False,0,0,False,False
Q6PFD5_811.0,0.0,0.0,0.0,,,0.0,0.0,True,False,0,0,False,False
Q6PFD9_1067.0,0.0,0.0,0.0,,,0.0,0.0,True,False,0,0,False,False
Q6PFD9_1609.0,0.0,0.0,0.0,,,0.0,0.0,True,False,0,0,False,False
Q6PFD9_1710.0,0.0,0.0,0.0,,,0.0,0.0,True,False,0,0,False,False
Q6PFD9_1726.0,0.0,0.0,0.0,,,0.0,0.0,True,False,0,0,False,False
Q6PFD9_1734.0,0.0,0.0,0.0,,,0.0,0.0,True,False,0,0,False,False
Q6PFD9_760.0,0.0,0.0,0.0,,,0.0,0.0,True,False,0,0,False,False
Q6PFE7_227.0,0.0,0.0,0.0,,,0.0,0.0,True,False,0,0,False,False
Q6PFX7_574.0,0.0,0.0,0.0,,,0.0,0.0,True,False,0,0,False,False
Q6PFX7_703.0,0.0,0.0,0.0,,,0.0,0.0,True,False,0,0,False,False
Q6PFX7_85.0,0.0,0.0,0.0,,,0.0,0.0,True,False,0,0,False,False
Q6PFX9_183.0,0.0,0.0,0.0,,,0.0,0.0,True,False,0,0,False,False
Q6PGB6_100.0,0.0,0.0,0.0,,,0.0,0.0,True,False,0,0,False,False
Q6PGC1_1058.0,0.0,0.0,0.0,,,0.0,0.0,True,False,0,0,False,False
Q6PGC1_1160.0,0.0,0.0,0.0,,,0.0,0.0,True,False,0,0,False,False
Q6PGC1_617.0,0.0,0.0,0.0,,,0.0,0.0,True,False,0,0,False,False
Q6PGC1_642.0,0.0,0.0,0.0,,,0.0,0.0,True,False,0,0,False,False
Q6PGD0_47.0,0.0,0.0,0.0,,,0.0,0.0,True,False,0,0,False,False
Q6PGF7_419.0,0.0,0.0,0.0,,,0.0,0.0,True,False,0,0,False,False
Q6PGF7_512.0,0.0,0.0,0.0,,,0.0,0.0,True,False,0,0,False,False
Q6PGF7_655.0,0.0,0.0,0.0,,,0.0,0.0,True,False,0,0,False,False
Q6PGG6_207.0,0.0,0.0,0.0,,,0.0,0.0,True,False,0,0,False,False
Q6PGH0_122.0,0.0,0.0,0.0,,,0.0,0.0,True,False,0,0,False,False
Q6PGH1_117.0,0.0,0.0,0.0,,,0.0,0.0,True,False,0,0,False,False
Q6PGH1_134.0,0.0,0.0,0.0,,,0.0,0.0,True,False,0,0,False,False
Q6PGH1_78.0,0.0,0.0,0.0,,,0.0,0.0,True,False,0,0,False,False
Q6PGH2_118.0,0.0,0.0,0.0,,,0.0,0.0,True,False,0,0,False,False
Q6PGN3_146.0,0.0,0.0,0.0,,,0.0,0.0,True,False,0,0,False,False
Q6PGN3_287.0,0.0,0.0,0.0,,,0.0,0.0,True,False,0,0,False,False
Q6PGN3_523.0,0.0,0.0,0.0,,,0.0,0.0,True,False,0,0,False,False
Q6PGN3_702.0,0.0,0.0,0.0,,,0.0,0.0,True,False,0,0,False,False
Q6PGN3_706.0,0.0,0.0,0.0,,,0.0,0.0,True,False,0,0,False,False
Q6PH08_467.0,0.0,0.0,0.0,,,0.0,0.0,True,False,0,0,False,False
Q6PH08_719.0,0.0,0.0,0.0,,,0.0,0.0,True,False,0,0,False,False
Q6PHN9_110.0,0.0,0.0,0.0,,,0.0,0.0,True,False,0,0,False,False
Q6PHN9_114.0,0.0,0.0,0.0,,,0.0,0.0,True,False,0,0,False,False
Q6PHQ9_128.0,0.0,0.0,0.0,,,0.0,0.0,True,False,0,0,False,False
Q6PHQ9_132.0,0.0,0.0,0.0,,,0.0,0.0,True,False,0,0,False,False
Q6PHQ9_339.0,0.0,0.0,0.0,,,0.0,0.0,True,False,0,0,False,False
Q6PHQ9_488.0,0.0,0.0,0.0,,,0.0,0.0,True,False,0,0,False,False
Q6PHS6_757.0,0.0,0.0,0.0,,,0.0,0.0,True,False,0,0,False,False
Q6PHS9_1016.0,0.0,0.0,0.0,,,0.0,0.0,True,False,0,0,False,False
Q6PHS9_1065.0,0.0,0.0,0.0,,,0.0,0.0,True,False,0,0,False,False
Q6PHS9_1086.0,14.481533686319986,9.500843048095703,-0.6080869606388131,0.22300736998519716,,-4.980690638224283,4.980690638224283,False,True,partial,partial,False,False
Q6PHS9_318.0,0.0,0.0,0.0,,,0.0,0.0,True,False,0,0,False,False
Q6PHS9_344.0,16.696488698323567,5.3799435297648115,-1.6338817982305562,0.04091141374521185,,-11.316545168558754,11.316545168558754,False,True,partial,partial,False,False
Q6PHS9_446.0,0.0,0.0,0.0,,,0.0,0.0,True,False,0,0,False,False
Q6PHS9_725.0,63.36021868387858,55.78008206685384,-0.1838272578523634,0.5358652520498715,,-7.580136617024735,7.580136617024735,False,True,partial,partial,False,False
Q6PHU5_610.0,42.416643142700195,18.364606221516926,-1.2077024885414551,0.20811935955716399,,-24.05203692118327,24.05203692118327,False,True,partial,partial,False,False
Q6PHU5_632.0,30.21215756734212,19.734825770060223,-0.614385433788766,0.49047289732274746,,-10.477331797281899,10.477331797281899,False,True,partial,partial,False,False
Q6PHU5_649.0,0.0,0.0,0.0,,,0.0,0.0,True,False,0,0,False,False
Q6PHU5_700.0,0.0,0.0,0.0,,,0.0,0.0,True,False,0,0,False,False
Q6PHU5_721.0,0.0,0.0,0.0,,,0.0,0.0,True,False,0,0,False,False
Q6PHU5_84.0,6.466869513193767,0.0,-32.5904203545646,0.08751839664802673,,-6.466869513193767,6.466869513193767,False,True,partial,0,False,False
Q6PHZ2_273.0,0.0,0.0,0.0,,,0.0,0.0,True,False,0,0,False,False
Q6PHZ2_373.0,0.0,0.0,0.0,,,0.0,0.0,True,False,0,0,False,False
Q6PHZ2_481.0,0.0,0.0,0.0,,,0.0,0.0,True,False,0,0,False,False
Q6PHZ5_319.0,0.0,0.0,0.0,,,0.0,0.0,True,False,0,0,False,False
Q6PHZ5_729.0,0.0,0.0,0.0,,,0.0,0.0,True,False,0,0,False,False
Q6PHZ8_233.0,0.0,0.0,0.0,,,0.0,0.0,True,False,0,0,False,False
Q6PHZ8_98.0,0.0,0.0,0.0,,,0.0,0.0,True,False,0,0,False,False
Q6PIC6_201.0,0.0,0.0,0.0,,,0.0,0.0,True,False,0,0,False,False
Q6PIC6_221.0,2.9821503162384033,1.3750497524936993,-1.1168691587536521,0.00993460765151919,,-1.607100563744704,1.607100563744704,False,True,partial,partial,False,False
Q6PIC6_239.0,3.1226542393366494,2.1873040397961936,-0.5136190614643047,0.004495069925874302,,-0.9353501995404558,0.9353501995404558,False,True,partial,partial,False,False
Q6PIC6_418.0,0.0,0.0,0.0,,,0.0,0.0,True,False,0,0,False,False
Q6PIC6_42.0,1.311555524667104,1.0219209492206573,-0.35999528424113186,0.009973321225575408,,-0.28963457544644666,0.28963457544644666,False,True,partial,partial,False,False
Q6PIC6_449.0,0.0,0.0,0.0,,,0.0,0.0,True,False,0,0,False,False
Q6PIC6_49.0,1.4289393424987793,1.1150091588497162,-0.35788911532387624,0.05988495130792373,,-0.3139301836490631,0.3139301836490631,False,True,partial,partial,False,False
Q6PIC6_508.0,0.0,0.0,0.0,,,0.0,0.0,True,False,0,0,False,False
Q6PIC6_546.0,3.9353676637013755,2.8151409228642783,-0.4832912825493175,0.11398163052720918,,-1.1202267408370972,1.1202267408370972,False,True,partial,partial,False,False
Q6PIC6_653.0,1.849777619043986,1.2730815807978313,-0.5390269674161514,0.0019482966519626126,,-0.5766960382461548,0.5766960382461548,False,True,partial,partial,False,False
Q6PIE5_209.0,0.0,0.0,0.0,,,0.0,0.0,True,False,0,0,False,False
Q6PIE5_241.0,0.0,0.0,0.0,,,0.0,0.0,True,False,0,0,False,False
Q6PIE5_247.0,0.0,0.0,0.0,,,0.0,0.0,True,False,0,0,False,False
Q6PIE5_372.0,1.5714077750841777,0.6776474912961324,-1.2134507114212232,0.08197425470816257,,-0.8937602837880453,0.8937602837880453,False,True,partial,partial,False,False
Q6PIE5_457.0,0.0,0.0,0.0,,,0.0,0.0,True,False,0,0,False,False
Q6PIE5_515.0,0.5558074315388998,0.4992039203643799,-0.15495586016329185,0.9411160817757652,,-0.056603511174519894,0.056603511174519894,False,True,partial,partial,False,False
Q6PIE5_553.0,4.415552258491516,3.3718287150065103,-0.3890626377767021,0.2086481571920354,,-1.0437235434850058,1.0437235434850058,False,True,partial,partial,False,False
Q6PIE5_603.0,0.0,0.0,0.0,,,0.0,0.0,True,False,0,0,False,False
Q6PIE5_660.0,0.6773943503697714,0.7954612970352173,0.23179578352971955,0.6933270792456157,,0.11806694666544593,0.11806694666544593,False,True,partial,partial,False,False
Q6PIE5_702.0,0.0,0.0,0.0,,,0.0,0.0,True,False,0,0,False,False
Q6PIP5_31.0,0.0,0.0,0.0,,,0.0,0.0,True,False,0,0,False,False
Q6PIP5_375.0,0.0,0.0,0.0,,,0.0,0.0,True,False,0,0,False,False
Q6PIP5_453.0,0.0,0.0,0.0,,,0.0,0.0,True,False,0,0,False,False
Q6PIP5_469.0,0.0,0.0,0.0,,,0.0,0.0,True,False,0,0,False,False
Q6PIU9_13.0,0.0,0.0,0.0,,,0.0,0.0,True,False,0,0,False,False
Q6PJN8_66.0,0.0,0.0,0.0,,,0.0,0.0,True,False,0,0,False,False
Q6PNC0_1870.0,0.0,0.0,0.0,,,0.0,0.0,True,False,0,0,False,False
Q6PNC0_2983.0,0.0,0.0,0.0,,,0.0,0.0,True,False,0,0,False,False
Q6PNC0_541.0,0.0,0.0,0.0,,,0.0,0.0,True,False,0,0,False,False
Q6PNC0_679.0,5.619787851969401,5.974287668863933,0.08825103727193237,0.9663795535102653,,0.35449981689453125,0.35449981689453125,False,True,partial,partial,False,False
Q6PNC0_810.0,0.0,0.0,0.0,,,0.0,0.0,True,False,0,0,False,False
Q6Q477_538.0,2.981347839037577,2.295921544233958,-0.3768913633710049,0.34989943996210376,,-0.6854262948036194,0.6854262948036194,False,True,partial,partial,False,False
Q6Q477_55.0,0.0,0.0,0.0,,,0.0,0.0,True,False,0,0,False,False
Q6Q477_722.0,0.0,0.0,0.0,,,0.0,0.0,True,False,0,0,False,False
Q6QI06_1316.0,0.0,0.0,0.0,,,0.0,0.0,True,False,0,0,False,False
Q6QI06_728.0,0.0,0.0,0.0,,,0.0,0.0,True,False,0,0,False,False
Q6QWF9_27.0,0.0,0.0,0.0,,,0.0,0.0,True,False,0,0,False,False
Q6R0H7_1098.0,0.0,0.0,0.0,,,0.0,0.0,True,False,0,0,False,False
Q6R0H7_1118.0,0.0,0.0,0.0,,,0.0,0.0,True,False,0,0,False,False
Q6R0H7_913.0,0.0,0.0,0.0,,,0.0,0.0,True,False,0,0,False,False
Q6R891_734.0,0.0,0.0,0.0,,,0.0,0.0,True,False,0,0,False,False
Q6RHR9_1045.0,0.0,0.0,0.0,,,0.0,0.0,True,False,0,0,False,False
Q6RHR9_701.0,0.0,0.0,0.0,,,0.0,0.0,True,False,0,0,False,False
Q6RHR9_882.0,0.0,0.0,0.0,,,0.0,0.0,True,False,0,0,False,False
Q6RHR9_93.0,0.0,0.0,0.0,,,0.0,0.0,True,False,0,0,False,False
Q6RI63_390.0,0.0,0.0,0.0,,,0.0,0.0,True,False,0,0,False,False
Q6S5J6_396.0,0.0,0.0,0.0,,,0.0,0.0,True,False,0,0,False,False
Q6TEK5_50.0,0.0,0.0,0.0,,,0.0,0.0,True,False,0,0,False,False
Q6URW6_111.0,0.0,0.0,0.0,,,0.0,0.0,True,False,0,0,False,False
Q6URW6_192.0,0.0,0.0,0.0,,,0.0,0.0,True,False,0,0,False,False
Q6URW6_328.0,0.0,0.0,0.0,,,0.0,0.0,True,False,0,0,False,False
Q6URW6_924.0,0.0,0.0,0.0,,,0.0,0.0,True,False,0,0,False,False
Q6URW6_958.0,0.0,0.0,0.0,,,0.0,0.0,True,False,0,0,False,False
Q6VNB8_143.0,0.0,0.0,0.0,,,0.0,0.0,True,False,0,0,False,False
Q6VNB8_16.0,0.0,0.0,0.0,,,0.0,0.0,True,False,0,0,False,False
Q6VNB8_1659.0,0.0,0.0,0.0,,,0.0,0.0,True,False,0,0,False,False
Q6VNB8_1945.0,0.0,0.0,0.0,,,0.0,0.0,True,False,0,0,False,False
Q6VNB8_1975.0,0.0,0.0,0.0,,,0.0,0.0,True,False,0,0,False,False
Q6VNB8_2094.0,0.0,0.0,0.0,,,0.0,0.0,True,False,0,0,False,False
Q6VNB8_2377.0,0.0,0.0,0.0,,,0.0,0.0,True,False,0,0,False,False
Q6VNB8_3009.0,0.0,0.0,0.0,,,0.0,0.0,True,False,0,0,False,False
Q6VNB8_3305.0,0.0,0.0,0.0,,,0.0,0.0,True,False,0,0,False,False
Q6VNB8_36.0,0.0,0.0,0.0,,,0.0,0.0,True,False,0,0,False,False
Q6VNB8_724.0,0.0,0.0,0.0,,,0.0,0.0,True,False,0,0,False,False
Q6VNB8_815.0,0.0,0.0,0.0,,,0.0,0.0,True,False,0,0,False,False
Q6VNB8_896.0,0.0,0.0,0.0,,,0.0,0.0,True,False,0,0,False,False
Q6VNB8_908.0,0.0,0.0,0.0,,,0.0,0.0,True,False,0,0,False,False
Q6VNB8_952.0,0.0,0.0,0.0,,,0.0,0.0,True,False,0,0,False,False
Q6VNS1_189.0,36.2208563486735,20.513179779052734,-0.820269511966976,0.22006527043253304,,-15.707676569620766,15.707676569620766,False,True,partial,partial,False,False
Q6VNS1_320.0,0.0,0.0,0.0,,,0.0,0.0,True,False,0,0,False,False
Q6VNS1_557.0,0.0,0.0,0.0,,,0.0,0.0,True,False,0,0,False,False
Q6VNS1_685.0,0.0,0.0,0.0,,,0.0,0.0,True,False,0,0,False,False
Q6VNS1_792.0,0.0,0.0,0.0,,,0.0,0.0,True,False,0,0,False,False
Q6WKZ8_112.0,0.0,0.0,0.0,,,0.0,0.0,True,False,0,0,False,False
Q6WKZ8_19.0,0.0,0.0,0.0,,,0.0,0.0,True,False,0,0,False,False
Q6WVG3_50.0,0.0,0.0,0.0,,,0.0,0.0,True,False,0,0,False,False
Q6X893_112.0,0.0,0.0,0.0,,,0.0,0.0,True,False,0,0,False,False
Q6X893_158.0,11.08579953511556,1.3251984119415283,-3.0644325389280467,0.010101806932983263,,-9.760601123174032,9.760601123174032,False,True,partial,partial,False,False
Q6X893_68.0,15.505528608957926,10.079606533050537,-0.6213433876091335,0.0003478320832226693,,-5.425922075907389,5.425922075907389,False,True,partial,partial,False,False
Q6X893_97.0,13.76890746752421,7.628701368967692,-0.8519046956301926,0.07984631847722286,,-6.140206098556518,6.140206098556518,False,True,partial,partial,False,False
Q6Y685_220.0,0.0,0.0,0.0,,,0.0,0.0,True,False,0,0,False,False
Q6Y685_479.0,0.0,0.0,0.0,,,0.0,0.0,True,False,0,0,False,False
Q6Y685_512.0,0.0,0.0,0.0,,,0.0,0.0,True,False,0,0,False,False
Q6Y685_763.0,0.0,0.0,0.0,,,0.0,0.0,True,False,0,0,False,False
Q6Y685_79.0,0.0,0.0,0.0,,,0.0,0.0,True,False,0,0,False,False
Q6Y7W8_574.0,0.0,0.0,0.0,,,0.0,0.0,True,False,0,0,False,False
Q6ZPE2_1196.0,0.0,0.0,0.0,,,0.0,0.0,True,False,0,0,False,False
Q6ZPE2_1638.0,0.0,0.0,0.0,,,0.0,0.0,True,False,0,0,False,False
Q6ZPE2_1846.0,0.0,0.0,0.0,,,0.0,0.0,True,False,0,0,False,False
Q6ZPE2_552.0,0.0,0.0,0.0,,,0.0,0.0,True,False,0,0,False,False
Q6ZPE2_569.0,0.0,0.0,0.0,,,0.0,0.0,True,False,0,0,False,False
Q6ZPE2_838.0,0.0,0.0,0.0,,,0.0,0.0,True,False,0,0,False,False
Q6ZPE2_895.0,0.0,0.0,0.0,,,0.0,0.0,True,False,0,0,False,False
Q6ZPE2_986.0,0.0,0.0,0.0,,,0.0,0.0,True,False,0,0,False,False
Q6ZPF3_1457.0,0.0,0.0,0.0,,,0.0,0.0,True,False,0,0,False,False
Q6ZPJ0_634.0,0.0,0.0,0.0,,,0.0,0.0,True,False,0,0,False,False
Q6ZPJ3_177.0,0.0,0.0,0.0,,,0.0,0.0,True,False,0,0,False,False
Q6ZPJ3_309.0,8.325030962626139,4.089266141255696,-1.0256136770338402,0.541553277679561,,-4.235764821370442,4.235764821370442,False,True,partial,partial,False,False
Q6ZPJ3_336.0,0.0,0.0,0.0,,,0.0,0.0,True,False,0,0,False,False
Q6ZPJ3_348.0,0.0,0.0,0.0,,,0.0,0.0,True,False,0,0,False,False
Q6ZPJ3_365.0,0.0,0.0,0.0,,,0.0,0.0,True,False,0,0,False,False
Q6ZPJ3_370.0,0.0,0.0,0.0,,,0.0,0.0,True,False,0,0,False,False
Q6ZPJ3_395.0,0.0,0.0,0.0,,,0.0,0.0,True,False,0,0,False,False
Q6ZPJ3_580.0,4.16407585144043,3.986310362815857,-0.06294230982824349,0.9431532112349102,,-0.17776548862457275,0.17776548862457275,False,True,partial,partial,False,False
Q6ZPJ3_593.0,2.809830149014791,2.003215789794922,-0.48816508455429874,0.4157726667139322,,-0.8066143592198691,0.8066143592198691,False,True,partial,partial,False,False
Q6ZPQ6_1227.0,0.0,0.0,0.0,,,0.0,0.0,True,False,0,0,False,False
Q6ZPQ6_1317.0,0.0,0.0,0.0,,,0.0,0.0,True,False,0,0,False,False
Q6ZPQ6_189.0,0.0,0.0,0.0,,,0.0,0.0,True,False,0,0,False,False
Q6ZPR4_1214.0,0.0,0.0,0.0,,,0.0,0.0,True,False,0,0,False,False
Q6ZPR4_523.0,0.0,0.0,0.0,,,0.0,0.0,True,False,0,0,False,False
Q6ZPR4_997.0,0.0,0.0,0.0,,,0.0,0.0,True,False,0,0,False,False
Q6ZPR5_655.0,76.18923695882161,87.71023432413737,0.20315798437769797,0.5205548948198718,,11.520997365315765,11.520997365315765,False,True,partial,partial,False,False
Q6ZPR5_733.0,0.0,0.0,0.0,,,0.0,0.0,True,False,0,0,False,False
Q6ZPS2_277.0,0.0,0.0,0.0,,,0.0,0.0,True,False,0,0,False,False
Q6ZPS6_663.0,0.0,0.0,0.0,,,0.0,0.0,True,False,0,0,False,False
Q6ZPT1_50.0,53.28558921813965,67.62580299377441,0.3438284025642791,0.5108893052102083,,14.340213775634766,14.340213775634766,False,True,partial,partial,False,False
Q6ZPU9_261.0,0.0,0.0,0.0,,,0.0,0.0,True,False,0,0,False,False
Q6ZPU9_268.0,0.0,0.0,0.0,,,0.0,0.0,True,False,0,0,False,False
Q6ZPU9_367.0,0.0,0.0,0.0,,,0.0,0.0,True,False,0,0,False,False
Q6ZPU9_400.0,0.0,0.0,0.0,,,0.0,0.0,True,False,0,0,False,False
Q6ZPY2_866.0,0.0,0.0,0.0,,,0.0,0.0,True,False,0,0,False,False
Q6ZQ08_1419.0,0.0,0.0,0.0,,,0.0,0.0,True,False,0,0,False,False
Q6ZQ08_1540.0,0.0,0.0,0.0,,,0.0,0.0,True,False,0,0,False,False
Q6ZQ08_1705.0,0.0,0.0,0.0,,,0.0,0.0,True,False,0,0,False,False
Q6ZQ18_150.0,7.740272521972656,7.484982331593831,-0.04838545133687984,0.971823375055297,,-0.25529019037882517,0.25529019037882517,False,True,partial,partial,False,False
Q6ZQ18_372.0,0.0,0.0,0.0,,,0.0,0.0,True,False,0,0,False,False
Q6ZQ18_675.0,5.697325547536214,6.084399064381917,0.09482993507066985,0.8902999796544455,,0.3870735168457031,0.3870735168457031,False,True,partial,partial,False,False
Q6ZQ18_763.0,0.0,0.0,0.0,,,0.0,0.0,True,False,0,0,False,False
Q6ZQ29_630.0,17.036481539408367,0.0,-33.9879083625867,0.0852267923778968,,-17.036481539408367,17.036481539408367,False,True,partial,0,False,False
Q6ZQ29_650.0,0.0,0.0,0.0,,,0.0,0.0,True,False,0,0,False,False
Q6ZQ29_684.0,0.0,0.0,0.0,,,0.0,0.0,True,False,0,0,False,False
Q6ZQ38_1007.0,0.0,0.0,0.0,,,0.0,0.0,True,False,0,0,False,False
Q6ZQ38_1134.0,0.0,1.5643806457519531,30.54294444742769,0.36321746764912255,,1.5643806457519531,1.5643806457519531,False,True,0,partial,False,False
Q6ZQ38_131.0,0.0,0.0,0.0,,,0.0,0.0,True,False,0,0,False,False
Q6ZQ38_237.0,0.0,0.0,0.0,,,0.0,0.0,True,False,0,0,False,False
Q6ZQ38_264.0,0.0,0.0,0.0,,,0.0,0.0,True,False,0,0,False,False
Q6ZQ38_275.0,0.0,0.0,0.0,,,0.0,0.0,True,False,0,0,False,False
Q6ZQ38_301.0,0.0,0.0,0.0,,,0.0,0.0,True,False,0,0,False,False
Q6ZQ38_571.0,0.0,0.0,0.0,,,0.0,0.0,True,False,0,0,False,False
Q6ZQ38_71.0,0.0,0.0,0.0,,,0.0,0.0,True,False,0,0,False,False
Q6ZQ38_802.0,0.0,0.0,0.0,,,0.0,0.0,True,False,0,0,False,False
Q6ZQ38_92.0,0.0,0.0,0.0,,,0.0,0.0,True,False,0,0,False,False
Q6ZQ38_940.0,0.0,0.0,0.0,,,0.0,0.0,True,False,0,0,False,False
Q6ZQ38_954.0,0.0,0.0,0.0,,,0.0,0.0,True,False,0,0,False,False
Q6ZQ58_1030.0,0.0,0.0,0.0,,,0.0,0.0,True,False,0,0,False,False
Q6ZQ58_930.0,0.0,0.0,0.0,,,0.0,0.0,True,False,0,0,False,False
Q6ZQ82_11.0,0.0,0.0,0.0,,,0.0,0.0,True,False,0,0,False,False
Q6ZQ82_142.0,0.0,0.0,0.0,,,0.0,0.0,True,False,0,0,False,False
Q6ZQ82_596.0,0.0,0.0,0.0,,,0.0,0.0,True,False,0,0,False,False
Q6ZQ93_132.0,0.0,0.0,0.0,,,0.0,0.0,True,False,0,0,False,False
Q6ZQB6_785.0,0.0,0.0,0.0,,,0.0,0.0,True,False,0,0,False,False
Q6ZQH8_1283.0,0.0,0.0,0.0,,,0.0,0.0,True,False,0,0,False,False
Q6ZQH8_303.0,0.0,0.0,0.0,,,0.0,0.0,True,False,0,0,False,False
Q6ZQI3_205.0,0.0,0.0,0.0,,,0.0,0.0,True,False,0,0,False,False
Q6ZQK5_10.0,0.0,0.0,0.0,,,0.0,0.0,True,False,0,0,False,False
Q6ZQK5_329.0,0.0,0.0,0.0,,,0.0,0.0,True,False,0,0,False,False
Q6ZQK5_339.0,0.0,0.0,0.0,,,0.0,0.0,True,False,0,0,False,False
Q6ZQK5_42.0,0.0,0.0,0.0,,,0.0,0.0,True,False,0,0,False,False
Q6ZQK5_468.0,0.0,0.0,0.0,,,0.0,0.0,True,False,0,0,False,False
Q6ZQK5_53.0,0.0,0.0,0.0,,,0.0,0.0,True,False,0,0,False,False
Q6ZQK5_560.0,0.0,0.0,0.0,,,0.0,0.0,True,False,0,0,False,False
Q6ZWQ0_6148.0,0.0,0.0,0.0,,,0.0,0.0,True,False,0,0,False,False
Q6ZWR6_1038.0,0.0,0.0,0.0,,,0.0,0.0,True,False,0,0,False,False
Q6ZWR6_1085.0,0.0,0.0,0.0,,,0.0,0.0,True,False,0,0,False,False
Q6ZWR6_1234.0,0.0,0.0,0.0,,,0.0,0.0,True,False,0,0,False,False
Q6ZWR6_1580.0,0.0,0.0,0.0,,,0.0,0.0,True,False,0,0,False,False
Q6ZWR6_1623.0,0.0,0.0,0.0,,,0.0,0.0,True,False,0,0,False,False
Q6ZWR6_1847.0,0.0,0.0,0.0,,,0.0,0.0,True,False,0,0,False,False
Q6ZWR6_2034.0,0.0,0.0,0.0,,,0.0,0.0,True,False,0,0,False,False
Q6ZWR6_2328.0,0.0,0.0,0.0,,,0.0,0.0,True,False,0,0,False,False
Q6ZWR6_2394.0,0.0,0.0,0.0,,,0.0,0.0,True,False,0,0,False,False
Q6ZWR6_2511.0,0.0,0.0,0.0,,,0.0,0.0,True,False,0,0,False,False
Q6ZWR6_2647.0,0.0,0.0,0.0,,,0.0,0.0,True,False,0,0,False,False
Q6ZWR6_2996.0,0.0,0.0,0.0,,,0.0,0.0,True,False,0,0,False,False
Q6ZWR6_3025.0,0.0,0.0,0.0,,,0.0,0.0,True,False,0,0,False,False
Q6ZWR6_3223.0,0.0,0.0,0.0,,,0.0,0.0,True,False,0,0,False,False
Q6ZWR6_3516.0,0.0,0.0,0.0,,,0.0,0.0,True,False,0,0,False,False
Q6ZWR6_3675.0,0.0,0.0,0.0,,,0.0,0.0,True,False,0,0,False,False
Q6ZWR6_3838.0,0.0,0.0,0.0,,,0.0,0.0,True,False,0,0,False,False
Q6ZWR6_3905.0,0.0,0.0,0.0,,,0.0,0.0,True,False,0,0,False,False
Q6ZWR6_3992.0,0.0,0.0,0.0,,,0.0,0.0,True,False,0,0,False,False
Q6ZWR6_4019.0,0.0,0.0,0.0,,,0.0,0.0,True,False,0,0,False,False
Q6ZWR6_4220.0,0.0,0.0,0.0,,,0.0,0.0,True,False,0,0,False,False
Q6ZWR6_4481.0,0.0,0.0,0.0,,,0.0,0.0,True,False,0,0,False,False
Q6ZWR6_4512.0,0.0,0.0,0.0,,,0.0,0.0,True,False,0,0,False,False
Q6ZWR6_4877.0,0.0,0.0,0.0,,,0.0,0.0,True,False,0,0,False,False
Q6ZWR6_4910.0,0.0,0.0,0.0,,,0.0,0.0,True,False,0,0,False,False
Q6ZWR6_5302.0,0.0,0.0,0.0,,,0.0,0.0,True,False,0,0,False,False
Q6ZWR6_5430.0,0.0,0.0,0.0,,,0.0,0.0,True,False,0,0,False,False
Q6ZWR6_5470.0,0.0,0.0,0.0,,,0.0,0.0,True,False,0,0,False,False
Q6ZWR6_5596.0,0.0,0.0,0.0,,,0.0,0.0,True,False,0,0,False,False
Q6ZWR6_5690.0,0.0,0.0,0.0,,,0.0,0.0,True,False,0,0,False,False
Q6ZWR6_5707.0,0.0,0.0,0.0,,,0.0,0.0,True,False,0,0,False,False
Q6ZWR6_6099.0,0.0,0.0,0.0,,,0.0,0.0,True,False,0,0,False,False
Q6ZWR6_6418.0,0.0,0.0,0.0,,,0.0,0.0,True,False,0,0,False,False
Q6ZWR6_6816.0,0.0,0.0,0.0,,,0.0,0.0,True,False,0,0,False,False
Q6ZWR6_7067.0,0.0,0.0,0.0,,,0.0,0.0,True,False,0,0,False,False
Q6ZWR6_7142.0,0.0,0.0,0.0,,,0.0,0.0,True,False,0,0,False,False
Q6ZWR6_7344.0,0.0,0.0,0.0,,,0.0,0.0,True,False,0,0,False,False
Q6ZWR6_7468.0,0.0,0.0,0.0,,,0.0,0.0,True,False,0,0,False,False
Q6ZWR6_7768.0,0.0,0.0,0.0,,,0.0,0.0,True,False,0,0,False,False
Q6ZWR6_7796.0,0.0,0.0,0.0,,,0.0,0.0,True,False,0,0,False,False
Q6ZWR6_7987.0,0.0,0.0,0.0,,,0.0,0.0,True,False,0,0,False,False
Q6ZWR6_8079.0,0.0,0.0,0.0,,,0.0,0.0,True,False,0,0,False,False
Q6ZWR6_8199.0,0.0,0.0,0.0,,,0.0,0.0,True,False,0,0,False,False
Q6ZWR6_8383.0,0.0,0.0,0.0,,,0.0,0.0,True,False,0,0,False,False
Q6ZWR6_8537.0,0.0,0.0,0.0,,,0.0,0.0,True,False,0,0,False,False
Q6ZWR6_8630.0,0.0,0.0,0.0,,,0.0,0.0,True,False,0,0,False,False
Q6ZWR6_865.0,0.0,0.0,0.0,,,0.0,0.0,True,False,0,0,False,False
Q6ZWR6_982.0,0.0,0.0,0.0,,,0.0,0.0,True,False,0,0,False,False
Q6ZWS4_45.0,0.0,0.0,0.0,,,0.0,0.0,True,False,0,0,False,False
Q6ZWU9_77.0,0.0,0.0,0.0,,,0.0,0.0,True,False,0,0,False,False
Q6ZWV3_105.0,0.0,0.0,0.0,,,0.0,0.0,True,False,0,0,False,False
Q6ZWV3_195.0,0.0,0.0,0.0,,,0.0,0.0,True,False,0,0,False,False
Q6ZWX6_199.0,0.0,0.0,0.0,,,0.0,0.0,True,False,0,0,False,False
Q6ZWX6_218.0,0.0,0.0,0.0,,,0.0,0.0,True,False,0,0,False,False
Q6ZWX6_70.0,0.0,0.0,0.0,,,0.0,0.0,True,False,0,0,False,False
Q6ZWZ2_191.0,0.0,0.0,0.0,,,0.0,0.0,True,False,0,0,False,False
Q70FJ1_2396.0,0.0,0.0,0.0,,,0.0,0.0,True,False,0,0,False,False
Q70FJ1_2862.0,0.0,0.0,0.0,,,0.0,0.0,True,False,0,0,False,False
Q70FJ1_3017.0,0.0,0.0,0.0,,,0.0,0.0,True,False,0,0,False,False
Q70FJ1_74.0,0.0,0.0,0.0,,,0.0,0.0,True,False,0,0,False,False
Q70IV5_230.0,0.0,0.0,0.0,,,0.0,0.0,True,False,0,0,False,False
Q71FD5_221.0,0.0,0.0,0.0,,,0.0,0.0,True,False,0,0,False,False
Q71LX4_1026.0,0.0,0.0,0.0,,,0.0,0.0,True,False,0,0,False,False
Q71LX4_1048.0,0.0,0.0,0.0,,,0.0,0.0,True,False,0,0,False,False
Q71LX4_118.0,0.0,0.0,0.0,,,0.0,0.0,True,False,0,0,False,False
Q71LX4_1202.0,0.0,0.0,0.0,,,0.0,0.0,True,False,0,0,False,False
Q71LX4_1356.0,0.0,0.0,0.0,,,0.0,0.0,True,False,0,0,False,False
Q71LX4_1428.0,0.0,0.0,0.0,,,0.0,0.0,True,False,0,0,False,False
Q71LX4_1509.0,0.0,0.0,0.0,,,0.0,0.0,True,False,0,0,False,False
Q71LX4_1664.0,0.0,0.0,0.0,,,0.0,0.0,True,False,0,0,False,False
Q71LX4_1839.0,0.0,0.0,0.0,,,0.0,0.0,True,False,0,0,False,False
Q71LX4_1852.0,0.0,0.0,0.0,,,0.0,0.0,True,False,0,0,False,False
Q71LX4_2131.0,0.0,0.0,0.0,,,0.0,0.0,True,False,0,0,False,False
Q71LX4_2320.0,3.1341758569081626,1.682486653327942,-0.8974910701157051,0.49251373898832007,,-1.4516892035802207,1.4516892035802207,False,True,partial,partial,False,False
Q71LX4_289.0,0.0,0.0,0.0,,,0.0,0.0,True,False,0,0,False,False
Q71LX4_31.0,0.0,0.0,0.0,,,0.0,0.0,True,False,0,0,False,False
Q71LX4_713.0,0.0,0.0,0.0,,,0.0,0.0,True,False,0,0,False,False
Q71LX4_736.0,0.0,0.0,0.0,,,0.0,0.0,True,False,0,0,False,False
Q71LX4_758.0,0.0,0.0,0.0,,,0.0,0.0,True,False,0,0,False,False
Q71LX4_959.0,0.0,0.0,0.0,,,0.0,0.0,True,False,0,0,False,False
Q71M36_399.0,27.10480499267578,17.810804049173992,-0.6057959805760011,0.2055920297751507,,-9.29400094350179,9.29400094350179,False,True,partial,partial,False,False
Q71M36_512.0,2.2999095916748047,8.233869711558023,1.8399934692916724,0.12446989873039359,,5.933960119883219,5.933960119883219,False,True,partial,partial,False,False
Q71M36_560.0,0.0,0.0,0.0,,,0.0,0.0,True,False,0,0,False,False
Q71RI9_113.0,0.0,0.0,0.0,,,0.0,0.0,True,False,0,0,False,False
Q71RI9_338.0,0.0,0.0,0.0,,,0.0,0.0,True,False,0,0,False,False
Q71RI9_417.0,0.0,0.0,0.0,,,0.0,0.0,True,False,0,0,False,False
Q761V0_122.0,0.0,0.0,0.0,,,0.0,0.0,True,False,0,0,False,False
Q761V0_333.0,13.401203473409018,5.133771896362305,-1.3842714645665128,0.16424865998609664,,-8.267431577046713,8.267431577046713,False,True,partial,partial,False,False
Q761V0_754.0,26.353291829427082,21.808993657430012,-0.2730599817563597,0.7312375717910609,,-4.54429817199707,4.54429817199707,False,True,partial,partial,False,False
Q76LS9_115.0,0.0,0.0,0.0,,,0.0,0.0,True,False,0,0,False,False
Q76LS9_173.0,0.0,0.0,0.0,,,0.0,0.0,True,False,0,0,False,False
Q76LS9_94.0,1.5601743062337239,0.9455216725667318,-0.7225247865897211,0.6629662225173922,,-0.6146526336669921,0.6146526336669921,False,True,partial,partial,False,False
Q76MZ3_148.0,0.0,0.0,0.0,,,0.0,0.0,True,False,0,0,False,False
Q76MZ3_154.0,0.0,0.0,0.0,,,0.0,0.0,True,False,0,0,False,False
Q76MZ3_174.0,0.13582747181256613,0.0,-27.017200071390313,0.36321746764912255,,-0.13582747181256613,0.13582747181256613,False,True,partial,0,False,False
Q76MZ3_294.0,0.0,0.0,0.0,,,0.0,0.0,True,False,0,0,False,False
Q76MZ3_310.0,0.0,0.0,0.0,,,0.0,0.0,True,False,0,0,False,False
Q76MZ3_317.0,0.0,0.0,0.0,,,0.0,0.0,True,False,0,0,False,False
Q76MZ3_329.0,0.0,0.0,0.0,,,0.0,0.0,True,False,0,0,False,False
Q76MZ3_377.0,0.0,0.0,0.0,,,0.0,0.0,True,False,0,0,False,False
Q76MZ3_390.0,0.0,0.0,0.0,,,0.0,0.0,True,False,0,0,False,False
Q76N33_38.0,0.0,0.0,0.0,,,0.0,0.0,True,False,0,0,False,False
Q76N33_402.0,0.0,0.0,0.0,,,0.0,0.0,True,False,0,0,False,False
Q76N33_98.0,0.0,0.0,0.0,,,0.0,0.0,True,False,0,0,False,False
Q78IK4_152.0,0.0,0.0,0.0,,,0.0,0.0,True,False,0,0,False,False
Q78J03_132.0,0.0,0.0,0.0,,,0.0,0.0,True,False,0,0,False,False
Q78J03_142.0,0.0,0.0,0.0,,,0.0,0.0,True,False,0,0,False,False
Q78J03_162.0,0.0,0.0,0.0,,,0.0,0.0,True,False,0,0,False,False
Q78J03_83.0,0.0,0.0,0.0,,,0.0,0.0,True,False,0,0,False,False
Q78J03_98.0,0.0,0.0,0.0,,,0.0,0.0,True,False,0,0,False,False
Q78PG9_71.0,0.0,0.0,0.0,,,0.0,0.0,True,False,0,0,False,False
Q78PY7_152.0,0.0,0.0,0.0,,,0.0,0.0,True,False,0,0,False,False
Q78PY7_736.0,0.0,0.0,0.0,,,0.0,0.0,True,False,0,0,False,False
Q78PY7_826.0,0.0,0.0,0.0,,,0.0,0.0,True,False,0,0,False,False
Q78PY7_96.0,0.0,0.0,0.0,,,0.0,0.0,True,False,0,0,False,False
Q78T81_175.0,0.0,0.0,0.0,,,0.0,0.0,True,False,0,0,False,False
Q78WH7_28.0,0.0,0.0,0.0,,,0.0,0.0,True,False,0,0,False,False
Q78XF5_14.0,0.0,0.0,0.0,,,0.0,0.0,True,False,0,0,False,False
Q78ZA7_247.0,0.0,0.0,0.0,,,0.0,0.0,True,False,0,0,False,False
Q791T5_206.0,0.0,0.0,0.0,,,0.0,0.0,True,False,0,0,False,False
Q791T5_222.0,0.0,0.0,0.0,,,0.0,0.0,True,False,0,0,False,False
Q791V5_296.0,0.0,0.0,0.0,,,0.0,0.0,True,False,0,0,False,False
Q791V5_49.0,0.0,0.0,0.0,,,0.0,0.0,True,False,0,0,False,False
Q791V5_56.0,0.0,0.0,0.0,,,0.0,0.0,True,False,0,0,False,False
Q791V5_79.0,1.1255213419596355,1.6718575954437256,0.5708585539483311,0.5536982752519277,,0.5463362534840901,0.5463362534840901,False,True,partial,partial,False,False
Q7M6Z0_265.0,0.0,0.0,0.0,,,0.0,0.0,True,False,0,0,False,False
Q7M6Z0_288.0,16.540983200073242,10.750635147094727,-0.6216230944578206,0.2688395798905087,,-5.790348052978516,5.790348052978516,False,True,partial,partial,False,False
Q7M6Z0_310.0,0.0,0.0,0.0,,,0.0,0.0,True,False,0,0,False,False
Q7M729_201.0,0.0,0.0,0.0,,,0.0,0.0,True,False,0,0,False,False
Q7M750_72.0,0.0,0.0,0.0,,,0.0,0.0,True,False,0,0,False,False
Q7M753_246.0,0.0,0.0,0.0,,,0.0,0.0,True,False,0,0,False,False
Q7M759_120.0,0.0,0.0,0.0,,,0.0,0.0,True,False,0,0,False,False
Q7M759_210.0,6.016767819722493,6.6326297124226885,0.1405922992086195,0.9157381182197604,,0.6158618927001953,0.6158618927001953,False,True,partial,partial,False,False
Q7M759_68.0,0.0,0.0,0.0,,,0.0,0.0,True,False,0,0,False,False
Q7SIG6_86.0,0.0,0.0,0.0,,,0.0,0.0,True,False,0,0,False,False
Q7TMB8_334.0,0.0,0.0,0.0,,,0.0,0.0,True,False,0,0,False,False
Q7TMB8_428.0,0.0,0.0,0.0,,,0.0,0.0,True,False,0,0,False,False
Q7TMB8_519.0,1.7691117922465007,3.9592811266581216,1.1622132918521073,0.3339946960489481,,2.190169334411621,2.190169334411621,False,True,partial,partial,False,False
Q7TMB8_918.0,0.0,0.0,0.0,,,0.0,0.0,True,False,0,0,False,False
Q7TMB8_993.0,0.0,0.0,0.0,,,0.0,0.0,True,False,0,0,False,False
Q7TMC8_1000.0,0.0,0.0,0.0,,,0.0,0.0,True,False,0,0,False,False
Q7TMC8_536.0,0.0,0.0,0.0,,,0.0,0.0,True,False,0,0,False,False
Q7TMC8_552.0,0.0,0.0,0.0,,,0.0,0.0,True,False,0,0,False,False
Q7TMC8_569.0,0.0,0.0,0.0,,,0.0,0.0,True,False,0,0,False,False
Q7TMC8_582.0,0.0,0.0,0.0,,,0.0,0.0,True,False,0,0,False,False
Q7TMC8_609.0,0.0,0.0,0.0,,,0.0,0.0,True,False,0,0,False,False
Q7TMC8_643.0,0.0,0.0,0.0,,,0.0,0.0,True,False,0,0,False,False
Q7TMC8_711.0,0.0,0.0,0.0,,,0.0,0.0,True,False,0,0,False,False
Q7TME0_13.0,0.0,0.0,0.0,,,0.0,0.0,True,False,0,0,False,False
Q7TME0_514.0,0.0,0.0,0.0,,,0.0,0.0,True,False,0,0,False,False
Q7TME0_605.0,1.5927386283874512,0.6144067645072937,-1.3742435306157708,0.2927561727784858,,-0.9783318638801575,0.9783318638801575,False,True,partial,partial,False,False
Q7TME0_676.0,0.0,0.0,0.0,,,0.0,0.0,True,False,0,0,False,False
Q7TMF3_92.0,0.0,0.0,0.0,,,0.0,0.0,True,False,0,0,False,False
Q7TMI3_42.0,0.0,0.0,0.0,,,0.0,0.0,True,False,0,0,False,False
Q7TMK9_211.0,0.0,0.0,0.0,,,0.0,0.0,True,False,0,0,False,False
Q7TMQ7_247.0,0.0,0.0,0.0,,,0.0,0.0,True,False,0,0,False,False
Q7TMQ7_354.0,0.0,0.0,0.0,,,0.0,0.0,True,False,0,0,False,False
Q7TMQ7_705.0,0.0,0.0,0.0,,,0.0,0.0,True,False,0,0,False,False
Q7TMR0_231.0,0.0,0.0,0.0,,,0.0,0.0,True,False,0,0,False,False
Q7TMR0_262.0,0.0,0.0,0.0,,,0.0,0.0,True,False,0,0,False,False
Q7TMW6_270.0,0.0,0.0,0.0,,,0.0,0.0,True,False,0,0,False,False
Q7TMY8_1252.0,0.0,0.0,0.0,,,0.0,0.0,True,False,0,0,False,False
Q7TMY8_1401.0,0.0,0.0,0.0,,,0.0,0.0,True,False,0,0,False,False
Q7TMY8_1462.0,0.0,0.0,0.0,,,0.0,0.0,True,False,0,0,False,False
Q7TMY8_1762.0,33.05823834737142,39.1127872467041,0.24263050236738656,0.7934860464300589,,6.05454889933268,6.05454889933268,False,True,partial,partial,False,False
Q7TMY8_1832.0,0.0,0.0,0.0,,,0.0,0.0,True,False,0,0,False,False
Q7TMY8_1879.0,0.0,0.0,0.0,,,0.0,0.0,True,False,0,0,False,False
Q7TMY8_1891.0,0.0,0.0,0.0,,,0.0,0.0,True,False,0,0,False,False
Q7TMY8_19.0,0.0,0.0,0.0,,,0.0,0.0,True,False,0,0,False,False
Q7TMY8_2666.0,0.0,0.0,0.0,,,0.0,0.0,True,False,0,0,False,False
Q7TMY8_2721.0,0.0,0.0,0.0,,,0.0,0.0,True,False,0,0,False,False
Q7TMY8_29.0,0.0,0.0,0.0,,,0.0,0.0,True,False,0,0,False,False
Q7TMY8_3239.0,0.0,0.0,0.0,,,0.0,0.0,True,False,0,0,False,False
Q7TMY8_3333.0,0.0,0.0,0.0,,,0.0,0.0,True,False,0,0,False,False
Q7TMY8_3361.0,0.0,0.0,0.0,,,0.0,0.0,True,False,0,0,False,False
Q7TMY8_349.0,0.0,0.0,0.0,,,0.0,0.0,True,False,0,0,False,False
Q7TMY8_4129.0,0.0,0.0,0.0,,,0.0,0.0,True,False,0,0,False,False
Q7TMY8_4344.0,0.0,0.0,0.0,,,0.0,0.0,True,False,0,0,False,False
Q7TMY8_467.0,0.0,0.0,0.0,,,0.0,0.0,True,False,0,0,False,False
Q7TMY8_471.0,0.0,0.0,0.0,,,0.0,0.0,True,False,0,0,False,False
Q7TMY8_624.0,0.0,0.0,0.0,,,0.0,0.0,True,False,0,0,False,False
Q7TMY8_689.0,0.0,0.0,0.0,,,0.0,0.0,True,False,0,0,False,False
Q7TMY8_699.0,0.0,0.0,0.0,,,0.0,0.0,True,False,0,0,False,False
Q7TMY8_790.0,0.0,0.0,0.0,,,0.0,0.0,True,False,0,0,False,False
Q7TN29_196.0,0.0,0.0,0.0,,,0.0,0.0,True,False,0,0,False,False
Q7TN29_28.0,0.0,0.0,0.0,,,0.0,0.0,True,False,0,0,False,False
Q7TN29_80.0,0.0,0.0,0.0,,,0.0,0.0,True,False,0,0,False,False
Q7TN74_380.0,0.0,0.0,0.0,,,0.0,0.0,True,False,0,0,False,False
Q7TN74_744.0,0.0,0.0,0.0,,,0.0,0.0,True,False,0,0,False,False
Q7TN74_861.0,0.0,0.0,0.0,,,0.0,0.0,True,False,0,0,False,False
Q7TN99_654.0,0.0,0.0,0.0,,,0.0,0.0,True,False,0,0,False,False
Q7TNC4_190.0,0.0,0.0,0.0,,,0.0,0.0,True,False,0,0,False,False
Q7TNC4_43.0,0.0,0.0,0.0,,,0.0,0.0,True,False,0,0,False,False
Q7TNC4_59.0,0.0,0.0,0.0,,,0.0,0.0,True,False,0,0,False,False
Q7TNC9_159.0,0.0,0.0,0.0,,,0.0,0.0,True,False,0,0,False,False
Q7TNE1_305.0,0.0,0.0,0.0,,,0.0,0.0,True,False,0,0,False,False
Q7TNE1_426.0,0.0,0.0,0.0,,,0.0,0.0,True,False,0,0,False,False
Q7TNE3_191.0,0.0,0.0,0.0,,,0.0,0.0,True,False,0,0,False,False
Q7TNF0_143.0,0.0,0.0,0.0,,,0.0,0.0,True,False,0,0,False,False
Q7TNF0_377.0,0.0,0.0,0.0,,,0.0,0.0,True,False,0,0,False,False
Q7TNG5_110.0,0.0,0.0,0.0,,,0.0,0.0,True,False,0,0,False,False
Q7TNG5_203.0,0.0,0.0,0.0,,,0.0,0.0,True,False,0,0,False,False
Q7TNG5_301.0,0.0,0.0,0.0,,,0.0,0.0,True,False,0,0,False,False
Q7TNG5_395.0,0.0,0.0,0.0,,,0.0,0.0,True,False,0,0,False,False
Q7TNG5_604.0,0.0,0.0,0.0,,,0.0,0.0,True,False,0,0,False,False
Q7TNG8_287.0,0.0,0.0,0.0,,,0.0,0.0,True,False,0,0,False,False
Q7TNG8_369.0,0.0,0.0,0.0,,,0.0,0.0,True,False,0,0,False,False
Q7TNG8_439.0,0.0,0.0,0.0,,,0.0,0.0,True,False,0,0,False,False
Q7TNL5_339.0,0.0,0.0,0.0,,,0.0,0.0,True,False,0,0,False,False
Q7TNL5_403.0,0.0,0.0,0.0,,,0.0,0.0,True,False,0,0,False,False
Q7TNL5_477.0,0.0,0.0,0.0,,,0.0,0.0,True,False,0,0,False,False
Q7TNL9_108.0,0.0,0.0,0.0,,,0.0,0.0,True,False,0,0,False,False
Q7TNL9_98.0,0.0,0.0,0.0,,,0.0,0.0,True,False,0,0,False,False
Q7TNM2_130.0,0.0,0.0,0.0,,,0.0,0.0,True,False,0,0,False,False
Q7TNM2_194.0,0.0,0.0,0.0,,,0.0,0.0,True,False,0,0,False,False
Q7TNM2_293.0,0.0,0.0,0.0,,,0.0,0.0,True,False,0,0,False,False
Q7TNM2_33.0,0.0,0.0,0.0,,,0.0,0.0,True,False,0,0,False,False
Q7TNM2_338.0,0.0,0.0,0.0,,,0.0,0.0,True,False,0,0,False,False
Q7TNM2_377.0,0.0,0.0,0.0,,,0.0,0.0,True,False,0,0,False,False
Q7TNM2_410.0,0.0,0.0,0.0,,,0.0,0.0,True,False,0,0,False,False
Q7TNM2_596.0,0.0,0.0,0.0,,,0.0,0.0,True,False,0,0,False,False
Q7TNM2_694.0,0.0,0.0,0.0,,,0.0,0.0,True,False,0,0,False,False
Q7TNR6_116.0,18.935165882110596,4.484382152557373,-2.078086926928615,0.005191309551287954,,-14.450783729553223,14.450783729553223,False,True,partial,partial,False,False
Q7TNR6_321.0,0.0,0.0,0.0,,,0.0,0.0,True,False,0,0,False,False
Q7TNS2_13.0,0.0,0.0,0.0,,,0.0,0.0,True,False,0,0,False,False
Q7TNS5_114.0,8.325223604838053,7.398337682088216,-0.17028787077475008,0.9012800163965539,,-0.9268859227498369,0.9268859227498369,False,True,partial,partial,False,False
Q7TNS5_209.0,0.0,0.0,0.0,,,0.0,0.0,True,False,0,0,False,False
Q7TNS5_305.0,0.0,0.0,0.0,,,0.0,0.0,True,False,0,0,False,False
Q7TNV0_165.0,0.0,0.0,0.0,,,0.0,0.0,True,False,0,0,False,False
Q7TPB0_54.0,0.0,0.0,0.0,,,0.0,0.0,True,False,0,0,False,False
Q7TPD0_353.0,0.0,0.0,0.0,,,0.0,0.0,True,False,0,0,False,False
Q7TPD0_738.0,0.0,0.0,0.0,,,0.0,0.0,True,False,0,0,False,False
Q7TPD0_841.0,0.0,0.0,0.0,,,0.0,0.0,True,False,0,0,False,False
Q7TPD0_864.0,0.0,0.0,0.0,,,0.0,0.0,True,False,0,0,False,False
Q7TPD0_957.0,0.0,0.0,0.0,,,0.0,0.0,True,False,0,0,False,False
Q7TPD1_180.0,0.0,0.0,0.0,,,0.0,0.0,True,False,0,0,False,False
Q7TPD2_155.0,0.0,0.0,0.0,,,0.0,0.0,True,False,0,0,False,False
Q7TPD3_203.0,0.0,0.0,0.0,,,0.0,0.0,True,False,0,0,False,False
Q7TPD3_246.0,46.17663304011027,1.9313629468282063,-4.579471772470272,0.05499617473415042,,-44.24527009328206,44.24527009328206,False,True,partial,partial,False,False
Q7TPD3_339.0,0.0,0.0,0.0,,,0.0,0.0,True,False,0,0,False,False
Q7TPD3_372.0,0.0,0.0,0.0,,,0.0,0.0,True,False,0,0,False,False
Q7TPD3_52.0,0.0,0.0,0.0,,,0.0,0.0,True,False,0,0,False,False
Q7TPE5_27.0,0.0,0.0,0.0,,,0.0,0.0,True,False,0,0,False,False
Q7TPG7_44.0,0.0,0.0,0.0,,,0.0,0.0,True,False,0,0,False,False
Q7TPG7_84.0,0.0,0.0,0.0,,,0.0,0.0,True,False,0,0,False,False
Q7TPG8_118.0,0.0,0.0,0.0,,,0.0,0.0,True,False,0,0,False,False
Q7TPH6_1516.0,0.0,0.0,0.0,,,0.0,0.0,True,False,0,0,False,False
Q7TPH6_2166.0,0.0,0.0,0.0,,,0.0,0.0,True,False,0,0,False,False
Q7TPH6_222.0,0.0,0.0,0.0,,,0.0,0.0,True,False,0,0,False,False
Q7TPH6_3023.0,0.0,0.0,0.0,,,0.0,0.0,True,False,0,0,False,False
Q7TPH6_3102.0,0.0,0.0,0.0,,,0.0,0.0,True,False,0,0,False,False
Q7TPH6_3262.0,0.0,0.0,0.0,,,0.0,0.0,True,False,0,0,False,False
Q7TPH6_4646.0,0.0,0.0,0.0,,,0.0,0.0,True,False,0,0,False,False
Q7TPM1_736.0,0.0,0.0,0.0,,,0.0,0.0,True,False,0,0,False,False
Q7TPM1_743.0,0.0,0.0,0.0,,,0.0,0.0,True,False,0,0,False,False
Q7TPM6_421.0,0.0,0.0,0.0,,,0.0,0.0,True,False,0,0,False,False
Q7TPM6_87.0,0.0,0.0,0.0,,,0.0,0.0,True,False,0,0,False,False
Q7TPM9_104.0,0.0,0.0,0.0,,,0.0,0.0,True,False,0,0,False,False
Q7TPR4_180.0,0.0,0.0,0.0,,,0.0,0.0,True,False,0,0,False,False
Q7TPR4_370.0,0.0,0.0,0.0,,,0.0,0.0,True,False,0,0,False,False
Q7TPR4_480.0,0.0,0.0,0.0,,,0.0,0.0,True,False,0,0,False,False
Q7TPR4_690.0,2.3559579849243164,4.324203451474507,0.8761205913905488,0.19162022326827663,,1.968245466550191,1.968245466550191,False,True,partial,partial,False,False
Q7TPS5_148.0,0.0,0.0,0.0,,,0.0,0.0,True,False,0,0,False,False
Q7TPS5_449.0,0.0,0.0,0.0,,,0.0,0.0,True,False,0,0,False,False
Q7TPS5_512.0,0.0,0.0,0.0,,,0.0,0.0,True,False,0,0,False,False
Q7TPS5_751.0,0.0,0.0,0.0,,,0.0,0.0,True,False,0,0,False,False
Q7TPS5_884.0,0.0,0.0,0.0,,,0.0,0.0,True,False,0,0,False,False
Q7TPV4_361.0,0.0,0.0,0.0,,,0.0,0.0,True,False,0,0,False,False
Q7TPV4_963.0,0.0,0.0,0.0,,,0.0,0.0,True,False,0,0,False,False
Q7TQD2_82.0,0.0,0.0,0.0,,,0.0,0.0,True,False,0,0,False,False
Q7TQE6_371.0,0.0,0.0,0.0,,,0.0,0.0,True,False,0,0,False,False
Q7TQF7_102.0,0.0,0.0,0.0,,,0.0,0.0,True,False,0,0,False,False
Q7TQF7_224.0,0.0,0.0,0.0,,,0.0,0.0,True,False,0,0,False,False
Q7TQI3_204.0,0.0,0.0,0.0,,,0.0,0.0,True,False,0,0,False,False
Q7TQI3_212.0,0.0,0.0,0.0,,,0.0,0.0,True,False,0,0,False,False
Q7TQI3_91.0,12.823993364969889,14.612703800201416,0.18837756167081665,0.6279838058499942,,1.7887104352315273,1.7887104352315273,False,True,partial,partial,False,False
Q7TQI7_460.0,0.0,0.0,0.0,,,0.0,0.0,True,False,0,0,False,False
Q7TQK4_214.0,0.0,0.0,0.0,,,0.0,0.0,True,False,0,0,False,False
Q7TQK5_282.0,0.0,0.0,0.0,,,0.0,0.0,True,False,0,0,False,False
Q7TSC1_435.0,22.809197425842285,41.716552734375,0.8710042607577866,0.05894233603519635,,18.907355308532715,18.907355308532715,False,True,partial,partial,False,False
Q7TSE6_235.0,0.0,0.0,0.0,,,0.0,0.0,True,False,0,0,False,False
Q7TSE6_362.0,0.0,0.0,0.0,,,0.0,0.0,True,False,0,0,False,False
Q7TSG2_431.0,0.0,0.0,0.0,,,0.0,0.0,True,False,0,0,False,False
Q7TSG2_95.0,0.0,0.0,0.0,,,0.0,0.0,True,False,0,0,False,False
Q7TSH2_1058.0,0.0,0.0,0.0,,,0.0,0.0,True,False,0,0,False,False
Q7TSH2_411.0,0.0,0.0,0.0,,,0.0,0.0,True,False,0,0,False,False
Q7TSH4_285.0,0.0,0.0,0.0,,,0.0,0.0,True,False,0,0,False,False
Q7TSH4_496.0,0.0,0.0,0.0,,,0.0,0.0,True,False,0,0,False,False
Q7TSH8_257.0,0.0,0.0,0.0,,,0.0,0.0,True,False,0,0,False,False
Q7TSI3_216.0,0.0,0.0,0.0,,,0.0,0.0,True,False,0,0,False,False
Q7TSI3_775.0,0.0,0.0,0.0,,,0.0,0.0,True,False,0,0,False,False
Q7TSJ2_135.0,0.0,0.0,0.0,,,0.0,0.0,True,False,0,0,False,False
Q7TSJ2_500.0,0.0,0.0,0.0,,,0.0,0.0,True,False,0,0,False,False
Q7TSK2_529.0,0.0,0.0,0.0,,,0.0,0.0,True,False,0,0,False,False
Q7TSQ8_356.0,0.0,0.0,0.0,,,0.0,0.0,True,False,0,0,False,False
Q7TSQ8_652.0,0.0,0.0,0.0,,,0.0,0.0,True,False,0,0,False,False
Q7TSQ8_734.0,0.0,0.0,0.0,,,0.0,0.0,True,False,0,0,False,False
Q7TSQ8_84.0,0.0,0.0,0.0,,,0.0,0.0,True,False,0,0,False,False
Q7TSV4_581.0,4.967533111572266,5.812946319580078,0.22674000190104404,0.9142017401970919,,0.8454132080078125,0.8454132080078125,False,True,partial,partial,False,False
Q7TSV4_94.0,0.0,0.0,0.0,,,0.0,0.0,True,False,0,0,False,False
Q7TSY6_143.0,0.0,0.0,0.0,,,0.0,0.0,True,False,0,0,False,False
Q7TSY6_97.0,0.0,0.0,0.0,,,0.0,0.0,True,False,0,0,False,False
Q7TSZ8_177.0,0.0,0.0,0.0,,,0.0,0.0,True,False,0,0,False,False
Q7TT37_1307.0,0.0,0.0,0.0,,,0.0,0.0,True,False,0,0,False,False
Q7TT37_451.0,0.0,0.0,0.0,,,0.0,0.0,True,False,0,0,False,False
Q7TT37_821.0,0.0,0.0,0.0,,,0.0,0.0,True,False,0,0,False,False
Q7TT50_1123.0,0.0,0.0,0.0,,,0.0,0.0,True,False,0,0,False,False
Q7TT50_1175.0,0.0,0.0,0.0,,,0.0,0.0,True,False,0,0,False,False
Q7TT50_1298.0,0.0,0.0,0.0,,,0.0,0.0,True,False,0,0,False,False
Q7TT50_1330.0,0.0,0.0,0.0,,,0.0,0.0,True,False,0,0,False,False
Q7TT50_1356.0,0.0,0.0,0.0,,,0.0,0.0,True,False,0,0,False,False
Q7TT50_1519.0,0.0,0.0,0.0,,,0.0,0.0,True,False,0,0,False,False
Q7TT50_1711.0,0.0,0.0,0.0,,,0.0,0.0,True,False,0,0,False,False
Q7TT50_222.0,0.0,0.0,0.0,,,0.0,0.0,True,False,0,0,False,False
Q7TT50_654.0,0.0,0.0,0.0,,,0.0,0.0,True,False,0,0,False,False
Q7TT50_784.0,0.0,0.0,0.0,,,0.0,0.0,True,False,0,0,False,False
Q80SW1_106.0,0.0,0.0,0.0,,,0.0,0.0,True,False,0,0,False,False
Q80SW1_373.0,0.0,0.0,0.0,,,0.0,0.0,True,False,0,0,False,False
Q80SW1_392.0,0.0,0.0,0.0,,,0.0,0.0,True,False,0,0,False,False
Q80SY4_386.0,0.0,0.0,0.0,,,0.0,0.0,True,False,0,0,False,False
Q80SY4_554.0,0.0,0.0,0.0,,,0.0,0.0,True,False,0,0,False,False
Q80SY5_114.0,0.0,0.0,0.0,,,0.0,0.0,True,False,0,0,False,False
Q80T41_107.0,26.891392707824707,18.98029152552287,-0.5026423230072312,0.0132066287930382,,-7.911101182301838,7.911101182301838,False,True,partial,partial,False,False
Q80T41_264.0,0.0,0.0,0.0,,,0.0,0.0,True,False,0,0,False,False
Q80T41_874.0,0.0,0.0,0.0,,,0.0,0.0,True,False,0,0,False,False
Q80T79_1878.0,0.0,0.0,0.0,,,0.0,0.0,True,False,0,0,False,False
Q80T85_727.0,0.0,0.0,0.0,,,0.0,0.0,True,False,0,0,False,False
Q80TA6_114.0,0.0,0.0,0.0,,,0.0,0.0,True,False,0,0,False,False
Q80TA6_212.0,0.0,0.0,0.0,,,0.0,0.0,True,False,0,0,False,False
Q80TA6_53.0,0.0,0.0,0.0,,,0.0,0.0,True,False,0,0,False,False
Q80TA6_67.0,0.0,0.0,0.0,,,0.0,0.0,True,False,0,0,False,False
Q80TA9_1471.0,0.0,0.0,0.0,,,0.0,0.0,True,False,0,0,False,False
Q80TA9_1853.0,0.0,40.967779795328774,35.25377065854275,0.0961318616262003,,40.967779795328774,40.967779795328774,False,True,0,partial,False,False
Q80TB8_104.0,0.0,0.0,0.0,,,0.0,0.0,True,False,0,0,False,False
Q80TB8_251.0,0.0,0.0,0.0,,,0.0,0.0,True,False,0,0,False,False
Q80TB8_76.0,3.5819136699040732,0.0,-31.738083420774277,0.0001907554285937074,,-3.5819136699040732,3.5819136699040732,False,True,partial,0,False,False
Q80TE4_1055.0,0.0,0.0,0.0,,,0.0,0.0,True,False,0,0,False,False
Q80TE4_1273.0,0.0,0.0,0.0,,,0.0,0.0,True,False,0,0,False,False
Q80TE4_1559.0,0.0,0.0,0.0,,,0.0,0.0,True,False,0,0,False,False
Q80TE7_1401.0,0.0,0.0,0.0,,,0.0,0.0,True,False,0,0,False,False
Q80TE7_32.0,0.0,0.0,0.0,,,0.0,0.0,True,False,0,0,False,False
Q80TE7_481.0,0.0,0.0,0.0,,,0.0,0.0,True,False,0,0,False,False
Q80TE7_503.0,0.0,0.0,0.0,,,0.0,0.0,True,False,0,0,False,False
Q80TE7_541.0,0.0,0.0,0.0,,,0.0,0.0,True,False,0,0,False,False
Q80TE7_914.0,0.0,0.0,0.0,,,0.0,0.0,True,False,0,0,False,False
Q80TH2_32.0,0.0,0.0,0.0,,,0.0,0.0,True,False,0,0,False,False
Q80TH2_464.0,0.0,0.0,0.0,,,0.0,0.0,True,False,0,0,False,False
Q80TH2_823.0,0.0,0.0,0.0,,,0.0,0.0,True,False,0,0,False,False
Q80TI0_117.0,0.0,0.0,0.0,,,0.0,0.0,True,False,0,0,False,False
Q80TI0_175.0,0.0,0.0,0.0,,,0.0,0.0,True,False,0,0,False,False
Q80TI0_210.0,0.0,0.0,0.0,,,0.0,0.0,True,False,0,0,False,False
Q80TJ1_1109.0,0.0,0.0,0.0,,,0.0,0.0,True,False,0,0,False,False
Q80TJ1_1137.0,5.6735999584198,10.707710425059,0.9163136929559718,0.19469002942495547,,5.0341104666392,5.0341104666392,False,True,partial,partial,False,False
Q80TJ1_1154.0,1.6511753400166829,2.4771817525227866,0.5852063940359482,0.7879004743017732,,0.8260064125061037,0.8260064125061037,False,True,partial,partial,False,False
Q80TJ1_200.0,1.5300695598125458,1.879702130953471,0.2969068195849636,0.2633889517924905,,0.34963257114092516,0.34963257114092516,False,True,partial,partial,False,False
Q80TJ1_293.0,10.321060021718344,10.00530469417572,-0.044826047291625065,0.9439192059073567,,-0.3157553275426235,0.3157553275426235,False,True,partial,partial,False,False
Q80TJ1_419.0,0.0,0.0,0.0,,,0.0,0.0,True,False,0,0,False,False
Q80TJ1_501.0,0.0,0.0,0.0,,,0.0,0.0,True,False,0,0,False,False
Q80TJ1_676.0,8.34882656733195,5.887236436208089,-0.5039828714731996,0.5369169756115666,,-2.4615901311238604,2.4615901311238604,False,True,partial,partial,False,False
Q80TJ1_802.0,0.0,0.0,0.0,,,0.0,0.0,True,False,0,0,False,False
Q80TJ1_967.0,0.0,0.0,0.0,,,0.0,0.0,True,False,0,0,False,False
Q80TL0_145.0,0.0,0.0,0.0,,,0.0,0.0,True,False,0,0,False,False
Q80TL0_154.0,2.631231427192688,2.1220037937164307,-0.3103109091738875,0.5794590360948656,,-0.5092276334762573,0.5092276334762573,False,True,partial,partial,False,False
Q80TL0_179.0,0.0,0.0,0.0,,,0.0,0.0,True,False,0,0,False,False
Q80TL0_210.0,0.0,0.0,0.0,,,0.0,0.0,True,False,0,0,False,False
Q80TL0_304.0,0.0,0.0,0.0,,,0.0,0.0,True,False,0,0,False,False
Q80TL0_531.0,0.0,0.0,0.0,,,0.0,0.0,True,False,0,0,False,False
Q80TL1_365.0,0.0,0.0,0.0,,,0.0,0.0,True,False,0,0,False,False
Q80TL1_911.0,0.0,0.0,0.0,,,0.0,0.0,True,False,0,0,False,False
Q80TL4_120.0,0.0,0.0,0.0,,,0.0,0.0,True,False,0,0,False,False
Q80TL4_158.0,0.0,0.0,0.0,,,0.0,0.0,True,False,0,0,False,False
Q80TL4_216.0,0.0,0.0,0.0,,,0.0,0.0,True,False,0,0,False,False
Q80TL4_316.0,0.0,0.0,0.0,,,0.0,0.0,True,False,0,0,False,False
Q80TL4_334.0,5.251343727111816,4.345988829930623,-0.27300216390939025,0.6845046746346635,,-0.9053548971811933,0.9053548971811933,False,True,partial,partial,False,False
Q80TL7_1031.0,0.0,0.0,0.0,,,0.0,0.0,True,False,0,0,False,False
Q80TL7_1221.0,0.0,0.0,0.0,,,0.0,0.0,True,False,0,0,False,False
Q80TL7_1451.0,0.0,0.0,0.0,,,0.0,0.0,True,False,0,0,False,False
Q80TL7_1561.0,0.0,0.0,0.0,,,0.0,0.0,True,False,0,0,False,False
Q80TL7_211.0,0.0,0.0,0.0,,,0.0,0.0,True,False,0,0,False,False
Q80TL7_275.0,0.0,0.0,0.0,,,0.0,0.0,True,False,0,0,False,False
Q80TL7_362.0,0.0,0.0,0.0,,,0.0,0.0,True,False,0,0,False,False
Q80TL7_372.0,0.0,0.0,0.0,,,0.0,0.0,True,False,0,0,False,False
Q80TL7_589.0,0.0,0.0,0.0,,,0.0,0.0,True,False,0,0,False,False
Q80TL7_606.0,0.0,0.0,0.0,,,0.0,0.0,True,False,0,0,False,False
Q80TL7_75.0,0.0,0.0,0.0,,,0.0,0.0,True,False,0,0,False,False
Q80TL7_822.0,0.0,0.0,0.0,,,0.0,0.0,True,False,0,0,False,False
Q80TL7_86.0,0.0,0.0,0.0,,,0.0,0.0,True,False,0,0,False,False
Q80TM6_418.0,0.0,0.0,0.0,,,0.0,0.0,True,False,0,0,False,False
Q80TM9_1346.0,0.0,0.0,0.0,,,0.0,0.0,True,False,0,0,False,False
Q80TM9_1583.0,0.0,0.0,0.0,,,0.0,0.0,True,False,0,0,False,False
Q80TM9_186.0,0.0,0.0,0.0,,,0.0,0.0,True,False,0,0,False,False
Q80TM9_228.0,0.0,0.0,0.0,,,0.0,0.0,True,False,0,0,False,False
Q80TM9_405.0,0.0,0.0,0.0,,,0.0,0.0,True,False,0,0,False,False
Q80TM9_438.0,0.0,0.0,0.0,,,0.0,0.0,True,False,0,0,False,False
Q80TN4_723.0,0.0,0.0,0.0,,,0.0,0.0,True,False,0,0,False,False
Q80TQ2_106.0,0.0,0.0,0.0,,,0.0,0.0,True,False,0,0,False,False
Q80TQ2_522.0,0.0,0.0,0.0,,,0.0,0.0,True,False,0,0,False,False
Q80TQ2_708.0,0.0,0.0,0.0,,,0.0,0.0,True,False,0,0,False,False
Q80TQ2_747.0,0.0,0.0,0.0,,,0.0,0.0,True,False,0,0,False,False
Q80TQ2_787.0,0.0,0.0,0.0,,,0.0,0.0,True,False,0,0,False,False
Q80TQ2_798.0,0.0,0.0,0.0,,,0.0,0.0,True,False,0,0,False,False
Q80TQ2_816.0,0.0,0.0,0.0,,,0.0,0.0,True,False,0,0,False,False
Q80TQ5_28.0,0.0,0.0,0.0,,,0.0,0.0,True,False,0,0,False,False
Q80TQ5_387.0,0.0,0.0,0.0,,,0.0,0.0,True,False,0,0,False,False
Q80TR1_159.0,0.0,4.1077524820963545,31.935702107169227,0.36321746764912255,,4.1077524820963545,4.1077524820963545,False,True,0,partial,False,False
Q80TR1_41.0,7.077540397644043,0.0,-32.720600933052935,0.17599792604623818,,-7.077540397644043,7.077540397644043,False,True,partial,0,False,False
Q80TR1_475.0,10.409873008728027,14.201820373535156,0.44812339545359064,0.6460589428691517,,3.791947364807129,3.791947364807129,False,True,partial,partial,False,False
Q80TR1_498.0,0.0,0.0,0.0,,,0.0,0.0,True,False,0,0,False,False
Q80TR1_50.0,0.0,0.0,0.0,,,0.0,0.0,True,False,0,0,False,False
Q80TR1_71.0,0.0,0.0,0.0,,,0.0,0.0,True,False,0,0,False,False
Q80TR1_815.0,0.0,0.0,0.0,,,0.0,0.0,True,False,0,0,False,False
Q80TS3_104.0,20.926664352416992,22.264062881469727,0.0893745198038453,0.9120167282939464,,1.3373985290527344,1.3373985290527344,False,True,partial,partial,False,False
Q80TS3_113.0,0.0,0.0,0.0,,,0.0,0.0,True,False,0,0,False,False
Q80TS3_134.0,21.29857349395752,15.67274292310079,-0.44249911553980226,0.4737280866002974,,-5.6258305708567296,5.6258305708567296,False,True,partial,partial,False,False
Q80TS3_191.0,0.0,0.0,0.0,,,0.0,0.0,True,False,0,0,False,False
Q80TS3_203.0,0.0,0.0,0.0,,,0.0,0.0,True,False,0,0,False,False
Q80TS3_905.0,13.827808221181234,6.786310354868571,-1.0268731852007895,0.01641673773946116,,-7.041497866312663,7.041497866312663,False,True,partial,partial,False,False
Q80TS7_580.0,0.0,0.0,0.0,,,0.0,0.0,True,False,0,0,False,False
Q80TT2_1055.0,0.0,0.0,0.0,,,0.0,0.0,True,False,0,0,False,False
Q80TT2_18.0,0.0,0.0,0.0,,,0.0,0.0,True,False,0,0,False,False
Q80TT2_311.0,0.0,0.0,0.0,,,0.0,0.0,True,False,0,0,False,False
Q80TT2_69.0,0.0,0.0,0.0,,,0.0,0.0,True,False,0,0,False,False
Q80TT2_807.0,0.0,0.0,0.0,,,0.0,0.0,True,False,0,0,False,False
Q80TT2_955.0,0.0,0.0,0.0,,,0.0,0.0,True,False,0,0,False,False
Q80TT2_981.0,0.0,0.0,0.0,,,0.0,0.0,True,False,0,0,False,False
Q80TT8_1675.0,0.0,0.0,0.0,,,0.0,0.0,True,False,0,0,False,False
Q80TT8_309.0,0.0,0.0,0.0,,,0.0,0.0,True,False,0,0,False,False
Q80TV8_1114.0,0.0,0.0,0.0,,,0.0,0.0,True,False,0,0,False,False
Q80TV8_1209.0,0.0,0.0,0.0,,,0.0,0.0,True,False,0,0,False,False
Q80TV8_1420.0,0.0,0.0,0.0,,,0.0,0.0,True,False,0,0,False,False
Q80TV8_1425.0,0.0,1.2144115765889485,30.177610303846468,0.36321746764912255,,1.2144115765889485,1.2144115765889485,False,True,0,partial,False,False
Q80TV8_173.0,0.0,0.0,0.0,,,0.0,0.0,True,False,0,0,False,False
Q80TV8_389.0,0.0,0.0,0.0,,,0.0,0.0,True,False,0,0,False,False
Q80TV8_453.0,0.0,0.0,0.0,,,0.0,0.0,True,False,0,0,False,False
Q80TV8_749.0,0.0,0.0,0.0,,,0.0,0.0,True,False,0,0,False,False
Q80TV8_8.0,0.0,0.0,0.0,,,0.0,0.0,True,False,0,0,False,False
Q80TV8_832.0,0.0,0.0,0.0,,,0.0,0.0,True,False,0,0,False,False
Q80TV8_861.0,0.0,0.0,0.0,,,0.0,0.0,True,False,0,0,False,False
Q80TV8_895.0,0.0,0.0,0.0,,,0.0,0.0,True,False,0,0,False,False
Q80TY0_130.0,0.0,0.0,0.0,,,0.0,0.0,True,False,0,0,False,False
Q80TY0_510.0,0.0,0.0,0.0,,,0.0,0.0,True,False,0,0,False,False
Q80TY0_554.0,0.0,0.0,0.0,,,0.0,0.0,True,False,0,0,False,False
Q80TZ3_153.0,0.0,0.0,0.0,,,0.0,0.0,True,False,0,0,False,False
Q80TZ3_16.0,0.0,0.0,0.0,,,0.0,0.0,True,False,0,0,False,False
Q80TZ3_170.0,0.0,0.0,0.0,,,0.0,0.0,True,False,0,0,False,False
Q80TZ3_185.0,0.0,0.0,0.0,,,0.0,0.0,True,False,0,0,False,False
Q80TZ3_276.0,0.0,0.0,0.0,,,0.0,0.0,True,False,0,0,False,False
Q80TZ3_280.0,0.0,0.0,0.0,,,0.0,0.0,True,False,0,0,False,False
Q80TZ3_293.0,0.0,0.0,0.0,,,0.0,0.0,True,False,0,0,False,False
Q80TZ3_372.0,0.0,0.0,0.0,,,0.0,0.0,True,False,0,0,False,False
Q80TZ3_407.0,0.0,0.0,0.0,,,0.0,0.0,True,False,0,0,False,False
Q80U04_287.0,0.0,0.0,0.0,,,0.0,0.0,True,False,0,0,False,False
Q80U04_352.0,0.0,0.0,0.0,,,0.0,0.0,True,False,0,0,False,False
Q80U12_152.0,0.0,0.0,0.0,,,0.0,0.0,True,False,0,0,False,False
Q80U19_169.0,0.0,0.0,0.0,,,0.0,0.0,True,False,0,0,False,False
Q80U19_729.0,0.0,0.0,0.0,,,0.0,0.0,True,False,0,0,False,False
Q80U23_126.0,0.0,0.0,0.0,,,0.0,0.0,True,False,0,0,False,False
Q80U23_224.0,0.0,0.0,0.0,,,0.0,0.0,True,False,0,0,False,False
Q80U23_338.0,0.0,0.0,0.0,,,0.0,0.0,True,False,0,0,False,False
Q80U23_43.0,0.0,0.0,0.0,,,0.0,0.0,True,False,0,0,False,False
Q80U23_466.0,0.0,0.0,0.0,,,0.0,0.0,True,False,0,0,False,False
Q80U23_61.0,0.0,0.0,0.0,,,0.0,0.0,True,False,0,0,False,False
Q80U28_1485.0,0.0,0.0,0.0,,,0.0,0.0,True,False,0,0,False,False
Q80U28_1517.0,0.0,0.0,0.0,,,0.0,0.0,True,False,0,0,False,False
Q80U28_191.0,0.0,0.0,0.0,,,0.0,0.0,True,False,0,0,False,False
Q80U28_55.0,0.0,0.0,0.0,,,0.0,0.0,True,False,0,0,False,False
Q80U28_746.0,0.0,0.0,0.0,,,0.0,0.0,True,False,0,0,False,False
Q80U28_763.0,0.0,0.0,0.0,,,0.0,0.0,True,False,0,0,False,False
Q80U30_572.0,0.0,0.0,0.0,,,0.0,0.0,True,False,0,0,False,False
Q80U35_1432.0,0.0,0.0,0.0,,,0.0,0.0,True,False,0,0,False,False
Q80U35_1472.0,0.0,0.0,0.0,,,0.0,0.0,True,False,0,0,False,False
Q80U40_146.0,0.0,0.0,0.0,,,0.0,0.0,True,False,0,0,False,False
Q80U40_376.0,0.0,0.0,0.0,,,0.0,0.0,True,False,0,0,False,False
Q80U40_384.0,0.0,0.0,0.0,,,0.0,0.0,True,False,0,0,False,False
Q80U40_396.0,0.0,0.0,0.0,,,0.0,0.0,True,False,0,0,False,False
Q80U44_215.0,0.0,0.0,0.0,,,0.0,0.0,True,False,0,0,False,False
Q80U49_208.0,0.0,0.0,0.0,,,0.0,0.0,True,False,0,0,False,False
Q80U49_505.0,0.0,0.0,0.0,,,0.0,0.0,True,False,0,0,False,False
Q80U56_30.0,0.0,0.0,0.0,,,0.0,0.0,True,False,0,0,False,False
Q80U57_204.0,0.0,0.0,0.0,,,0.0,0.0,True,False,0,0,False,False
Q80U57_306.0,0.0,0.0,0.0,,,0.0,0.0,True,False,0,0,False,False
Q80U58_982.0,0.0,0.0,0.0,,,0.0,0.0,True,False,0,0,False,False
Q80U63_132.0,0.0,0.0,0.0,,,0.0,0.0,True,False,0,0,False,False
Q80U63_281.0,0.0,0.0,0.0,,,0.0,0.0,True,False,0,0,False,False
Q80U63_348.0,0.0,0.0,0.0,,,0.0,0.0,True,False,0,0,False,False
Q80U63_390.0,0.0,0.0,0.0,,,0.0,0.0,True,False,0,0,False,False
Q80U78_1010.0,0.0,0.0,0.0,,,0.0,0.0,True,False,0,0,False,False
Q80U78_1088.0,0.0,0.0,0.0,,,0.0,0.0,True,False,0,0,False,False
Q80U78_1105.0,0.0,0.0,0.0,,,0.0,0.0,True,False,0,0,False,False
Q80U78_234.0,0.0,0.0,0.0,,,0.0,0.0,True,False,0,0,False,False
Q80U87_771.0,0.0,0.0,0.0,,,0.0,0.0,True,False,0,0,False,False
Q80U93_1188.0,0.0,0.0,0.0,,,0.0,0.0,True,False,0,0,False,False
Q80U95_1018.0,0.0,0.0,0.0,,,0.0,0.0,True,False,0,0,False,False
Q80U95_1034.0,0.0,0.0,0.0,,,0.0,0.0,True,False,0,0,False,False
Q80U95_1051.0,0.0,0.0,0.0,,,0.0,0.0,True,False,0,0,False,False
Q80U95_140.0,0.0,0.0,0.0,,,0.0,0.0,True,False,0,0,False,False
Q80U95_151.0,0.0,0.0,0.0,,,0.0,0.0,True,False,0,0,False,False
Q80U95_158.0,0.0,0.0,0.0,,,0.0,0.0,True,False,0,0,False,False
Q80U95_252.0,0.0,0.0,0.0,,,0.0,0.0,True,False,0,0,False,False
Q80U95_395.0,0.0,0.0,0.0,,,0.0,0.0,True,False,0,0,False,False
Q80U95_553.0,0.0,0.0,0.0,,,0.0,0.0,True,False,0,0,False,False
Q80U95_622.0,0.0,0.0,0.0,,,0.0,0.0,True,False,0,0,False,False
Q80UG2_1503.0,0.0,0.0,0.0,,,0.0,0.0,True,False,0,0,False,False
Q80UG2_1521.0,0.0,0.0,0.0,,,0.0,0.0,True,False,0,0,False,False
Q80UG2_1741.0,0.0,0.0,0.0,,,0.0,0.0,True,False,0,0,False,False
Q80UG2_1873.0,0.0,0.0,0.0,,,0.0,0.0,True,False,0,0,False,False
Q80UG2_355.0,0.0,0.0,0.0,,,0.0,0.0,True,False,0,0,False,False
Q80UG2_509.0,12.860158681869507,1.5715303421020508,-3.032666411274925,0.00038142572940192147,,-11.288628339767456,11.288628339767456,False,True,partial,partial,False,False
Q80UG2_680.0,0.0,0.0,0.0,,,0.0,0.0,True,False,0,0,False,False
Q80UG2_700.0,16.736307462056477,25.83104356129964,0.6261246681286228,0.3576917867403093,,9.094736099243164,9.094736099243164,False,True,partial,partial,False,False
Q80UG2_738.0,0.0,0.0,0.0,,,0.0,0.0,True,False,0,0,False,False
Q80UG2_810.0,0.0,0.0,0.0,,,0.0,0.0,True,False,0,0,False,False
Q80UG5_246.0,0.0,0.0,0.0,,,0.0,0.0,True,False,0,0,False,False
Q80UG5_373.0,0.0,0.0,0.0,,,0.0,0.0,True,False,0,0,False,False
Q80UJ7_181.0,0.0,0.0,0.0,,,0.0,0.0,True,False,0,0,False,False
Q80UJ7_218.0,0.0,0.0,0.0,,,0.0,0.0,True,False,0,0,False,False
Q80UJ7_521.0,0.0,0.0,0.0,,,0.0,0.0,True,False,0,0,False,False
Q80UJ7_678.0,0.0,0.0,0.0,,,0.0,0.0,True,False,0,0,False,False
Q80UJ7_693.0,0.0,0.0,0.0,,,0.0,0.0,True,False,0,0,False,False
Q80UJ7_783.0,0.0,0.0,0.0,,,0.0,0.0,True,False,0,0,False,False
Q80UJ7_858.0,0.0,0.0,0.0,,,0.0,0.0,True,False,0,0,False,False
Q80UJ7_919.0,0.0,0.0,0.0,,,0.0,0.0,True,False,0,0,False,False
Q80UK0_363.0,0.0,0.0,0.0,,,0.0,0.0,True,False,0,0,False,False
Q80UM3_214.0,0.0,0.0,0.0,,,0.0,0.0,True,False,0,0,False,False
Q80UM3_238.0,0.0,0.0,0.0,,,0.0,0.0,True,False,0,0,False,False
Q80UM3_322.0,0.0,0.0,0.0,,,0.0,0.0,True,False,0,0,False,False
Q80UM3_465.0,0.0,0.0,0.0,,,0.0,0.0,True,False,0,0,False,False
Q80UM3_58.0,0.0,0.0,0.0,,,0.0,0.0,True,False,0,0,False,False
Q80UM3_720.0,0.0,0.0,0.0,,,0.0,0.0,True,False,0,0,False,False
Q80UP3_142.0,0.0,0.0,0.0,,,0.0,0.0,True,False,0,0,False,False
Q80UP3_509.0,0.0,0.0,0.0,,,0.0,0.0,True,False,0,0,False,False
Q80UP3_525.0,0.0,0.0,0.0,,,0.0,0.0,True,False,0,0,False,False
Q80UP3_605.0,0.0,0.0,0.0,,,0.0,0.0,True,False,0,0,False,False
Q80UP3_688.0,0.0,0.0,0.0,,,0.0,0.0,True,False,0,0,False,False
Q80UP3_709.0,0.0,0.0,0.0,,,0.0,0.0,True,False,0,0,False,False
Q80UP3_717.0,0.0,0.0,0.0,,,0.0,0.0,True,False,0,0,False,False
Q80UP3_875.0,0.0,0.0,0.0,,,0.0,0.0,True,False,0,0,False,False
Q80UU9_75.0,1.3677874008814495,1.5275201797485352,0.15934743377959057,0.8741938402130007,,0.1597327788670857,0.1597327788670857,False,True,partial,partial,False,False
Q80UW2_132.0,0.0,0.0,0.0,,,0.0,0.0,True,False,0,0,False,False
Q80UW2_180.0,0.0,0.0,0.0,,,0.0,0.0,True,False,0,0,False,False
Q80UW2_75.0,0.0,0.0,0.0,,,0.0,0.0,True,False,0,0,False,False
Q80UW2_96.0,0.0,0.0,0.0,,,0.0,0.0,True,False,0,0,False,False
Q80UW8_21.0,0.0,0.0,0.0,,,0.0,0.0,True,False,0,0,False,False
Q80UY2_54.0,0.0,0.0,0.0,,,0.0,0.0,True,False,0,0,False,False
Q80V26_300.0,10.891960144042969,5.608437697092692,-0.9575927577214213,0.2803011255969697,,-5.283522446950276,5.283522446950276,False,True,partial,partial,False,False
Q80V86_701.0,0.0,0.0,0.0,,,0.0,0.0,True,False,0,0,False,False
Q80V91_164.0,0.0,0.0,0.0,,,0.0,0.0,True,False,0,0,False,False
Q80V91_272.0,0.0,0.0,0.0,,,0.0,0.0,True,False,0,0,False,False
Q80VC9_1025.0,0.0,0.0,0.0,,,0.0,0.0,True,False,0,0,False,False
Q80VC9_533.0,0.0,0.0,0.0,,,0.0,0.0,True,False,0,0,False,False
Q80VD1_216.0,0.0,0.0,0.0,,,0.0,0.0,True,False,0,0,False,False
Q80VD1_295.0,0.0,0.0,0.0,,,0.0,0.0,True,False,0,0,False,False
Q80VD1_63.0,0.0,0.0,0.0,,,0.0,0.0,True,False,0,0,False,False
Q80VD1_93.0,0.0,0.0,0.0,,,0.0,0.0,True,False,0,0,False,False
Q80VE5_354.0,0.0,0.0,0.0,,,0.0,0.0,True,False,0,0,False,False
Q80VL1_109.0,0.0,0.0,0.0,,,0.0,0.0,True,False,0,0,False,False
Q80VL1_160.0,0.0,0.0,0.0,,,0.0,0.0,True,False,0,0,False,False
Q80VP0_1029.0,0.0,0.0,0.0,,,0.0,0.0,True,False,0,0,False,False
Q80VP0_28.0,0.0,0.0,0.0,,,0.0,0.0,True,False,0,0,False,False
Q80VP0_397.0,0.0,0.0,0.0,,,0.0,0.0,True,False,0,0,False,False
Q80VP0_463.0,24.490187962849934,22.98459227879842,-0.09153677209359808,0.5407855984334735,,-1.5055956840515137,1.5055956840515137,False,True,partial,partial,False,False
Q80VP0_741.0,0.0,0.0,0.0,,,0.0,0.0,True,False,0,0,False,False
Q80VP0_763.0,0.0,0.0,0.0,,,0.0,0.0,True,False,0,0,False,False
Q80VP0_84.0,0.0,0.0,0.0,,,0.0,0.0,True,False,0,0,False,False
Q80VP0_861.0,0.0,0.0,0.0,,,0.0,0.0,True,False,0,0,False,False
Q80VP9_186.0,0.0,0.0,0.0,,,0.0,0.0,True,False,0,0,False,False
Q80VP9_19.0,0.0,0.0,0.0,,,0.0,0.0,True,False,0,0,False,False
Q80VP9_90.0,0.0,0.0,0.0,,,0.0,0.0,True,False,0,0,False,False
Q80VQ0_162.0,0.0,0.0,0.0,,,0.0,0.0,True,False,0,0,False,False
Q80VQ0_244.0,0.0,0.0,0.0,,,0.0,0.0,True,False,0,0,False,False
Q80VQ0_300.0,0.0,0.0,0.0,,,0.0,0.0,True,False,0,0,False,False
Q80VQ1_104.0,0.0,0.0,0.0,,,0.0,0.0,True,False,0,0,False,False
Q80W00_463.0,0.0,0.0,0.0,,,0.0,0.0,True,False,0,0,False,False
Q80W04_551.0,0.0,0.0,0.0,,,0.0,0.0,True,False,0,0,False,False
Q80W04_609.0,0.0,0.0,0.0,,,0.0,0.0,True,False,0,0,False,False
Q80W14_137.0,0.0,0.0,0.0,,,0.0,0.0,True,False,0,0,False,False
Q80W21_115.0,0.0,0.0,0.0,,,0.0,0.0,True,False,0,0,False,False
Q80W21_174.0,0.0,0.0,0.0,,,0.0,0.0,True,False,0,0,False,False
Q80W21_87.0,0.0,0.0,0.0,,,0.0,0.0,True,False,0,0,False,False
Q80W47_310.0,0.0,0.0,0.0,,,0.0,0.0,True,False,0,0,False,False
Q80W47_316.0,0.0,0.0,0.0,,,0.0,0.0,True,False,0,0,False,False
Q80WB5_167.0,0.0,0.0,0.0,,,0.0,0.0,True,False,0,0,False,False
Q80WC7_30.0,0.0,0.0,0.0,,,0.0,0.0,True,False,0,0,False,False
Q80WC7_39.0,0.0,0.0,0.0,,,0.0,0.0,True,False,0,0,False,False
Q80WG5_54.0,0.0,0.0,0.0,,,0.0,0.0,True,False,0,0,False,False
Q80WG5_684.0,0.0,0.0,0.0,,,0.0,0.0,True,False,0,0,False,False
Q80WG5_730.0,0.0,0.0,0.0,,,0.0,0.0,True,False,0,0,False,False
Q80WG5_768.0,0.0,0.0,0.0,,,0.0,0.0,True,False,0,0,False,False
Q80WG7_212.0,0.0,0.0,0.0,,,0.0,0.0,True,False,0,0,False,False
Q80WM4_186.0,100.0,100.0,0.0,,,0.0,0.0,True,False,100,100,False,False
Q80WM4_210.0,11.151955127716064,1.8901176452636719,-2.5607487216969687,0.01068900316288959,,-9.261837482452393,9.261837482452393,False,True,partial,partial,False,False
Q80WM4_231.0,20.233003616333008,10.825117746988932,-0.9023277882106349,0.356412540137357,,-9.407885869344076,9.407885869344076,False,True,partial,partial,False,False
Q80WM4_264.0,2.7962112426757812,7.204895814259847,1.365504213552592,0.25460284948589124,,4.4086845715840655,4.4086845715840655,False,True,partial,partial,False,False
Q80WM4_316.0,0.0,0.0,0.0,,,0.0,0.0,True,False,0,0,False,False
Q80WM4_69.0,0.0,0.0,0.0,,,0.0,0.0,True,False,0,0,False,False
Q80WM5_233.0,0.0,0.0,0.0,,,0.0,0.0,True,False,0,0,False,False
Q80WM5_332.0,0.0,0.0,0.0,,,0.0,0.0,True,False,0,0,False,False
Q80WQ2_101.0,0.0,0.0,0.0,,,0.0,0.0,True,False,0,0,False,False
Q80WQ2_114.0,0.0,0.0,0.0,,,0.0,0.0,True,False,0,0,False,False
Q80WQ2_236.0,0.0,0.0,0.0,,,0.0,0.0,True,False,0,0,False,False
Q80WQ2_324.0,0.0,0.0,0.0,,,0.0,0.0,True,False,0,0,False,False
Q80WR5_92.0,0.0,0.0,0.0,,,0.0,0.0,True,False,0,0,False,False
Q80WT5_298.0,0.0,0.0,0.0,,,0.0,0.0,True,False,0,0,False,False
Q80WT5_579.0,0.0,0.0,0.0,,,0.0,0.0,True,False,0,0,False,False
Q80X32_158.0,0.0,0.0,0.0,,,0.0,0.0,True,False,0,0,False,False
Q80X41_220.0,0.0,0.0,0.0,,,0.0,0.0,True,False,0,0,False,False
Q80X50_68.0,0.0,0.0,0.0,,,0.0,0.0,True,False,0,0,False,False
Q80X71_62.0,0.0,0.0,0.0,,,0.0,0.0,True,False,0,0,False,False
Q80X73_258.0,0.0,0.0,0.0,,,0.0,0.0,True,False,0,0,False,False
Q80X80_115.0,0.0,0.0,0.0,,,0.0,0.0,True,False,0,0,False,False
Q80X80_142.0,0.0,0.0,0.0,,,0.0,0.0,True,False,0,0,False,False
Q80X80_260.0,0.0,0.0,0.0,,,0.0,0.0,True,False,0,0,False,False
Q80X80_359.0,15.639369169871012,9.298556486765543,-0.7501036472481994,0.27864014645164503,,-6.340812683105469,6.340812683105469,False,True,partial,partial,False,False
Q80X80_385.0,0.0,0.0,0.0,,,0.0,0.0,True,False,0,0,False,False
Q80X81_360.0,0.0,0.0,0.0,,,0.0,0.0,True,False,0,0,False,False
Q80X81_65.0,0.0,0.0,0.0,,,0.0,0.0,True,False,0,0,False,False
Q80X82_1184.0,0.0,0.0,0.0,,,0.0,0.0,True,False,0,0,False,False
Q80X82_859.0,0.0,0.0,0.0,,,0.0,0.0,True,False,0,0,False,False
Q80X82_969.0,0.0,0.0,0.0,,,0.0,0.0,True,False,0,0,False,False
Q80X85_152.0,0.0,0.0,0.0,,,0.0,0.0,True,False,0,0,False,False
Q80X85_191.0,0.0,0.0,0.0,,,0.0,0.0,True,False,0,0,False,False
Q80X90_1081.0,0.0,0.0,0.0,,,0.0,0.0,True,False,0,0,False,False
Q80X90_1280.0,0.0,0.0,0.0,,,0.0,0.0,True,False,0,0,False,False
Q80X90_1326.0,0.0,0.0,0.0,,,0.0,0.0,True,False,0,0,False,False
Q80X90_1434.0,0.0,0.0,0.0,,,0.0,0.0,True,False,0,0,False,False
Q80X90_1438.0,0.0,0.0,0.0,,,0.0,0.0,True,False,0,0,False,False
Q80X90_178.0,0.0,0.0,0.0,,,0.0,0.0,True,False,0,0,False,False
Q80X90_2057.0,0.0,0.0,0.0,,,0.0,0.0,True,False,0,0,False,False
Q80X90_2115.0,0.0,0.0,0.0,,,0.0,0.0,True,False,0,0,False,False
Q80X90_2333.0,0.0,0.0,0.0,,,0.0,0.0,True,False,0,0,False,False
Q80X90_2431.0,0.0,0.0,0.0,,,0.0,0.0,True,False,0,0,False,False
Q80X90_2537.0,0.0,0.0,0.0,,,0.0,0.0,True,False,0,0,False,False
Q80X90_2556.0,0.0,0.0,0.0,,,0.0,0.0,True,False,0,0,False,False
Q80X90_416.0,0.0,0.0,0.0,,,0.0,0.0,True,False,0,0,False,False
Q80X90_604.0,0.0,0.0,0.0,,,0.0,0.0,True,False,0,0,False,False
Q80X90_660.0,0.0,0.0,0.0,,,0.0,0.0,True,False,0,0,False,False
Q80X90_706.0,0.0,0.0,0.0,,,0.0,0.0,True,False,0,0,False,False
Q80X90_991.0,0.0,0.0,0.0,,,0.0,0.0,True,False,0,0,False,False
Q80X95_109.0,0.0,0.0,0.0,,,0.0,0.0,True,False,0,0,False,False
Q80X95_157.0,0.0,0.0,0.0,,,0.0,0.0,True,False,0,0,False,False
Q80X98_619.0,0.0,0.0,0.0,,,0.0,0.0,True,False,0,0,False,False
Q80XA6_32.0,0.0,0.0,0.0,,,0.0,0.0,True,False,0,0,False,False
Q80XA6_83.0,0.0,0.0,0.0,,,0.0,0.0,True,False,0,0,False,False
Q80XC2_204.0,0.0,0.0,0.0,,,0.0,0.0,True,False,0,0,False,False
Q80XD1_128.0,0.0,0.0,0.0,,,0.0,0.0,True,False,0,0,False,False
Q80XD1_140.0,0.0,0.0,0.0,,,0.0,0.0,True,False,0,0,False,False
Q80XE1_373.0,0.0,0.0,0.0,,,0.0,0.0,True,False,0,0,False,False
Q80XE1_62.0,0.0,0.0,0.0,,,0.0,0.0,True,False,0,0,False,False
Q80XG9_339.0,0.0,0.0,0.0,,,0.0,0.0,True,False,0,0,False,False
Q80XG9_47.0,0.0,0.0,0.0,,,0.0,0.0,True,False,0,0,False,False
Q80XI3_1201.0,70.92357699076335,55.05978647867838,-0.36526628439273146,0.23208596037486354,,-15.863790512084968,15.863790512084968,False,True,partial,partial,False,False
Q80XI3_1239.0,0.0,0.0,0.0,,,0.0,0.0,True,False,0,0,False,False
Q80XI3_1405.0,0.0,0.0,0.0,,,0.0,0.0,True,False,0,0,False,False
Q80XI3_1465.0,0.0,0.0,0.0,,,0.0,0.0,True,False,0,0,False,False
Q80XI3_1473.0,0.0,0.0,0.0,,,0.0,0.0,True,False,0,0,False,False
Q80XI3_808.0,0.0,0.0,0.0,,,0.0,0.0,True,False,0,0,False,False
Q80XI3_908.0,0.0,0.0,0.0,,,0.0,0.0,True,False,0,0,False,False
Q80XI3_923.0,0.0,0.0,0.0,,,0.0,0.0,True,False,0,0,False,False
Q80XI3_977.0,0.0,0.0,0.0,,,0.0,0.0,True,False,0,0,False,False
Q80XI4_99.0,0.0,0.6101308266321818,29.184543385608695,0.36321746764912255,,0.6101308266321818,0.6101308266321818,False,True,0,partial,False,False
Q80XK6_1135.0,0.0,0.0,0.0,,,0.0,0.0,True,False,0,0,False,False
Q80XK6_1748.0,0.0,0.0,0.0,,,0.0,0.0,True,False,0,0,False,False
Q80XK6_243.0,0.0,0.0,0.0,,,0.0,0.0,True,False,0,0,False,False
Q80XK6_506.0,0.0,0.0,0.0,,,0.0,0.0,True,False,0,0,False,False
Q80XK6_545.0,0.0,0.0,0.0,,,0.0,0.0,True,False,0,0,False,False
Q80XK6_570.0,0.0,0.0,0.0,,,0.0,0.0,True,False,0,0,False,False
Q80XL6_215.0,0.0,0.0,0.0,,,0.0,0.0,True,False,0,0,False,False
Q80XN0_115.0,0.0,0.0,0.0,,,0.0,0.0,True,False,0,0,False,False
Q80XN0_209.0,0.0,0.0,0.0,,,0.0,0.0,True,False,0,0,False,False
Q80XN0_221.0,5.359285791714986,2.9786481062571206,-0.8473830562224743,0.1423695462255325,,-2.3806376854578652,2.3806376854578652,False,True,partial,partial,False,False
Q80XN0_63.0,0.0,0.0,0.0,,,0.0,0.0,True,False,0,0,False,False
Q80XQ2_192.0,0.0,0.0,0.0,,,0.0,0.0,True,False,0,0,False,False
Q80XR2_139.0,0.0,0.0,0.0,,,0.0,0.0,True,False,0,0,False,False
Q80XR2_162.0,0.0,0.0,0.0,,,0.0,0.0,True,False,0,0,False,False
Q80XR2_408.0,0.0,0.0,0.0,,,0.0,0.0,True,False,0,0,False,False
Q80XR2_476.0,0.0,0.0,0.0,,,0.0,0.0,True,False,0,0,False,False
Q80XR2_668.0,0.0,0.0,0.0,,,0.0,0.0,True,False,0,0,False,False
Q80XS6_476.0,0.0,0.0,0.0,,,0.0,0.0,True,False,0,0,False,False
Q80XU8_257.0,0.0,0.0,0.0,,,0.0,0.0,True,False,0,0,False,False
Q80Y14_63.0,0.0,0.0,0.0,,,0.0,0.0,True,False,0,0,False,False
Q80Y17_298.0,0.0,0.0,0.0,,,0.0,0.0,True,False,0,0,False,False
Q80Y17_321.0,0.0,0.0,0.0,,,0.0,0.0,True,False,0,0,False,False
Q80Y17_482.0,0.0,0.0,0.0,,,0.0,0.0,True,False,0,0,False,False
Q80Y17_504.0,0.0,0.0,0.0,,,0.0,0.0,True,False,0,0,False,False
Q80Y17_635.0,0.0,0.0,0.0,,,0.0,0.0,True,False,0,0,False,False
Q80Y17_696.0,3.587033271789551,0.0,-31.74014398156936,0.176774565655645,,-3.587033271789551,3.587033271789551,False,True,partial,0,False,False
Q80Y17_854.0,0.0,0.0,0.0,,,0.0,0.0,True,False,0,0,False,False
Q80Y17_914.0,0.0,0.0,0.0,,,0.0,0.0,True,False,0,0,False,False
Q80Y17_946.0,100.0,68.61281267801921,-0.5434500861063282,0.11246252112506862,,-31.38718732198079,31.38718732198079,False,True,100,partial,False,False
Q80Y17_983.0,0.0,0.0,0.0,,,0.0,0.0,True,False,0,0,False,False
Q80Y24_422.0,0.0,0.0,0.0,,,0.0,0.0,True,False,0,0,False,False
Q80Y24_468.0,0.0,0.0,0.0,,,0.0,0.0,True,False,0,0,False,False
Q80Y24_519.0,0.0,0.0,0.0,,,0.0,0.0,True,False,0,0,False,False
Q80Y24_749.0,0.0,0.0,0.0,,,0.0,0.0,True,False,0,0,False,False
Q80Y24_90.0,0.0,0.0,0.0,,,0.0,0.0,True,False,0,0,False,False
Q80Y55_99.0,0.0,0.0,0.0,,,0.0,0.0,True,False,0,0,False,False
Q80Y56_162.0,0.0,0.0,0.0,,,0.0,0.0,True,False,0,0,False,False
Q80Y56_181.0,0.0,0.0,0.0,,,0.0,0.0,True,False,0,0,False,False
Q80Y81_512.0,0.0,0.0,0.0,,,0.0,0.0,True,False,0,0,False,False
Q80Y81_79.0,0.0,0.0,0.0,,,0.0,0.0,True,False,0,0,False,False
Q80Y86_155.0,1.9626901149749756,1.3912462989489238,-0.4964545567336646,0.38290755529309184,,-0.5714438160260518,0.5714438160260518,False,True,partial,partial,False,False
Q80Y98_237.0,0.0,0.0,0.0,,,0.0,0.0,True,False,0,0,False,False
Q80Y98_419.0,0.0,0.0,0.0,,,0.0,0.0,True,False,0,0,False,False
Q80Y98_519.0,0.0,0.0,0.0,,,0.0,0.0,True,False,0,0,False,False
Q80YA7_205.0,0.0,0.0,0.0,,,0.0,0.0,True,False,0,0,False,False
Q80YA7_575.0,0.0,0.0,0.0,,,0.0,0.0,True,False,0,0,False,False
Q80YA9_26.0,0.0,0.0,0.0,,,0.0,0.0,True,False,0,0,False,False
Q80YA9_372.0,0.0,0.0,0.0,,,0.0,0.0,True,False,0,0,False,False
Q80YA9_573.0,0.0,0.0,0.0,,,0.0,0.0,True,False,0,0,False,False
Q80YA9_815.0,0.0,0.0,0.0,,,0.0,0.0,True,False,0,0,False,False
Q80YC5_572.0,0.0,0.0,0.0,,,0.0,0.0,True,False,0,0,False,False
Q80YD1_175.0,0.0,0.0,0.0,,,0.0,0.0,True,False,0,0,False,False
Q80YD1_230.0,0.0,0.0,0.0,,,0.0,0.0,True,False,0,0,False,False
Q80YD1_251.0,0.0,0.0,0.0,,,0.0,0.0,True,False,0,0,False,False
Q80YD1_418.0,0.0,0.0,0.0,,,0.0,0.0,True,False,0,0,False,False
Q80YD1_575.0,0.0,0.0,0.0,,,0.0,0.0,True,False,0,0,False,False
Q80YE4_1092.0,0.0,0.0,0.0,,,0.0,0.0,True,False,0,0,False,False
Q80YE4_1213.0,0.0,0.0,0.0,,,0.0,0.0,True,False,0,0,False,False
Q80YE4_278.0,0.0,0.0,0.0,,,0.0,0.0,True,False,0,0,False,False
Q80YF9_1059.0,0.0,0.0,0.0,,,0.0,0.0,True,False,0,0,False,False
Q80YF9_266.0,0.0,0.0,0.0,,,0.0,0.0,True,False,0,0,False,False
Q80YF9_287.0,0.0,0.0,0.0,,,0.0,0.0,True,False,0,0,False,False
Q80YF9_339.0,0.0,0.0,0.0,,,0.0,0.0,True,False,0,0,False,False
Q80YN3_318.0,4.89978567759196,3.153110464413961,-0.6359429317351185,0.05525481618329041,,-1.746675213177999,1.746675213177999,False,True,partial,partial,False,False
Q80YN3_389.0,1.1489760875701904,0.890624056259791,-0.36746028720977897,0.6285301226704597,,-0.2583520313103994,0.2583520313103994,False,True,partial,partial,False,False
Q80YN3_441.0,0.0,0.0,0.0,,,0.0,0.0,True,False,0,0,False,False
Q80YN3_514.0,10.991951942443848,10.38765001296997,-0.08157828992673499,0.6678653463301149,,-0.604301929473877,0.604301929473877,False,True,partial,partial,False,False
Q80YN3_574.0,6.785387237866719,2.2367471059163413,-1.6010290015706024,0.14538618271886294,,-4.548640131950378,4.548640131950378,False,True,partial,partial,False,False
Q80YQ2_1069.0,0.0,0.0,0.0,,,0.0,0.0,True,False,0,0,False,False
Q80YQ8_109.0,0.0,0.0,0.0,,,0.0,0.0,True,False,0,0,False,False
Q80YQ8_25.0,0.0,0.0,0.0,,,0.0,0.0,True,False,0,0,False,False
Q80YT7_617.0,0.0,0.0,0.0,,,0.0,0.0,True,False,0,0,False,False
Q80YV2_156.0,0.0,0.0,0.0,,,0.0,0.0,True,False,0,0,False,False
Q80YV2_405.0,0.0,0.0,0.0,,,0.0,0.0,True,False,0,0,False,False
Q80YV3_94.0,0.0,0.0,0.0,,,0.0,0.0,True,False,0,0,False,False
Q80YV4_104.0,0.0,0.0,0.0,,,0.0,0.0,True,False,0,0,False,False
Q80YV4_150.0,0.0,0.0,0.0,,,0.0,0.0,True,False,0,0,False,False
Q80YV4_155.0,0.0,0.0,0.0,,,0.0,0.0,True,False,0,0,False,False
Q80YV4_513.0,0.0,0.0,0.0,,,0.0,0.0,True,False,0,0,False,False
Q80YV4_680.0,0.0,0.0,0.0,,,0.0,0.0,True,False,0,0,False,False
Q80YX1_161.0,0.0,0.0,0.0,,,0.0,0.0,True,False,0,0,False,False
Q80YX1_2045.0,0.0,0.0,0.0,,,0.0,0.0,True,False,0,0,False,False
Q80Z10_1049.0,0.0,0.0,0.0,,,0.0,0.0,True,False,0,0,False,False
Q80Z10_1060.0,0.0,0.0,0.0,,,0.0,0.0,True,False,0,0,False,False
Q80Z10_1311.0,0.0,0.0,0.0,,,0.0,0.0,True,False,0,0,False,False
Q80Z24_112.0,45.71868578592936,41.47541173299154,-0.14052762980070113,0.11682912588574766,,-4.243274052937821,4.243274052937821,False,True,partial,partial,False,False
Q80Z24_197.0,40.71175034840902,27.957279841105144,-0.5422212519084857,0.045728765270720347,,-12.754470507303875,12.754470507303875,False,True,partial,partial,False,False
Q80Z24_239.0,43.58000500996908,30.26953633626302,-0.5257997859205482,0.000450361972543605,,-13.310468673706058,13.310468673706058,False,True,partial,partial,False,False
Q80Z24_54.0,0.0,0.0,0.0,,,0.0,0.0,True,False,0,0,False,False
Q80Z38_57.0,0.0,0.0,0.0,,,0.0,0.0,True,False,0,0,False,False
Q80Z38_653.0,0.0,0.0,0.0,,,0.0,0.0,True,False,0,0,False,False
Q80ZD8_253.0,0.0,0.0,0.0,,,0.0,0.0,True,False,0,0,False,False
Q80ZE5_35.0,0.0,0.0,0.0,,,0.0,0.0,True,False,0,0,False,False
Q80ZF8_1269.0,0.0,0.0,0.0,,,0.0,0.0,True,False,0,0,False,False
Q80ZF8_1284.0,0.0,0.0,0.0,,,0.0,0.0,True,False,0,0,False,False
Q80ZF8_482.0,0.0,0.0,0.0,,,0.0,0.0,True,False,0,0,False,False
Q80ZF8_851.0,100.0,100.0,0.0,,,0.0,0.0,True,False,100,100,False,False
Q80ZI6_397.0,0.0,0.0,0.0,,,0.0,0.0,True,False,0,0,False,False
Q80ZI6_75.0,0.0,0.0,0.0,,,0.0,0.0,True,False,0,0,False,False
Q80ZJ1_140.0,0.0,0.0,0.0,,,0.0,0.0,True,False,0,0,False,False
Q80ZJ6_113.0,0.0,0.0,0.0,,,0.0,0.0,True,False,0,0,False,False
Q80ZJ6_590.0,0.0,0.0,0.0,,,0.0,0.0,True,False,0,0,False,False
Q80ZJ6_731.0,0.0,0.0,0.0,,,0.0,0.0,True,False,0,0,False,False
Q80ZJ7_238.0,0.0,0.0,0.0,,,0.0,0.0,True,False,0,0,False,False
Q80ZU0_132.0,0.0,0.0,0.0,,,0.0,0.0,True,False,0,0,False,False
Q80ZW2_104.0,0.0,0.0,0.0,,,0.0,0.0,True,False,0,0,False,False
Q80ZW2_146.0,0.0,0.0,0.0,,,0.0,0.0,True,False,0,0,False,False
Q80ZW2_29.0,0.0,0.0,0.0,,,0.0,0.0,True,False,0,0,False,False
Q80ZX0_1086.0,0.0,0.0,0.0,,,0.0,0.0,True,False,0,0,False,False
Q80ZX0_1158.0,0.0,0.0,0.0,,,0.0,0.0,True,False,0,0,False,False
Q80ZX0_538.0,0.0,0.0,0.0,,,0.0,0.0,True,False,0,0,False,False
Q80ZX0_545.0,0.0,0.0,0.0,,,0.0,0.0,True,False,0,0,False,False
Q80ZX8_800.0,0.0,0.0,0.0,,,0.0,0.0,True,False,0,0,False,False
Q810A7_281.0,0.0,0.0,0.0,,,0.0,0.0,True,False,0,0,False,False
Q810A7_333.0,0.0,0.0,0.0,,,0.0,0.0,True,False,0,0,False,False
Q810A7_382.0,0.0,0.0,0.0,,,0.0,0.0,True,False,0,0,False,False
Q810B6_381.0,0.0,0.0,0.0,,,0.0,0.0,True,False,0,0,False,False
Q810B6_499.0,0.0,0.0,0.0,,,0.0,0.0,True,False,0,0,False,False
Q810B6_675.0,0.0,0.0,0.0,,,0.0,0.0,True,False,0,0,False,False
Q810B6_742.0,0.0,0.0,0.0,,,0.0,0.0,True,False,0,0,False,False
Q810B6_995.0,0.0,0.0,0.0,,,0.0,0.0,True,False,0,0,False,False
Q810B7_592.0,0.0,0.0,0.0,,,0.0,0.0,True,False,0,0,False,False
Q810B8_361.0,0.0,0.0,0.0,,,0.0,0.0,True,False,0,0,False,False
Q810B9_706.0,0.0,0.0,0.0,,,0.0,0.0,True,False,0,0,False,False
Q810C0_559.0,12.670927047729492,10.27095858256022,-0.3029512469208171,0.8223685271337451,,-2.3999684651692714,2.3999684651692714,False,True,partial,partial,False,False
Q810C1_241.0,0.0,0.0,0.0,,,0.0,0.0,True,False,0,0,False,False
Q810C1_558.0,0.0,0.0,0.0,,,0.0,0.0,True,False,0,0,False,False
Q810C1_689.0,0.0,0.0,0.0,,,0.0,0.0,True,False,0,0,False,False
Q810D6_66.0,0.0,0.0,0.0,,,0.0,0.0,True,False,0,0,False,False
Q810J8_100.0,0.0,0.0,0.0,,,0.0,0.0,True,False,0,0,False,False
Q810J8_217.0,0.0,0.0,0.0,,,0.0,0.0,True,False,0,0,False,False
Q810J8_651.0,0.0,0.0,0.0,,,0.0,0.0,True,False,0,0,False,False
Q810J8_767.0,0.0,0.0,0.0,,,0.0,0.0,True,False,0,0,False,False
Q810U3_118.0,25.54896863301595,16.469626426696777,-0.6334572218253222,0.00035386135343699,,-9.079342206319172,9.079342206319172,False,True,partial,partial,False,False
Q810U3_316.0,7.125376383463542,0.0,-32.73031907778709,0.36321746764912255,,-7.125376383463542,7.125376383463542,False,True,partial,0,False,False
Q810U3_452.0,8.880933284759521,4.959299445152283,-0.8405749565224797,0.00043690876768075936,,-3.9216338396072388,3.9216338396072388,False,True,partial,partial,False,False
Q810U3_501.0,6.556673606236775,3.174443006515503,-1.0464606022733072,0.0001896372623199467,,-3.3822305997212725,3.3822305997212725,False,True,partial,partial,False,False
Q810U3_543.0,7.287755648295085,4.435588002204895,-0.7163492200153825,0.00022483855883021026,,-2.85216764609019,2.85216764609019,False,True,partial,partial,False,False
Q810U3_592.0,59.19744300842285,31.064224243164062,-0.9302808342163359,0.18186391409074185,,-28.13321876525879,28.13321876525879,False,True,partial,partial,False,False
Q810U3_63.0,26.279856363932293,21.66883087158203,-0.2783360746180988,0.010552787508849332,,-4.611025492350262,4.611025492350262,False,True,partial,partial,False,False
Q810U4_117.0,19.248401006062824,15.924509525299072,-0.27348966572296846,0.019366112831214657,,-3.323891480763752,3.323891480763752,False,True,partial,partial,False,False
Q810U4_212.0,16.680123170216877,15.746246178944906,-0.08312200323589176,0.8164850181667688,,-0.9338769912719709,0.9338769912719709,False,True,partial,partial,False,False
Q810U4_334.0,38.11149597167969,35.74754524230957,-0.09238206217013938,0.313501263965776,,-2.363950729370117,2.363950729370117,False,True,partial,partial,False,False
Q810U4_519.0,14.314441363016764,11.511936982472738,-0.31434076888255946,0.036123810135678,,-2.8025043805440255,2.8025043805440255,False,True,partial,partial,False,False
Q810U4_62.0,0.0,0.0,0.0,,,0.0,0.0,True,False,0,0,False,False
Q810U5_85.0,0.0,0.0,0.0,,,0.0,0.0,True,False,0,0,False,False
Q811D0_378.0,0.0,0.0,0.0,,,0.0,0.0,True,False,0,0,False,False
Q811I0_190.0,0.0,0.0,0.0,,,0.0,0.0,True,False,0,0,False,False
Q811L6_1619.0,0.0,0.0,0.0,,,0.0,0.0,True,False,0,0,False,False
Q811L6_1714.0,0.0,0.0,0.0,,,0.0,0.0,True,False,0,0,False,False
Q811L6_742.0,0.0,0.0,0.0,,,0.0,0.0,True,False,0,0,False,False
Q811P8_1071.0,72.68255233764648,42.33776092529297,-0.7796641094695451,0.040572881649447945,,-30.344791412353516,30.344791412353516,False,True,partial,partial,False,False
Q811P8_1411.0,0.0,0.0,0.0,,,0.0,0.0,True,False,0,0,False,False
Q811P8_1616.0,0.0,0.0,0.0,,,0.0,0.0,True,False,0,0,False,False
Q811P8_1875.0,0.0,0.0,0.0,,,0.0,0.0,True,False,0,0,False,False
Q811P8_232.0,0.0,0.0,0.0,,,0.0,0.0,True,False,0,0,False,False
Q811P8_446.0,0.0,0.0,0.0,,,0.0,0.0,True,False,0,0,False,False
Q811P8_511.0,0.0,0.0,0.0,,,0.0,0.0,True,False,0,0,False,False
Q811Q9_113.0,0.0,0.0,0.0,,,0.0,0.0,True,False,0,0,False,False
Q811S7_409.0,0.0,0.0,0.0,,,0.0,0.0,True,False,0,0,False,False
Q811U4_111.0,0.0,0.0,0.0,,,0.0,0.0,True,False,0,0,False,False
Q811U4_327.0,0.0,0.0,0.0,,,0.0,0.0,True,False,0,0,False,False
Q811U4_428.0,0.0,0.0,0.0,,,0.0,0.0,True,False,0,0,False,False
Q811U4_509.0,0.0,0.0,0.0,,,0.0,0.0,True,False,0,0,False,False
Q812A2_268.0,0.0,0.0,0.0,,,0.0,0.0,True,False,0,0,False,False
Q812A2_322.0,0.0,0.0,0.0,,,0.0,0.0,True,False,0,0,False,False
Q812A2_343.0,0.0,0.0,0.0,,,0.0,0.0,True,False,0,0,False,False
Q812A2_475.0,0.0,0.0,0.0,,,0.0,0.0,True,False,0,0,False,False
Q812A2_892.0,0.0,0.0,0.0,,,0.0,0.0,True,False,0,0,False,False
Q812E0_163.0,0.0,0.0,0.0,,,0.0,0.0,True,False,0,0,False,False
Q812E0_337.0,0.0,0.0,0.0,,,0.0,0.0,True,False,0,0,False,False
Q812E0_400.0,0.0,0.0,0.0,,,0.0,0.0,True,False,0,0,False,False
Q8BFP9_221.0,0.0,0.0,0.0,,,0.0,0.0,True,False,0,0,False,False
Q8BFP9_419.0,6.143197377522786,3.6294682820638022,-0.7592315283281883,0.733594018771596,,-2.513729095458984,2.513729095458984,False,True,partial,partial,False,False
Q8BFP9_71.0,0.0,0.0,0.0,,,0.0,0.0,True,False,0,0,False,False
Q8BFQ4_287.0,0.0,0.0,0.0,,,0.0,0.0,True,False,0,0,False,False
Q8BFQ8_216.0,0.0,0.0,0.0,,,0.0,0.0,True,False,0,0,False,False
Q8BFQ8_94.0,0.0,0.0,0.0,,,0.0,0.0,True,False,0,0,False,False
Q8BFR4_132.0,0.0,0.0,0.0,,,0.0,0.0,True,False,0,0,False,False
Q8BFR4_505.0,0.0,0.0,0.0,,,0.0,0.0,True,False,0,0,False,False
Q8BFR5_127.0,0.0,0.0,0.0,,,0.0,0.0,True,False,0,0,False,False
Q8BFR5_147.0,0.0,0.0,0.0,,,0.0,0.0,True,False,0,0,False,False
Q8BFR5_222.0,0.0,0.0,0.0,,,0.0,0.0,True,False,0,0,False,False
Q8BFR5_290.0,7.924004236857097,2.511101722717285,-1.657909179012058,0.039335301953993075,,-5.4129025141398115,5.4129025141398115,False,True,partial,partial,False,False
Q8BFR6_217.0,0.0,0.0,0.0,,,0.0,0.0,True,False,0,0,False,False
Q8BFR6_44.0,0.0,0.0,0.0,,,0.0,0.0,True,False,0,0,False,False
Q8BFT9_464.0,0.0,0.0,0.0,,,0.0,0.0,True,False,0,0,False,False
Q8BFU3_149.0,0.0,0.0,0.0,,,0.0,0.0,True,False,0,0,False,False
Q8BFU3_620.0,0.0,0.0,0.0,,,0.0,0.0,True,False,0,0,False,False
Q8BFU3_640.0,0.0,0.0,0.0,,,0.0,0.0,True,False,0,0,False,False
Q8BFV2_148.0,0.0,0.0,0.0,,,0.0,0.0,True,False,0,0,False,False
Q8BFV2_152.0,0.0,0.0,0.0,,,0.0,0.0,True,False,0,0,False,False
Q8BFV2_25.0,0.0,0.0,0.0,,,0.0,0.0,True,False,0,0,False,False
Q8BFV2_50.0,0.0,0.0,0.0,,,0.0,0.0,True,False,0,0,False,False
Q8BFW6_10.0,0.0,0.0,0.0,,,0.0,0.0,True,False,0,0,False,False
Q8BFX3_112.0,0.0,0.0,0.0,,,0.0,0.0,True,False,0,0,False,False
Q8BFX3_600.0,0.0,0.0,0.0,,,0.0,0.0,True,False,0,0,False,False
Q8BFX3_705.0,0.0,0.0,0.0,,,0.0,0.0,True,False,0,0,False,False
Q8BFY6_233.0,0.0,0.0,0.0,,,0.0,0.0,True,False,0,0,False,False
Q8BFY6_238.0,0.0,0.0,0.0,,,0.0,0.0,True,False,0,0,False,False
Q8BFY9_103.0,0.0,0.0,0.0,,,0.0,0.0,True,False,0,0,False,False
Q8BFY9_164.0,0.0,0.0,0.0,,,0.0,0.0,True,False,0,0,False,False
Q8BFY9_205.0,0.0,0.0,0.0,,,0.0,0.0,True,False,0,0,False,False
Q8BFY9_862.0,0.0,0.0,0.0,,,0.0,0.0,True,False,0,0,False,False
Q8BFZ3_286.0,0.0,0.0,0.0,,,0.0,0.0,True,False,0,0,False,False
Q8BFZ3_53.0,93.25823593139648,95.71668370564778,0.0375392727294688,0.3170655561420969,,2.4584477742512973,2.4584477742512973,False,True,partial,partial,False,False
Q8BFZ9_262.0,0.0,0.0,0.0,,,0.0,0.0,True,False,0,0,False,False
Q8BG02_258.0,0.0,0.0,0.0,,,0.0,0.0,True,False,0,0,False,False
Q8BG02_330.0,0.0,0.0,0.0,,,0.0,0.0,True,False,0,0,False,False
Q8BG05_196.0,2.1235574881235757,0.0,-30.983836019959455,0.032793763936441706,,-2.1235574881235757,2.1235574881235757,False,True,partial,0,False,False
Q8BG05_64.0,1.8031283020973206,1.183129092057546,-0.607894559622365,0.16458176889371043,,-0.6199992100397747,0.6199992100397747,False,True,partial,partial,False,False
Q8BG05_85.0,0.0,0.0,0.0,,,0.0,0.0,True,False,0,0,False,False
Q8BG18_285.0,0.0,0.0,0.0,,,0.0,0.0,True,False,0,0,False,False
Q8BG30_473.0,0.0,0.0,0.0,,,0.0,0.0,True,False,0,0,False,False
Q8BG32_202.0,0.0,0.0,0.0,,,0.0,0.0,True,False,0,0,False,False
Q8BG39_102.0,0.0,0.0,0.0,,,0.0,0.0,True,False,0,0,False,False
Q8BG39_141.0,23.835316975911457,14.65331506729126,-0.7018737241148683,0.0015821835299764957,,-9.182001908620197,9.182001908620197,False,True,partial,partial,False,False
Q8BG39_477.0,0.0,0.0,0.0,,,0.0,0.0,True,False,0,0,False,False
Q8BG39_634.0,0.0,0.0,0.0,,,0.0,0.0,True,False,0,0,False,False
Q8BG40_226.0,0.0,0.0,0.0,,,0.0,0.0,True,False,0,0,False,False
Q8BG40_43.0,0.0,0.0,0.0,,,0.0,0.0,True,False,0,0,False,False
Q8BG51_188.0,1.4595622221628826,2.361127257347107,0.6939400847641424,0.47466771199443114,,0.9015650351842244,0.9015650351842244,False,True,partial,partial,False,False
Q8BG51_229.0,0.0,0.0,0.0,,,0.0,0.0,True,False,0,0,False,False
Q8BG51_310.0,0.0,0.0,0.0,,,0.0,0.0,True,False,0,0,False,False
Q8BG51_520.0,0.0,0.0,0.0,,,0.0,0.0,True,False,0,0,False,False
Q8BG51_535.0,0.0,0.0,0.0,,,0.0,0.0,True,False,0,0,False,False
Q8BG51_559.0,0.0,0.0,0.0,,,0.0,0.0,True,False,0,0,False,False
Q8BG51_572.0,0.0,0.0,0.0,,,0.0,0.0,True,False,0,0,False,False
Q8BG67_765.0,0.0,0.0,0.0,,,0.0,0.0,True,False,0,0,False,False
Q8BG73_76.0,0.4075576066970825,0.4700405995051066,0.2057813805724351,0.9220236132167281,,0.06248299280802411,0.06248299280802411,False,True,partial,partial,False,False
Q8BG75_353.0,0.0,0.0,0.0,,,0.0,0.0,True,False,0,0,False,False
Q8BG81_346.0,0.0,0.0,0.0,,,0.0,0.0,True,False,0,0,False,False
Q8BG94_6.0,0.0,0.0,0.0,,,0.0,0.0,True,False,0,0,False,False
Q8BGA2_62.0,0.0,0.0,0.0,,,0.0,0.0,True,False,0,0,False,False
Q8BGA3_315.0,0.0,0.0,0.0,,,0.0,0.0,True,False,0,0,False,False
Q8BGA5_141.0,0.0,0.0,0.0,,,0.0,0.0,True,False,0,0,False,False
Q8BGB7_52.0,1.9229789574940999,1.57581361134847,-0.28724607405869995,0.8337678928616571,,-0.3471653461456299,0.3471653461456299,False,True,partial,partial,False,False
Q8BGC0_468.0,0.0,0.0,0.0,,,0.0,0.0,True,False,0,0,False,False
Q8BGC0_477.0,0.0,0.0,0.0,,,0.0,0.0,True,False,0,0,False,False
Q8BGC1_198.0,0.0,0.0,0.0,,,0.0,0.0,True,False,0,0,False,False
Q8BGC4_218.0,0.0,0.0,0.0,,,0.0,0.0,True,False,0,0,False,False
Q8BGC4_330.0,0.0,0.0,0.0,,,0.0,0.0,True,False,0,0,False,False
Q8BGC4_55.0,1.2164462407430012,0.0,-30.18002541882941,0.36321746764912255,,-1.2164462407430012,1.2164462407430012,False,True,partial,0,False,False
Q8BGD5_302.0,0.0,0.0,0.0,,,0.0,0.0,True,False,0,0,False,False
Q8BGD5_542.0,0.0,0.0,0.0,,,0.0,0.0,True,False,0,0,False,False
Q8BGD5_609.0,0.0,0.0,0.0,,,0.0,0.0,True,False,0,0,False,False
Q8BGD5_624.0,0.0,0.0,0.0,,,0.0,0.0,True,False,0,0,False,False
Q8BGD5_784.0,0.0,0.0,0.0,,,0.0,0.0,True,False,0,0,False,False
Q8BGD6_94.0,5.912569046020508,2.2798163096110025,-1.3748675381233346,0.5858671153006574,,-3.6327527364095054,3.6327527364095054,False,True,partial,partial,False,False
Q8BGD8_12.0,0.0,0.0,0.0,,,0.0,0.0,True,False,0,0,False,False
Q8BGD8_22.0,0.0,0.0,0.0,,,0.0,0.0,True,False,0,0,False,False
Q8BGD8_44.0,18.73149808247884,11.099363803863525,-0.7549892998728555,0.018855775043718406,,-7.632134278615315,7.632134278615315,False,True,partial,partial,False,False
Q8BGD9_543.0,2.9008270104726157,1.8819217085838318,-0.6242576528166842,0.011160660042769721,,-1.018905301888784,1.018905301888784,False,True,partial,partial,False,False
Q8BGE6_323.0,0.0,0.0,0.0,,,0.0,0.0,True,False,0,0,False,False
Q8BGE6_333.0,0.0,0.0,0.0,,,0.0,0.0,True,False,0,0,False,False
Q8BGE6_78.0,0.0,0.0,0.0,,,0.0,0.0,True,False,0,0,False,False
Q8BGF0_671.0,0.0,0.0,0.0,,,0.0,0.0,True,False,0,0,False,False
Q8BGG7_229.0,0.0,0.0,0.0,,,0.0,0.0,True,False,0,0,False,False
Q8BGG7_356.0,0.0,0.0,0.0,,,0.0,0.0,True,False,0,0,False,False
Q8BGG7_396.0,0.0,0.0,0.0,,,0.0,0.0,True,False,0,0,False,False
Q8BGG7_435.0,0.0,0.0,0.0,,,0.0,0.0,True,False,0,0,False,False
Q8BGG7_457.0,0.0,0.0,0.0,,,0.0,0.0,True,False,0,0,False,False
Q8BGH2_403.0,13.676995595296225,0.0,-33.671032299392834,0.18428952708998284,,-13.676995595296225,13.676995595296225,False,True,partial,0,False,False
Q8BGH2_445.0,0.0,0.0,0.0,,,0.0,0.0,True,False,0,0,False,False
Q8BGH2_457.0,1.1600332260131836,0.683529794216156,-0.7630899975712993,0.5091484496164884,,-0.4765034317970276,0.4765034317970276,False,True,partial,partial,False,False
Q8BGH2_65.0,0.0,0.0,0.0,,,0.0,0.0,True,False,0,0,False,False
Q8BGH4_106.0,0.0,0.0,0.0,,,0.0,0.0,True,False,0,0,False,False
Q8BGN2_20.0,0.0,0.0,0.0,,,0.0,0.0,True,False,0,0,False,False
Q8BGN8_158.0,23.527974128723145,13.436047236124674,-0.8082683302390986,1.6615400438959592e-05,,-10.09192689259847,10.09192689259847,False,True,partial,partial,False,False
Q8BGN8_61.0,30.418014844258625,21.90968640645345,-0.4733571670605621,1.1452392634543303e-06,,-8.508328437805176,8.508328437805176,False,True,partial,partial,False,False
Q8BGQ1_275.0,0.0,0.0,0.0,,,0.0,0.0,True,False,0,0,False,False
Q8BGQ1_444.0,0.0,0.0,0.0,,,0.0,0.0,True,False,0,0,False,False
Q8BGQ7_152.0,0.0,0.0,0.0,,,0.0,0.0,True,False,0,0,False,False
Q8BGQ7_184.0,0.0,0.0,0.0,,,0.0,0.0,True,False,0,0,False,False
Q8BGQ7_403.0,0.0,0.0,0.0,,,0.0,0.0,True,False,0,0,False,False
Q8BGQ7_671.0,0.0,0.0,0.0,,,0.0,0.0,True,False,0,0,False,False
Q8BGQ7_901.0,0.0,0.0,0.0,,,0.0,0.0,True,False,0,0,False,False
Q8BGR2_219.0,0.0,0.0,0.0,,,0.0,0.0,True,False,0,0,False,False
Q8BGR2_54.0,0.0,0.0,0.0,,,0.0,0.0,True,False,0,0,False,False
Q8BGR2_787.0,0.0,0.0,0.0,,,0.0,0.0,True,False,0,0,False,False
Q8BGR6_175.0,0.0,0.0,0.0,,,0.0,0.0,True,False,0,0,False,False
Q8BGR6_37.0,0.0,0.0,0.0,,,0.0,0.0,True,False,0,0,False,False
Q8BGR6_53.0,0.0,0.0,0.0,,,0.0,0.0,True,False,0,0,False,False
Q8BGR8_59.0,0.0,0.0,0.0,,,0.0,0.0,True,False,0,0,False,False
Q8BGR8_77.0,0.0,0.0,0.0,,,0.0,0.0,True,False,0,0,False,False
Q8BGS2_59.0,8.090487957000732,10.375611861546835,0.35889779344669015,0.7488403963744987,,2.2851239045461025,2.2851239045461025,False,True,partial,partial,False,False
Q8BGS7_11.0,0.0,0.0,0.0,,,0.0,0.0,True,False,0,0,False,False
Q8BGT1_334.0,0.0,0.0,0.0,,,0.0,0.0,True,False,0,0,False,False
Q8BGT5_116.0,0.0,0.0,0.0,,,0.0,0.0,True,False,0,0,False,False
Q8BGT5_264.0,0.0,0.0,0.0,,,0.0,0.0,True,False,0,0,False,False
Q8BGT5_310.0,0.0,0.0,0.0,,,0.0,0.0,True,False,0,0,False,False
Q8BGT5_466.0,0.0,0.0,0.0,,,0.0,0.0,True,False,0,0,False,False
Q8BGT7_214.0,0.0,0.0,0.0,,,0.0,0.0,True,False,0,0,False,False
Q8BGT8_17.0,1.5615272521972656,0.24379984537760416,-2.6791886268028047,0.001908423035194235,,-1.3177274068196614,1.3177274068196614,False,True,partial,partial,False,False
Q8BGT8_231.0,0.0,0.0,0.0,,,0.0,0.0,True,False,0,0,False,False
Q8BGT8_31.0,2.184801538785299,2.498433470726013,0.19352156652275768,0.8183084483967118,,0.31363193194071437,0.31363193194071437,False,True,partial,partial,False,False
Q8BGT8_369.0,0.0,0.0,0.0,,,0.0,0.0,True,False,0,0,False,False
Q8BGT8_62.0,0.0,0.0,0.0,,,0.0,0.0,True,False,0,0,False,False
Q8BGU5_309.0,0.0,0.0,0.0,,,0.0,0.0,True,False,0,0,False,False
Q8BGU5_39.0,5.388428370157878,0.0,-32.32721740121913,0.36321746764912255,,-5.388428370157878,5.388428370157878,False,True,partial,0,False,False
Q8BGV0_121.0,0.0,0.0,0.0,,,0.0,0.0,True,False,0,0,False,False
Q8BGV0_455.0,0.0,0.0,0.0,,,0.0,0.0,True,False,0,0,False,False
Q8BGV7_148.0,0.0,0.0,0.0,,,0.0,0.0,True,False,0,0,False,False
Q8BGV8_111.0,0.0,0.0,0.0,,,0.0,0.0,True,False,0,0,False,False
Q8BGW1_104.0,0.0,0.0,0.0,,,0.0,0.0,True,False,0,0,False,False
Q8BGW1_171.0,0.0,0.0,0.0,,,0.0,0.0,True,False,0,0,False,False
Q8BGW1_184.0,0.0,0.0,0.0,,,0.0,0.0,True,False,0,0,False,False
Q8BGW1_323.0,0.0,0.0,0.0,,,0.0,0.0,True,False,0,0,False,False
Q8BGX1_41.0,0.0,0.0,0.0,,,0.0,0.0,True,False,0,0,False,False
Q8BGX2_188.0,6.332037607828776,6.992556889851888,0.14315026207671394,0.9455725529101717,,0.6605192820231114,0.6605192820231114,False,True,partial,partial,False,False
Q8BGX2_52.0,0.0,0.0,0.0,,,0.0,0.0,True,False,0,0,False,False
Q8BGX3_228.0,0.0,0.0,0.0,,,0.0,0.0,True,False,0,0,False,False
Q8BGZ1_187.0,0.0,0.0,0.0,,,0.0,0.0,True,False,0,0,False,False
Q8BGZ1_38.0,0.0,0.0,0.0,,,0.0,0.0,True,False,0,0,False,False
Q8BGZ1_87.0,0.0,0.0,0.0,,,0.0,0.0,True,False,0,0,False,False
Q8BGZ4_442.0,0.0,0.0,0.0,,,0.0,0.0,True,False,0,0,False,False
Q8BGZ4_500.0,0.0,0.0,0.0,,,0.0,0.0,True,False,0,0,False,False
Q8BGZ4_532.0,0.0,0.0,0.0,,,0.0,0.0,True,False,0,0,False,False
Q8BH04_151.0,0.0,0.0,0.0,,,0.0,0.0,True,False,0,0,False,False
Q8BH04_210.0,0.0,0.0,0.0,,,0.0,0.0,True,False,0,0,False,False
Q8BH04_306.0,0.0,0.0,0.0,,,0.0,0.0,True,False,0,0,False,False
Q8BH04_325.0,0.0,0.0,0.0,,,0.0,0.0,True,False,0,0,False,False
Q8BH04_559.0,0.0,0.0,0.0,,,0.0,0.0,True,False,0,0,False,False
Q8BH24_64.0,0.0,0.0,0.0,,,0.0,0.0,True,False,0,0,False,False
Q8BH27_281.0,20.152564843495686,12.14294465382894,-0.7308451477416502,0.0010868932655235212,,-8.009620189666746,8.009620189666746,False,True,partial,partial,False,False
Q8BH27_284.0,0.0,0.0,0.0,,,0.0,0.0,True,False,0,0,False,False
Q8BH27_381.0,39.73690319061279,38.18924299875895,-0.05731312104587483,0.8456798200511972,,-1.5476601918538435,1.5476601918538435,False,True,partial,partial,False,False
Q8BH32_147.0,0.0,0.0,0.0,,,0.0,0.0,True,False,0,0,False,False
Q8BH43_27.0,0.0,0.0,0.0,,,0.0,0.0,True,False,0,0,False,False
Q8BH43_55.0,0.0,0.0,0.0,,,0.0,0.0,True,False,0,0,False,False
Q8BH44_106.0,0.0,0.0,0.0,,,0.0,0.0,True,False,0,0,False,False
Q8BH44_220.0,0.0,0.0,0.0,,,0.0,0.0,True,False,0,0,False,False
Q8BH44_30.0,0.0,0.0,0.0,,,0.0,0.0,True,False,0,0,False,False
Q8BH44_335.0,0.0,0.0,0.0,,,0.0,0.0,True,False,0,0,False,False
Q8BH44_46.0,0.0,0.0,0.0,,,0.0,0.0,True,False,0,0,False,False
Q8BH44_84.0,0.0,0.0,0.0,,,0.0,0.0,True,False,0,0,False,False
Q8BH48_292.0,0.0,0.0,0.0,,,0.0,0.0,True,False,0,0,False,False
Q8BH48_452.0,0.0,0.0,0.0,,,0.0,0.0,True,False,0,0,False,False
Q8BH55_203.0,1.493442138036092,0.7851762771606445,-0.9275528521800475,0.5905491126977329,,-0.7082658608754475,0.7082658608754475,False,True,partial,partial,False,False
Q8BH55_440.0,0.0,0.0,0.0,,,0.0,0.0,True,False,0,0,False,False
Q8BH55_532.0,0.0,0.0,0.0,,,0.0,0.0,True,False,0,0,False,False
Q8BH55_658.0,0.0,0.0,0.0,,,0.0,0.0,True,False,0,0,False,False
Q8BH55_723.0,0.0,0.0,0.0,,,0.0,0.0,True,False,0,0,False,False
Q8BH55_81.0,0.0,0.0,0.0,,,0.0,0.0,True,False,0,0,False,False
Q8BH57_109.0,0.0,0.0,0.0,,,0.0,0.0,True,False,0,0,False,False
Q8BH57_225.0,0.0,0.0,0.0,,,0.0,0.0,True,False,0,0,False,False
Q8BH57_278.0,0.0,0.0,0.0,,,0.0,0.0,True,False,0,0,False,False
Q8BH57_291.0,0.0,0.0,0.0,,,0.0,0.0,True,False,0,0,False,False
Q8BH57_366.0,0.0,0.0,0.0,,,0.0,0.0,True,False,0,0,False,False
Q8BH57_642.0,0.0,0.0,0.0,,,0.0,0.0,True,False,0,0,False,False
Q8BH58_87.0,0.0,0.0,0.0,,,0.0,0.0,True,False,0,0,False,False
Q8BH59_375.0,0.0,0.0,0.0,,,0.0,0.0,True,False,0,0,False,False
Q8BH59_505.0,0.0,0.0,0.0,,,0.0,0.0,True,False,0,0,False,False
Q8BH59_563.0,0.2611171205838521,0.21978318691253662,-0.24861602596362126,0.9060741088692252,,-0.04133393367131549,0.04133393367131549,False,True,partial,partial,False,False
Q8BH60_409.0,0.0,0.0,0.0,,,0.0,0.0,True,False,0,0,False,False
Q8BH64_356.0,0.0,0.0,0.0,,,0.0,0.0,True,False,0,0,False,False
Q8BH65_205.0,0.0,0.0,0.0,,,0.0,0.0,True,False,0,0,False,False
Q8BH66_375.0,0.0,0.0,0.0,,,0.0,0.0,True,False,0,0,False,False
Q8BH66_538.0,0.0,0.0,0.0,,,0.0,0.0,True,False,0,0,False,False
Q8BH69_71.0,0.0,0.0,0.0,,,0.0,0.0,True,False,0,0,False,False
Q8BH75_238.0,0.0,0.0,0.0,,,0.0,0.0,True,False,0,0,False,False
Q8BH79_92.0,0.0,0.0,0.0,,,0.0,0.0,True,False,0,0,False,False
Q8BH82_288.0,0.0,0.0,0.0,,,0.0,0.0,True,False,0,0,False,False
Q8BH86_252.0,0.0,0.0,0.0,,,0.0,0.0,True,False,0,0,False,False
Q8BH86_266.0,4.672746340433757,0.0,-32.12162357706781,0.36321746764912255,,-4.672746340433757,4.672746340433757,False,True,partial,0,False,False
Q8BH86_54.0,0.0,0.0,0.0,,,0.0,0.0,True,False,0,0,False,False
Q8BH86_86.0,0.0,0.0,0.0,,,0.0,0.0,True,False,0,0,False,False
Q8BH86_97.0,0.0,0.0,0.0,,,0.0,0.0,True,False,0,0,False,False
Q8BH95_111.0,0.0,0.0,0.0,,,0.0,0.0,True,False,0,0,False,False
Q8BH95_225.0,2.0668905774752298,0.7416235407193502,-1.4787030682955968,0.20673677922948205,,-1.3252670367558794,1.3252670367558794,False,True,partial,partial,False,False
Q8BHB9_292.0,0.0,0.0,0.0,,,0.0,0.0,True,False,0,0,False,False
Q8BHB9_533.0,0.0,0.0,0.0,,,0.0,0.0,True,False,0,0,False,False
Q8BHB9_578.0,0.0,0.0,0.0,,,0.0,0.0,True,False,0,0,False,False
Q8BHB9_66.0,0.0,0.0,0.0,,,0.0,0.0,True,False,0,0,False,False
Q8BHD7_39.0,0.0,0.0,0.0,,,0.0,0.0,True,False,0,0,False,False
Q8BHD7_471.0,0.0,0.0,0.0,,,0.0,0.0,True,False,0,0,False,False
Q8BHE3_319.0,5.1665347417195635,9.769230047861734,0.9190478903484139,0.3580566524251614,,4.602695306142171,4.602695306142171,False,True,partial,partial,False,False
Q8BHF7_441.0,0.0,0.0,0.0,,,0.0,0.0,True,False,0,0,False,False
Q8BHG1_280.0,0.0,0.0,0.0,,,0.0,0.0,True,False,0,0,False,False
Q8BHG1_685.0,0.0,0.0,0.0,,,0.0,0.0,True,False,0,0,False,False
Q8BHG1_701.0,0.0,0.0,0.0,,,0.0,0.0,True,False,0,0,False,False
Q8BHG1_977.0,0.0,0.0,0.0,,,0.0,0.0,True,False,0,0,False,False
Q8BHG2_102.0,0.0,0.0,0.0,,,0.0,0.0,True,False,0,0,False,False
Q8BHG9_111.0,0.0,0.0,0.0,,,0.0,0.0,True,False,0,0,False,False
Q8BHG9_92.0,0.0,0.0,0.0,,,0.0,0.0,True,False,0,0,False,False
Q8BHH2_182.0,0.0,0.0,0.0,,,0.0,0.0,True,False,0,0,False,False
Q8BHJ5_508.0,0.0,0.0,0.0,,,0.0,0.0,True,False,0,0,False,False
Q8BHJ6_73.0,0.0,0.0,0.0,,,0.0,0.0,True,False,0,0,False,False
Q8BHL3_559.0,0.0,0.0,0.0,,,0.0,0.0,True,False,0,0,False,False
Q8BHL3_576.0,16.516433715820312,25.04414431254069,0.6005711108103603,0.6814550041796331,,8.527710596720379,8.527710596720379,False,True,partial,partial,False,False
Q8BHL5_430.0,1.4667905171712239,2.088087320327759,0.5095191998348152,0.7604264953984549,,0.6212968031565349,0.6212968031565349,False,True,partial,partial,False,False
Q8BHL5_562.0,0.0,0.0,0.0,,,0.0,0.0,True,False,0,0,False,False
Q8BHL7_10.0,0.0,0.0,0.0,,,0.0,0.0,True,False,0,0,False,False
Q8BHL8_203.0,0.0,0.0,0.0,,,0.0,0.0,True,False,0,0,False,False
Q8BHN0_340.0,0.0,0.0,0.0,,,0.0,0.0,True,False,0,0,False,False
Q8BHN1_127.0,0.0,0.0,0.0,,,0.0,0.0,True,False,0,0,False,False
Q8BHN3_502.0,0.0,0.0,0.0,,,0.0,0.0,True,False,0,0,False,False
Q8BHR8_293.0,0.0,0.0,0.0,,,0.0,0.0,True,False,0,0,False,False
Q8BHS3_71.0,0.0,0.0,0.0,,,0.0,0.0,True,False,0,0,False,False
Q8BHS6_208.0,0.0,0.0,0.0,,,0.0,0.0,True,False,0,0,False,False
Q8BHS6_343.0,0.0,0.0,0.0,,,0.0,0.0,True,False,0,0,False,False
Q8BHS6_52.0,0.0,0.0,0.0,,,0.0,0.0,True,False,0,0,False,False
Q8BHS8_213.0,0.0,0.0,0.0,,,0.0,0.0,True,False,0,0,False,False
Q8BHT6_356.0,34.23576005299886,3.5715678532918296,-3.260874605776014,0.09863357034306491,,-30.664192199707035,30.664192199707035,False,True,partial,partial,False,False
Q8BHT6_402.0,0.0,0.0,0.0,,,0.0,0.0,True,False,0,0,False,False
Q8BHW2_105.0,0.0,0.0,0.0,,,0.0,0.0,True,False,0,0,False,False
Q8BHY8_611.0,0.0,0.0,0.0,,,0.0,0.0,True,False,0,0,False,False
Q8BHZ0_112.0,0.0,0.0,0.0,,,0.0,0.0,True,False,0,0,False,False
Q8BHZ0_222.0,0.0,0.0,0.0,,,0.0,0.0,True,False,0,0,False,False
Q8BHZ0_83.0,0.0,0.0,0.0,,,0.0,0.0,True,False,0,0,False,False
Q8BI72_206.0,0.0,0.0,0.0,,,0.0,0.0,True,False,0,0,False,False
Q8BI72_499.0,0.0,0.0,0.0,,,0.0,0.0,True,False,0,0,False,False
Q8BI84_1435.0,0.0,0.0,0.0,,,0.0,0.0,True,False,0,0,False,False
Q8BI84_1540.0,0.0,0.0,0.0,,,0.0,0.0,True,False,0,0,False,False
Q8BI84_61.0,0.0,0.0,0.0,,,0.0,0.0,True,False,0,0,False,False
Q8BIE6_168.0,0.0,0.0,0.0,,,0.0,0.0,True,False,0,0,False,False
Q8BIF0_190.0,0.0,0.0,0.0,,,0.0,0.0,True,False,0,0,False,False
Q8BIF0_212.0,0.0,0.0,0.0,,,0.0,0.0,True,False,0,0,False,False
Q8BIG7_133.0,0.0,0.0,0.0,,,0.0,0.0,True,False,0,0,False,False
Q8BIJ6_1002.0,0.0,0.0,0.0,,,0.0,0.0,True,False,0,0,False,False
Q8BIJ6_110.0,0.0,0.0,0.0,,,0.0,0.0,True,False,0,0,False,False
Q8BIJ6_155.0,0.0,0.0,0.0,,,0.0,0.0,True,False,0,0,False,False
Q8BIJ6_465.0,0.0,0.0,0.0,,,0.0,0.0,True,False,0,0,False,False
Q8BIJ6_808.0,0.0,0.0,0.0,,,0.0,0.0,True,False,0,0,False,False
Q8BIJ6_883.0,0.0,0.0,0.0,,,0.0,0.0,True,False,0,0,False,False
Q8BIJ6_91.0,0.0,0.0,0.0,,,0.0,0.0,True,False,0,0,False,False
Q8BIJ7_188.0,0.0,0.0,0.0,,,0.0,0.0,True,False,0,0,False,False
Q8BIJ7_607.0,34.83849271138509,50.5961971282959,0.5383467472326356,0.4813949208019642,,15.757704416910805,15.757704416910805,False,True,partial,partial,False,False
Q8BIJ7_696.0,0.0,0.0,0.0,,,0.0,0.0,True,False,0,0,False,False
Q8BIK4_1061.0,0.0,0.0,0.0,,,0.0,0.0,True,False,0,0,False,False
Q8BIK4_1562.0,0.0,0.0,0.0,,,0.0,0.0,True,False,0,0,False,False
Q8BIK4_1913.0,0.0,0.0,0.0,,,0.0,0.0,True,False,0,0,False,False
Q8BIK4_2013.0,0.0,0.0,0.0,,,0.0,0.0,True,False,0,0,False,False
Q8BIK4_246.0,0.0,0.0,0.0,,,0.0,0.0,True,False,0,0,False,False
Q8BIK4_477.0,0.0,0.0,0.0,,,0.0,0.0,True,False,0,0,False,False
Q8BIK4_499.0,0.0,0.0,0.0,,,0.0,0.0,True,False,0,0,False,False
Q8BIK4_637.0,0.0,0.0,0.0,,,0.0,0.0,True,False,0,0,False,False
Q8BIK4_80.0,0.0,0.0,0.0,,,0.0,0.0,True,False,0,0,False,False
Q8BIL5_201.0,0.0,0.0,0.0,,,0.0,0.0,True,False,0,0,False,False
Q8BIP0_107.0,0.0,0.0,0.0,,,0.0,0.0,True,False,0,0,False,False
Q8BIP0_151.0,0.0,0.0,0.0,,,0.0,0.0,True,False,0,0,False,False
Q8BIP0_589.0,0.0,0.0,0.0,,,0.0,0.0,True,False,0,0,False,False
Q8BIP0_85.0,0.0,0.0,0.0,,,0.0,0.0,True,False,0,0,False,False
Q8BIQ5_150.0,0.0,0.0,0.0,,,0.0,0.0,True,False,0,0,False,False
Q8BIV3_1065.0,0.0,0.0,0.0,,,0.0,0.0,True,False,0,0,False,False
Q8BIV3_118.0,0.0,0.0,0.0,,,0.0,0.0,True,False,0,0,False,False
Q8BIV3_188.0,0.0,0.0,0.0,,,0.0,0.0,True,False,0,0,False,False
Q8BIV3_31.0,0.0,0.0,0.0,,,0.0,0.0,True,False,0,0,False,False
Q8BIV3_428.0,0.0,0.0,0.0,,,0.0,0.0,True,False,0,0,False,False
Q8BIV3_741.0,0.0,0.0,0.0,,,0.0,0.0,True,False,0,0,False,False
Q8BIV3_792.0,0.0,0.0,0.0,,,0.0,0.0,True,False,0,0,False,False
Q8BIV3_952.0,0.0,0.0,0.0,,,0.0,0.0,True,False,0,0,False,False
Q8BIV3_980.0,0.0,0.0,0.0,,,0.0,0.0,True,False,0,0,False,False
Q8BIW1_303.0,0.0,0.0,0.0,,,0.0,0.0,True,False,0,0,False,False
Q8BIW1_313.0,0.0,0.0,0.0,,,0.0,0.0,True,False,0,0,False,False
Q8BIW1_438.0,0.0,0.0,0.0,,,0.0,0.0,True,False,0,0,False,False
Q8BIZ1_1059.0,0.0,0.0,0.0,,,0.0,0.0,True,False,0,0,False,False
Q8BIZ1_1084.0,0.0,0.0,0.0,,,0.0,0.0,True,False,0,0,False,False
Q8BIZ1_1134.0,0.0,0.0,0.0,,,0.0,0.0,True,False,0,0,False,False
Q8BIZ1_190.0,0.0,0.0,0.0,,,0.0,0.0,True,False,0,0,False,False
Q8BJ05_261.0,0.0,0.0,0.0,,,0.0,0.0,True,False,0,0,False,False
Q8BJ05_652.0,0.0,0.0,0.0,,,0.0,0.0,True,False,0,0,False,False
Q8BJ42_131.0,0.0,0.0,0.0,,,0.0,0.0,True,False,0,0,False,False
Q8BJ42_148.0,0.0,0.0,0.0,,,0.0,0.0,True,False,0,0,False,False
Q8BJ42_179.0,0.0,0.0,0.0,,,0.0,0.0,True,False,0,0,False,False
Q8BJ42_354.0,0.0,0.0,0.0,,,0.0,0.0,True,False,0,0,False,False
Q8BJ42_409.0,0.0,6.168416341145833,32.52225299836985,0.36321746764912255,,6.168416341145833,6.168416341145833,False,True,0,partial,False,False
Q8BJ42_718.0,0.0,0.0,0.0,,,0.0,0.0,True,False,0,0,False,False
Q8BJ71_209.0,8.410934448242188,9.730525970458984,0.21025169834973084,0.920352536463752,,1.3195915222167969,1.3195915222167969,False,True,partial,partial,False,False
Q8BJ71_392.0,0.0,0.0,0.0,,,0.0,0.0,True,False,0,0,False,False
Q8BJ71_397.0,0.0,0.0,0.0,,,0.0,0.0,True,False,0,0,False,False
Q8BJ71_522.0,0.0,0.0,0.0,,,0.0,0.0,True,False,0,0,False,False
Q8BJD1_455.0,0.0,0.0,0.0,,,0.0,0.0,True,False,0,0,False,False
Q8BJH1_299.0,0.0,0.0,0.0,,,0.0,0.0,True,False,0,0,False,False
Q8BJH1_314.0,0.0,0.0,0.0,,,0.0,0.0,True,False,0,0,False,False
Q8BJH1_38.0,0.0,0.0,0.0,,,0.0,0.0,True,False,0,0,False,False
Q8BJI1_181.0,0.0,0.0,0.0,,,0.0,0.0,True,False,0,0,False,False
Q8BJI1_90.0,0.0,0.0,0.0,,,0.0,0.0,True,False,0,0,False,False
Q8BJL1_54.0,0.0,0.0,0.0,,,0.0,0.0,True,False,0,0,False,False
Q8BJU0_130.0,1.5456892053286235,1.6097739934921265,0.058607890314925894,0.919881802690599,,0.06408478816350294,0.06408478816350294,False,True,partial,partial,False,False
Q8BJU0_149.0,0.0,0.0,0.0,,,0.0,0.0,True,False,0,0,False,False
Q8BJU9_267.0,0.0,0.0,0.0,,,0.0,0.0,True,False,0,0,False,False
Q8BJU9_96.0,0.0,0.0,0.0,,,0.0,0.0,True,False,0,0,False,False
Q8BJW5_513.0,0.0,0.0,0.0,,,0.0,0.0,True,False,0,0,False,False
Q8BJW6_306.0,0.0,0.0,0.0,,,0.0,0.0,True,False,0,0,False,False
Q8BJY1_133.0,0.0,0.0,0.0,,,0.0,0.0,True,False,0,0,False,False
Q8BJY1_290.0,0.0,0.0,0.0,,,0.0,0.0,True,False,0,0,False,False
Q8BJY1_412.0,0.0,0.0,0.0,,,0.0,0.0,True,False,0,0,False,False
Q8BJY1_64.0,0.0,0.0,0.0,,,0.0,0.0,True,False,0,0,False,False
Q8BJZ4_127.0,0.0,0.0,0.0,,,0.0,0.0,True,False,0,0,False,False
Q8BJZ4_140.0,0.0,0.0,0.0,,,0.0,0.0,True,False,0,0,False,False
Q8BK03_343.0,0.0,0.0,0.0,,,0.0,0.0,True,False,0,0,False,False
Q8BK03_474.0,0.0,0.0,0.0,,,0.0,0.0,True,False,0,0,False,False
Q8BK08_78.0,0.0,0.0,0.0,,,0.0,0.0,True,False,0,0,False,False
Q8BK26_170.0,0.0,0.0,0.0,,,0.0,0.0,True,False,0,0,False,False
Q8BK64_301.0,0.0,0.0,0.0,,,0.0,0.0,True,False,0,0,False,False
Q8BK64_56.0,0.0,0.0,0.0,,,0.0,0.0,True,False,0,0,False,False
Q8BK67_142.0,0.0,0.0,0.0,,,0.0,0.0,True,False,0,0,False,False
Q8BK67_207.0,0.0,0.0,0.0,,,0.0,0.0,True,False,0,0,False,False
Q8BK67_278.0,0.0,0.0,0.0,,,0.0,0.0,True,False,0,0,False,False
Q8BK67_303.0,0.0,0.0,0.0,,,0.0,0.0,True,False,0,0,False,False
Q8BK67_426.0,0.0,0.0,0.0,,,0.0,0.0,True,False,0,0,False,False
Q8BK72_368.0,0.0,0.0,0.0,,,0.0,0.0,True,False,0,0,False,False
Q8BKC5_1057.0,0.0,0.0,0.0,,,0.0,0.0,True,False,0,0,False,False
Q8BKC5_110.0,0.0,0.0,0.0,,,0.0,0.0,True,False,0,0,False,False
Q8BKC5_180.0,0.0,0.0,0.0,,,0.0,0.0,True,False,0,0,False,False
Q8BKC5_266.0,0.0,0.0,0.0,,,0.0,0.0,True,False,0,0,False,False
Q8BKC5_420.0,0.0,0.0,0.0,,,0.0,0.0,True,False,0,0,False,False
Q8BKC5_473.0,0.0,0.0,0.0,,,0.0,0.0,True,False,0,0,False,False
Q8BKC5_560.0,0.0,0.0,0.0,,,0.0,0.0,True,False,0,0,False,False
Q8BKC5_733.0,0.0,0.0,0.0,,,0.0,0.0,True,False,0,0,False,False
Q8BKC5_776.0,0.0,0.0,0.0,,,0.0,0.0,True,False,0,0,False,False
Q8BKC5_915.0,0.0,0.0,0.0,,,0.0,0.0,True,False,0,0,False,False
Q8BKC5_972.0,0.0,0.0,0.0,,,0.0,0.0,True,False,0,0,False,False
Q8BKC8_435.0,0.0,0.0,0.0,,,0.0,0.0,True,False,0,0,False,False
Q8BKE9_400.0,0.0,0.0,0.0,,,0.0,0.0,True,False,0,0,False,False
Q8BKI2_764.0,0.0,0.0,0.0,,,0.0,0.0,True,False,0,0,False,False
Q8BKR5_457.0,0.0,0.0,0.0,,,0.0,0.0,True,False,0,0,False,False
Q8BKT7_507.0,0.0,0.0,0.0,,,0.0,0.0,True,False,0,0,False,False
Q8BKT7_59.0,0.0,0.0,0.0,,,0.0,0.0,True,False,0,0,False,False
Q8BKT7_608.0,0.0,0.0,0.0,,,0.0,0.0,True,False,0,0,False,False
Q8BKX1_195.0,0.6605838139851888,0.9633558591206869,0.5443272003047023,0.8014061490248041,,0.30277204513549805,0.30277204513549805,False,True,partial,partial,False,False
Q8BKX1_230.0,0.0,0.0,0.0,,,0.0,0.0,True,False,0,0,False,False
Q8BKY8_123.0,0.0,0.0,0.0,,,0.0,0.0,True,False,0,0,False,False
Q8BKY8_276.0,0.0,0.0,0.0,,,0.0,0.0,True,False,0,0,False,False
Q8BKY8_55.0,0.0,0.0,0.0,,,0.0,0.0,True,False,0,0,False,False
Q8BKZ9_307.0,0.0,0.0,0.0,,,0.0,0.0,True,False,0,0,False,False
Q8BL03_181.0,0.0,0.0,0.0,,,0.0,0.0,True,False,0,0,False,False
Q8BL06_1466.0,0.0,0.0,0.0,,,0.0,0.0,True,False,0,0,False,False
Q8BL48_100.0,0.0,0.0,0.0,,,0.0,0.0,True,False,0,0,False,False
Q8BL48_696.0,0.0,0.0,0.0,,,0.0,0.0,True,False,0,0,False,False
Q8BL48_90.0,0.0,0.0,0.0,,,0.0,0.0,True,False,0,0,False,False
Q8BL65_106.0,0.0,0.0,0.0,,,0.0,0.0,True,False,0,0,False,False
Q8BL65_134.0,0.0,0.0,0.0,,,0.0,0.0,True,False,0,0,False,False
Q8BL65_200.0,0.0,0.0,0.0,,,0.0,0.0,True,False,0,0,False,False
Q8BL65_53.0,0.0,0.0,0.0,,,0.0,0.0,True,False,0,0,False,False
Q8BL65_534.0,0.0,0.0,0.0,,,0.0,0.0,True,False,0,0,False,False
Q8BL66_346.0,0.0,0.0,0.0,,,0.0,0.0,True,False,0,0,False,False
Q8BL66_704.0,0.0,0.0,0.0,,,0.0,0.0,True,False,0,0,False,False
Q8BL66_783.0,0.0,0.0,0.0,,,0.0,0.0,True,False,0,0,False,False
Q8BL80_185.0,0.0,0.0,0.0,,,0.0,0.0,True,False,0,0,False,False
Q8BL86_176.0,0.0,0.0,0.0,,,0.0,0.0,True,False,0,0,False,False
Q8BL86_212.0,0.0,0.0,0.0,,,0.0,0.0,True,False,0,0,False,False
Q8BL86_66.0,0.0,0.0,0.0,,,0.0,0.0,True,False,0,0,False,False
Q8BL97_148.0,0.0,0.0,0.0,,,0.0,0.0,True,False,0,0,False,False
Q8BLF1_345.0,0.0,0.0,0.0,,,0.0,0.0,True,False,0,0,False,False
Q8BLJ3_171.0,0.0,0.0,0.0,,,0.0,0.0,True,False,0,0,False,False
Q8BLK3_111.0,35.61032803853353,24.444069862365723,-0.5428112162585415,6.0345140953170006e-05,,-11.166258176167808,11.166258176167808,False,True,partial,partial,False,False
Q8BLK3_239.0,29.269259770711262,20.519937833150227,-0.5123598997632893,0.23278845384879865,,-8.749321937561035,8.749321937561035,False,True,partial,partial,False,False
Q8BLK9_726.0,0.0,0.0,0.0,,,0.0,0.0,True,False,0,0,False,False
Q8BLK9_948.0,0.0,0.0,0.0,,,0.0,0.0,True,False,0,0,False,False
Q8BLN5_472.0,0.0,0.0,0.0,,,0.0,0.0,True,False,0,0,False,False
Q8BLN5_485.0,0.0,0.0,0.0,,,0.0,0.0,True,False,0,0,False,False
Q8BLN6_1003.0,0.0,0.0,0.0,,,0.0,0.0,True,False,0,0,False,False
Q8BLN6_1226.0,0.0,0.0,0.0,,,0.0,0.0,True,False,0,0,False,False
Q8BLN6_2568.0,0.0,0.0,0.0,,,0.0,0.0,True,False,0,0,False,False
Q8BLQ9_203.0,6.664663712183635,4.581777175267537,-0.5406247830423314,0.012848989869902587,,-2.0828865369160976,2.0828865369160976,False,True,partial,partial,False,False
Q8BLQ9_248.0,22.314459482828777,10.788615067799887,-1.0484691826694572,0.0030825183284054983,,-11.52584441502889,11.52584441502889,False,True,partial,partial,False,False
Q8BLR2_116.0,0.0,0.0,0.0,,,0.0,0.0,True,False,0,0,False,False
Q8BLR2_218.0,0.0,0.0,0.0,,,0.0,0.0,True,False,0,0,False,False
Q8BLR2_265.0,0.0,0.0,0.0,,,0.0,0.0,True,False,0,0,False,False
Q8BLR2_288.0,0.0,0.0,0.0,,,0.0,0.0,True,False,0,0,False,False
Q8BLR2_349.0,0.0,0.0,0.0,,,0.0,0.0,True,False,0,0,False,False
Q8BLR2_47.0,0.0,0.0,0.0,,,0.0,0.0,True,False,0,0,False,False
Q8BLR2_70.0,0.0,0.0,0.0,,,0.0,0.0,True,False,0,0,False,False
Q8BLU0_339.0,0.0,0.0,0.0,,,0.0,0.0,True,False,0,0,False,False
Q8BLU0_492.0,0.0,0.0,0.0,,,0.0,0.0,True,False,0,0,False,False
Q8BLV3_132.0,17.74142328898112,12.233027140299479,-0.5363403009972076,0.04817720478937531,,-5.508396148681642,5.508396148681642,False,True,partial,partial,False,False
Q8BLY1_302.0,0.0,0.0,0.0,,,0.0,0.0,True,False,0,0,False,False
Q8BLY1_73.0,0.0,0.0,0.0,,,0.0,0.0,True,False,0,0,False,False
Q8BLY2_26.0,0.0,0.0,0.0,,,0.0,0.0,True,False,0,0,False,False
Q8BLY2_273.0,0.0,0.0,0.0,,,0.0,0.0,True,False,0,0,False,False
Q8BLY3_614.0,24.640411376953125,41.81194877624512,0.762888943888814,0.5288772660113428,,17.171537399291992,17.171537399291992,False,True,partial,partial,False,False
Q8BM55_377.0,0.0,0.0,0.0,,,0.0,0.0,True,False,0,0,False,False
Q8BM55_529.0,0.0,0.0,0.0,,,0.0,0.0,True,False,0,0,False,False
Q8BM65_110.0,0.0,0.0,0.0,,,0.0,0.0,True,False,0,0,False,False
Q8BM65_133.0,0.0,0.0,0.0,,,0.0,0.0,True,False,0,0,False,False
Q8BM65_345.0,0.0,0.0,0.0,,,0.0,0.0,True,False,0,0,False,False
Q8BM85_353.0,0.0,0.0,0.0,,,0.0,0.0,True,False,0,0,False,False
Q8BM85_512.0,0.0,0.0,0.0,,,0.0,0.0,True,False,0,0,False,False
Q8BM85_54.0,0.0,0.0,0.0,,,0.0,0.0,True,False,0,0,False,False
Q8BM85_702.0,0.0,0.0,0.0,,,0.0,0.0,True,False,0,0,False,False
Q8BM85_737.0,0.0,0.0,0.0,,,0.0,0.0,True,False,0,0,False,False
Q8BM85_74.0,0.0,0.0,0.0,,,0.0,0.0,True,False,0,0,False,False
Q8BM85_871.0,0.0,0.0,0.0,,,0.0,0.0,True,False,0,0,False,False
Q8BMA6_343.0,0.0,0.0,0.0,,,0.0,0.0,True,False,0,0,False,False
Q8BMA6_560.0,14.832366784413656,8.363620440165201,-0.82654932955102,0.23046251366997506,,-6.468746344248455,6.468746344248455,False,True,partial,partial,False,False
Q8BMD8_328.0,0.0,0.0,0.0,,,0.0,0.0,True,False,0,0,False,False
Q8BMF3_199.0,0.0,0.2601471543312073,27.954752690853258,0.36321746764912255,,0.2601471543312073,0.2601471543312073,False,True,0,partial,False,False
Q8BMF3_450.0,0.0,0.0,0.0,,,0.0,0.0,True,False,0,0,False,False
Q8BMF4_163.0,0.0,0.0,0.0,,,0.0,0.0,True,False,0,0,False,False
Q8BMF4_290.0,2.2609373927116394,1.7968043088912964,-0.33148775045715556,0.04961914230593498,,-0.464133083820343,0.464133083820343,False,True,partial,partial,False,False
Q8BMF4_483.0,0.0,0.0,0.0,,,0.0,0.0,True,False,0,0,False,False
Q8BMF4_581.0,0.0,0.0,0.0,,,0.0,0.0,True,False,0,0,False,False
Q8BMF4_613.0,0.0,0.0,0.0,,,0.0,0.0,True,False,0,0,False,False
Q8BMG7_1311.0,0.0,0.0,0.0,,,0.0,0.0,True,False,0,0,False,False
Q8BMG7_389.0,0.0,0.0,0.0,,,0.0,0.0,True,False,0,0,False,False
Q8BMG7_606.0,0.0,0.0,0.0,,,0.0,0.0,True,False,0,0,False,False
Q8BMG7_894.0,0.0,0.0,0.0,,,0.0,0.0,True,False,0,0,False,False
Q8BMI0_206.0,0.0,0.0,0.0,,,0.0,0.0,True,False,0,0,False,False
Q8BMJ2_250.0,0.0,0.0,0.0,,,0.0,0.0,True,False,0,0,False,False
Q8BMJ2_370.0,0.0,0.0,0.0,,,0.0,0.0,True,False,0,0,False,False
Q8BMJ2_556.0,0.0,0.0,0.0,,,0.0,0.0,True,False,0,0,False,False
Q8BMJ2_575.0,0.0,0.0,0.0,,,0.0,0.0,True,False,0,0,False,False
Q8BMJ2_783.0,0.0,0.0,0.0,,,0.0,0.0,True,False,0,0,False,False
Q8BMJ2_86.0,0.0,0.0,0.0,,,0.0,0.0,True,False,0,0,False,False
Q8BMJ3_51.0,0.0,0.0,0.0,,,0.0,0.0,True,False,0,0,False,False
Q8BMK4_79.0,0.0,0.0,0.0,,,0.0,0.0,True,False,0,0,False,False
Q8BML9_298.0,0.0,0.0,0.0,,,0.0,0.0,True,False,0,0,False,False
Q8BML9_478.0,0.0,0.0,0.0,,,0.0,0.0,True,False,0,0,False,False
Q8BML9_556.0,0.0,0.0,0.0,,,0.0,0.0,True,False,0,0,False,False
Q8BML9_657.0,0.0,0.0,0.0,,,0.0,0.0,True,False,0,0,False,False
Q8BML9_687.0,0.0,0.0,0.0,,,0.0,0.0,True,False,0,0,False,False
Q8BML9_694.0,0.0,0.0,0.0,,,0.0,0.0,True,False,0,0,False,False
Q8BMP6_484.0,0.0,0.0,0.0,,,0.0,0.0,True,False,0,0,False,False
Q8BMQ2_253.0,0.0,0.0,0.0,,,0.0,0.0,True,False,0,0,False,False
Q8BMQ8_274.0,0.0,0.0,0.0,,,0.0,0.0,True,False,0,0,False,False
Q8BMS1_349.0,0.0,0.0,0.0,,,0.0,0.0,True,False,0,0,False,False
Q8BMS1_550.0,0.0,0.0,0.0,,,0.0,0.0,True,False,0,0,False,False
Q8BMS1_747.0,0.0,0.0,0.0,,,0.0,0.0,True,False,0,0,False,False
Q8BMS1_97.0,0.0,0.0,0.0,,,0.0,0.0,True,False,0,0,False,False
Q8BMS4_156.0,0.0,0.0,0.0,,,0.0,0.0,True,False,0,0,False,False
Q8BMZ5_297.0,0.0,0.0,0.0,,,0.0,0.0,True,False,0,0,False,False
Q8BNE1_108.0,0.0,0.0,0.0,,,0.0,0.0,True,False,0,0,False,False
Q8BNE1_535.0,0.0,0.0,0.0,,,0.0,0.0,True,False,0,0,False,False
Q8BNJ6_506.0,0.0,0.0,0.0,,,0.0,0.0,True,False,0,0,False,False
Q8BNN1_195.0,24.01935609181722,15.614657402038574,-0.6212965600911617,0.37968563755234563,,-8.404698689778645,8.404698689778645,False,True,partial,partial,False,False
Q8BNN1_26.0,0.0,0.0,0.0,,,0.0,0.0,True,False,0,0,False,False
Q8BNU0_218.0,0.0,0.0,0.0,,,0.0,0.0,True,False,0,0,False,False
Q8BNU0_402.0,0.0,0.0,0.0,,,0.0,0.0,True,False,0,0,False,False
Q8BNU0_438.0,0.0,0.0,0.0,,,0.0,0.0,True,False,0,0,False,False
Q8BNV1_476.0,0.0,0.0,0.0,,,0.0,0.0,True,False,0,0,False,False
Q8BNV1_541.0,0.0,0.0,0.0,,,0.0,0.0,True,False,0,0,False,False
Q8BNW9_242.0,0.0,0.0,0.0,,,0.0,0.0,True,False,0,0,False,False
Q8BNW9_301.0,0.0,0.0,0.0,,,0.0,0.0,True,False,0,0,False,False
Q8BNW9_335.0,0.0,0.0,0.0,,,0.0,0.0,True,False,0,0,False,False
Q8BNW9_390.0,0.0,0.0,0.0,,,0.0,0.0,True,False,0,0,False,False
Q8BNW9_489.0,0.0,0.0,0.0,,,0.0,0.0,True,False,0,0,False,False
Q8BNW9_514.0,0.0,0.0,0.0,,,0.0,0.0,True,False,0,0,False,False
Q8BNW9_563.0,0.0,0.0,0.0,,,0.0,0.0,True,False,0,0,False,False
Q8BNY6_38.0,1.7467211484909058,2.3561785221099854,0.43179954199288073,0.39357909868362817,,0.6094573736190796,0.6094573736190796,False,True,partial,partial,False,False
Q8BP27_145.0,0.0,0.0,0.0,,,0.0,0.0,True,False,0,0,False,False
Q8BP47_125.0,0.0,0.0,0.0,,,0.0,0.0,True,False,0,0,False,False
Q8BP47_277.0,0.0,6.807249704996745,32.664424886149824,0.36321746764912255,,6.807249704996745,6.807249704996745,False,True,0,partial,False,False
Q8BP47_370.0,0.0,0.0,0.0,,,0.0,0.0,True,False,0,0,False,False
Q8BP47_449.0,1.5951820611953735,1.0157971481482189,-0.6511087617250626,0.00016524194731222186,,-0.5793849130471547,0.5793849130471547,False,True,partial,partial,False,False
Q8BP47_522.0,0.0,0.0,0.0,,,0.0,0.0,True,False,0,0,False,False
Q8BP47_548.0,0.0,0.0,0.0,,,0.0,0.0,True,False,0,0,False,False
Q8BP48_174.0,0.0,0.0,0.0,,,0.0,0.0,True,False,0,0,False,False
Q8BP48_179.0,0.0,0.0,0.0,,,0.0,0.0,True,False,0,0,False,False
Q8BP48_255.0,0.0,0.0,0.0,,,0.0,0.0,True,False,0,0,False,False
Q8BP48_368.0,0.0,0.0,0.0,,,0.0,0.0,True,False,0,0,False,False
Q8BP48_9.0,0.0,0.0,0.0,,,0.0,0.0,True,False,0,0,False,False
Q8BP67_6.0,0.0,0.0,0.0,,,0.0,0.0,True,False,0,0,False,False
Q8BP74_135.0,0.0,0.0,0.0,,,0.0,0.0,True,False,0,0,False,False
Q8BPM0_184.0,0.0,0.0,0.0,,,0.0,0.0,True,False,0,0,False,False
Q8BPM0_695.0,0.0,0.0,0.0,,,0.0,0.0,True,False,0,0,False,False
Q8BPM0_87.0,0.0,0.0,0.0,,,0.0,0.0,True,False,0,0,False,False
Q8BPN8_1030.0,0.0,0.0,0.0,,,0.0,0.0,True,False,0,0,False,False
Q8BPN8_1504.0,0.0,0.0,0.0,,,0.0,0.0,True,False,0,0,False,False
Q8BPN8_1564.0,0.0,0.0,0.0,,,0.0,0.0,True,False,0,0,False,False
Q8BPN8_1577.0,0.0,0.0,0.0,,,0.0,0.0,True,False,0,0,False,False
Q8BPN8_1787.0,0.0,0.0,0.0,,,0.0,0.0,True,False,0,0,False,False
Q8BPN8_1832.0,0.0,0.0,0.0,,,0.0,0.0,True,False,0,0,False,False
Q8BPN8_1896.0,2.437346418698629,1.6880862812201183,-0.5299226700716294,0.06702904234255047,,-0.7492601374785106,0.7492601374785106,False,True,partial,partial,False,False
Q8BPN8_2023.0,0.0,0.0,0.0,,,0.0,0.0,True,False,0,0,False,False
Q8BPN8_2083.0,0.0,0.0,0.0,,,0.0,0.0,True,False,0,0,False,False
Q8BPN8_2157.0,0.0,0.0,0.0,,,0.0,0.0,True,False,0,0,False,False
Q8BPN8_253.0,0.0,0.0,0.0,,,0.0,0.0,True,False,0,0,False,False
Q8BPN8_2796.0,0.0,0.0,0.0,,,0.0,0.0,True,False,0,0,False,False
Q8BPN8_2949.0,0.0,0.0,0.0,,,0.0,0.0,True,False,0,0,False,False
Q8BPN8_3007.0,0.0,0.0,0.0,,,0.0,0.0,True,False,0,0,False,False
Q8BPN8_62.0,0.0,0.0,0.0,,,0.0,0.0,True,False,0,0,False,False
Q8BPN8_81.0,0.0,0.0,0.0,,,0.0,0.0,True,False,0,0,False,False
Q8BPN8_921.0,0.0,0.0,0.0,,,0.0,0.0,True,False,0,0,False,False
Q8BPP5_61.0,0.0,0.0,0.0,,,0.0,0.0,True,False,0,0,False,False
Q8BPP5_70.0,0.0,0.0,0.0,,,0.0,0.0,True,False,0,0,False,False
Q8BPQ7_484.0,0.0,0.0,0.0,,,0.0,0.0,True,False,0,0,False,False
Q8BPQ7_628.0,0.0,0.0,0.0,,,0.0,0.0,True,False,0,0,False,False
Q8BPQ7_656.0,0.0,0.0,0.0,,,0.0,0.0,True,False,0,0,False,False
Q8BPU7_411.0,0.0,0.0,0.0,,,0.0,0.0,True,False,0,0,False,False
Q8BPU7_425.0,0.0,0.0,0.0,,,0.0,0.0,True,False,0,0,False,False
Q8BPU7_438.0,0.0,0.0,0.0,,,0.0,0.0,True,False,0,0,False,False
Q8BPU7_561.0,0.0,0.0,0.0,,,0.0,0.0,True,False,0,0,False,False
Q8BPU7_726.0,0.0,0.0,0.0,,,0.0,0.0,True,False,0,0,False,False
Q8BQ47_100.0,0.0,0.0,0.0,,,0.0,0.0,True,False,0,0,False,False
Q8BQ47_202.0,0.0,0.0,0.0,,,0.0,0.0,True,False,0,0,False,False
Q8BQP9_122.0,0.0,0.0,0.0,,,0.0,0.0,True,False,0,0,False,False
Q8BQU6_375.0,0.0,0.0,0.0,,,0.0,0.0,True,False,0,0,False,False
Q8BQZ4_1085.0,0.0,0.0,0.0,,,0.0,0.0,True,False,0,0,False,False
Q8BQZ4_278.0,0.0,0.0,0.0,,,0.0,0.0,True,False,0,0,False,False
Q8BQZ4_327.0,0.0,0.0,0.0,,,0.0,0.0,True,False,0,0,False,False
Q8BQZ5_41.0,0.0,0.0,0.0,,,0.0,0.0,True,False,0,0,False,False
Q8BR07_752.0,0.0,0.0,0.0,,,0.0,0.0,True,False,0,0,False,False
Q8BR26_98.0,0.0,0.0,0.0,,,0.0,0.0,True,False,0,0,False,False
Q8BR63_109.0,0.0,0.0,0.0,,,0.0,0.0,True,False,0,0,False,False
Q8BR63_7.0,0.8741207321484884,0.0,-29.703257316954215,0.19359754603180782,,-0.8741207321484884,0.8741207321484884,False,True,partial,0,False,False
Q8BR86_707.0,0.0,0.0,0.0,,,0.0,0.0,True,False,0,0,False,False
Q8BR90_268.0,0.0,0.0,0.0,,,0.0,0.0,True,False,0,0,False,False
Q8BR90_51.0,0.0,0.0,0.0,,,0.0,0.0,True,False,0,0,False,False
Q8BRF7_482.0,0.0,0.0,0.0,,,0.0,0.0,True,False,0,0,False,False
Q8BRJ3_250.0,10.138659477233887,4.189981142679851,-1.2748512570495736,0.4624784122503305,,-5.948678334554036,5.948678334554036,False,True,partial,partial,False,False
Q8BRK8_130.0,0.0,0.0,0.0,,,0.0,0.0,True,False,0,0,False,False
Q8BRK8_490.0,0.0,0.0,0.0,,,0.0,0.0,True,False,0,0,False,False
Q8BRN9_216.0,0.0,0.0,0.0,,,0.0,0.0,True,False,0,0,False,False
Q8BRN9_85.0,0.0,0.0,0.0,,,0.0,0.0,True,False,0,0,False,False
Q8BRT1_1171.0,0.0,0.0,0.0,,,0.0,0.0,True,False,0,0,False,False
Q8BRT1_135.0,0.0,0.0,0.0,,,0.0,0.0,True,False,0,0,False,False
Q8BRT1_163.0,0.0,0.0,0.0,,,0.0,0.0,True,False,0,0,False,False
Q8BRT1_204.0,0.0,0.0,0.0,,,0.0,0.0,True,False,0,0,False,False
Q8BRT1_227.0,0.0,0.0,0.0,,,0.0,0.0,True,False,0,0,False,False
Q8BRT1_534.0,0.0,0.0,0.0,,,0.0,0.0,True,False,0,0,False,False
Q8BRT1_626.0,0.0,0.0,0.0,,,0.0,0.0,True,False,0,0,False,False
Q8BRT1_968.0,0.0,0.0,0.0,,,0.0,0.0,True,False,0,0,False,False
Q8BRU6_491.0,0.0,0.0,0.0,,,0.0,0.0,True,False,0,0,False,False
Q8BRV5_287.0,0.0,0.0,0.0,,,0.0,0.0,True,False,0,0,False,False
Q8BSE0_106.0,0.0,0.0,0.0,,,0.0,0.0,True,False,0,0,False,False
Q8BSK8_90.0,0.0,0.0,0.0,,,0.0,0.0,True,False,0,0,False,False
Q8BSQ9_1244.0,0.0,0.0,0.0,,,0.0,0.0,True,False,0,0,False,False
Q8BSQ9_50.0,0.0,0.0,0.0,,,0.0,0.0,True,False,0,0,False,False
Q8BSS9_1044.0,0.0,0.0,0.0,,,0.0,0.0,True,False,0,0,False,False
Q8BSS9_1080.0,0.0,0.0,0.0,,,0.0,0.0,True,False,0,0,False,False
Q8BSY0_367.0,0.0,0.0,0.0,,,0.0,0.0,True,False,0,0,False,False
Q8BSY0_643.0,0.0,0.0,0.0,,,0.0,0.0,True,False,0,0,False,False
Q8BSZ2_47.0,0.0,0.0,0.0,,,0.0,0.0,True,False,0,0,False,False
Q8BT14_175.0,0.0,0.0,0.0,,,0.0,0.0,True,False,0,0,False,False
Q8BT51_54.0,0.0,0.0,0.0,,,0.0,0.0,True,False,0,0,False,False
Q8BT60_202.0,0.0,0.0,0.0,,,0.0,0.0,True,False,0,0,False,False
Q8BT60_214.0,0.0,0.0,0.0,,,0.0,0.0,True,False,0,0,False,False
Q8BT60_249.0,0.0,0.0,0.0,,,0.0,0.0,True,False,0,0,False,False
Q8BT60_385.0,0.0,0.0,0.0,,,0.0,0.0,True,False,0,0,False,False
Q8BTG3_495.0,2.025277296702067,4.032297611236572,0.9934826709201076,0.5534575640935929,,2.0070203145345054,2.0070203145345054,False,True,partial,partial,False,False
Q8BTG7_227.0,0.0,0.0,0.0,,,0.0,0.0,True,False,0,0,False,False
Q8BTG7_4.0,12.183380762736002,0.0,-33.50419547081228,0.17613205599184917,,-12.183380762736002,12.183380762736002,False,True,partial,0,False,False
Q8BTH8_52.0,0.0,0.0,0.0,,,0.0,0.0,True,False,0,0,False,False
Q8BTI8_1144.0,0.0,0.0,0.0,,,0.0,0.0,True,False,0,0,False,False
Q8BTI9_648.0,0.0,0.0,0.0,,,0.0,0.0,True,False,0,0,False,False
Q8BTI9_835.0,0.0,0.0,0.0,,,0.0,0.0,True,False,0,0,False,False
Q8BTI9_94.0,0.0,0.0,0.0,,,0.0,0.0,True,False,0,0,False,False
Q8BTJ4_257.0,0.0,0.0,0.0,,,0.0,0.0,True,False,0,0,False,False
Q8BTM8_1018.0,0.0,0.0,0.0,,,0.0,0.0,True,False,0,0,False,False
Q8BTM8_1157.0,0.0,0.0,0.0,,,0.0,0.0,True,False,0,0,False,False
Q8BTM8_1260.0,19.634758631388348,29.89697011311849,0.6065894197459416,0.5866868383197663,,10.26221148173014,10.26221148173014,False,True,partial,partial,False,False
Q8BTM8_1312.0,0.0,0.0,0.0,,,0.0,0.0,True,False,0,0,False,False
Q8BTM8_1453.0,0.0,0.0,0.0,,,0.0,0.0,True,False,0,0,False,False
Q8BTM8_1997.0,0.0,0.0,0.0,,,0.0,0.0,True,False,0,0,False,False
Q8BTM8_2102.0,0.0,0.0,0.0,,,0.0,0.0,True,False,0,0,False,False
Q8BTM8_2107.0,0.0,0.0,0.0,,,0.0,0.0,True,False,0,0,False,False
Q8BTM8_2378.0,19.33334732055664,17.744211196899414,-0.1237430011672092,0.9158638661665347,,-1.5891361236572266,1.5891361236572266,False,True,partial,partial,False,False
Q8BTM8_2476.0,0.0,0.0,0.0,,,0.0,0.0,True,False,0,0,False,False
Q8BTM8_444.0,0.0,0.0,0.0,,,0.0,0.0,True,False,0,0,False,False
Q8BTM8_574.0,0.0,0.0,0.0,,,0.0,0.0,True,False,0,0,False,False
Q8BTM8_623.0,0.0,0.0,0.0,,,0.0,0.0,True,False,0,0,False,False
Q8BTM8_649.0,0.0,0.0,0.0,,,0.0,0.0,True,False,0,0,False,False
Q8BTM8_8.0,0.0,0.0,0.0,,,0.0,0.0,True,False,0,0,False,False
Q8BTS3_404.0,0.0,0.0,0.0,,,0.0,0.0,True,False,0,0,False,False
Q8BTV1_123.0,0.0,0.0,0.0,,,0.0,0.0,True,False,0,0,False,False
Q8BTV2_399.0,0.0,0.0,0.0,,,0.0,0.0,True,False,0,0,False,False
Q8BTW3_249.0,0.0,0.0,0.0,,,0.0,0.0,True,False,0,0,False,False
Q8BTX9_265.0,0.0,0.0,0.0,,,0.0,0.0,True,False,0,0,False,False
Q8BTY1_280.0,0.0,0.0,0.0,,,0.0,0.0,True,False,0,0,False,False
Q8BTY8_236.0,0.0,0.0,0.0,,,0.0,0.0,True,False,0,0,False,False
Q8BTY8_522.0,0.0,0.0,0.0,,,0.0,0.0,True,False,0,0,False,False
Q8BTY8_94.0,0.0,0.0,0.0,,,0.0,0.0,True,False,0,0,False,False
Q8BTZ4_297.0,0.0,0.0,0.0,,,0.0,0.0,True,False,0,0,False,False
Q8BTZ4_655.0,0.0,0.0,0.0,,,0.0,0.0,True,False,0,0,False,False
Q8BTZ4_691.0,0.0,0.0,0.0,,,0.0,0.0,True,False,0,0,False,False
Q8BTZ4_74.0,0.0,0.0,0.0,,,0.0,0.0,True,False,0,0,False,False
Q8BTZ5_104.0,5.254468282063802,7.599483489990234,0.5323565866846999,0.7187744059503423,,2.3450152079264326,2.3450152079264326,False,True,partial,partial,False,False
Q8BTZ5_61.0,0.0,0.0,0.0,,,0.0,0.0,True,False,0,0,False,False
Q8BTZ7_149.0,0.0,0.0,0.0,,,0.0,0.0,True,False,0,0,False,False
Q8BU04_374.0,0.0,0.0,0.0,,,0.0,0.0,True,False,0,0,False,False
Q8BU11_575.0,0.0,0.0,0.0,,,0.0,0.0,True,False,0,0,False,False
Q8BU14_379.0,0.0,0.0,0.0,,,0.0,0.0,True,False,0,0,False,False
Q8BU14_55.0,0.0,0.0,0.0,,,0.0,0.0,True,False,0,0,False,False
Q8BU14_82.0,0.0,0.0,0.0,,,0.0,0.0,True,False,0,0,False,False
Q8BU30_299.0,0.0,0.0,0.0,,,0.0,0.0,True,False,0,0,False,False
Q8BU30_336.0,0.0,0.0,0.0,,,0.0,0.0,True,False,0,0,False,False
Q8BU30_433.0,0.0,0.0,0.0,,,0.0,0.0,True,False,0,0,False,False
Q8BU30_87.0,0.0,0.0,0.0,,,0.0,0.0,True,False,0,0,False,False
Q8BU31_140.0,0.0,0.0,0.0,,,0.0,0.0,True,False,0,0,False,False
Q8BU33_173.0,0.0,0.0,0.0,,,0.0,0.0,True,False,0,0,False,False
Q8BU33_315.0,0.0,0.0,0.0,,,0.0,0.0,True,False,0,0,False,False
Q8BU33_568.0,0.0,0.0,0.0,,,0.0,0.0,True,False,0,0,False,False
Q8BU33_608.0,5.15065352121989,0.0,-32.26210834908779,0.36321746764912255,,-5.15065352121989,5.15065352121989,False,True,partial,0,False,False
Q8BUB4_287.0,0.0,0.0,0.0,,,0.0,0.0,True,False,0,0,False,False
Q8BUE4_187.0,0.0,0.0,0.0,,,0.0,0.0,True,False,0,0,False,False
Q8BUH8_266.0,0.0,0.0,0.0,,,0.0,0.0,True,False,0,0,False,False
Q8BUH8_967.0,0.0,0.0,0.0,,,0.0,0.0,True,False,0,0,False,False
Q8BUK6_199.0,0.0,0.0,0.0,,,0.0,0.0,True,False,0,0,False,False
Q8BUN5_109.0,0.0,0.0,0.0,,,0.0,0.0,True,False,0,0,False,False
Q8BUR4_1113.0,0.0,0.0,0.0,,,0.0,0.0,True,False,0,0,False,False
Q8BUR4_1230.0,0.0,0.0,0.0,,,0.0,0.0,True,False,0,0,False,False
Q8BUR4_595.0,0.0,0.0,0.0,,,0.0,0.0,True,False,0,0,False,False
Q8BUR9_44.0,0.0,0.0,0.0,,,0.0,0.0,True,False,0,0,False,False
Q8BUR9_48.0,0.0,0.0,0.0,,,0.0,0.0,True,False,0,0,False,False
Q8BUV3_212.0,0.0,0.0,0.0,,,0.0,0.0,True,False,0,0,False,False
Q8BUV3_26.0,2.2060534755388894,2.105307400226593,-0.06743686325779084,0.8642997003432946,,-0.1007460753122964,0.1007460753122964,False,True,partial,partial,False,False
Q8BUV3_284.0,0.0,0.0,0.0,,,0.0,0.0,True,False,0,0,False,False
Q8BUV3_313.0,0.0,0.0,0.0,,,0.0,0.0,True,False,0,0,False,False
Q8BUV3_452.0,0.0,0.0,0.0,,,0.0,0.0,True,False,0,0,False,False
Q8BUV3_502.0,0.0,0.0,0.0,,,0.0,0.0,True,False,0,0,False,False
Q8BUV3_709.0,0.0,0.0,0.0,,,0.0,0.0,True,False,0,0,False,False
Q8BUV3_74.0,0.0,0.0,0.0,,,0.0,0.0,True,False,0,0,False,False
Q8BUY8_205.0,0.0,0.0,0.0,,,0.0,0.0,True,False,0,0,False,False
Q8BV13_157.0,0.0,0.0,0.0,,,0.0,0.0,True,False,0,0,False,False
Q8BVA5_275.0,0.0,0.0,0.0,,,0.0,0.0,True,False,0,0,False,False
Q8BVA5_295.0,0.0,0.0,0.0,,,0.0,0.0,True,False,0,0,False,False
Q8BVE3_226.0,0.0,9.96199893951416,33.2137881115622,0.17468877524059198,,9.96199893951416,9.96199893951416,False,True,0,partial,False,False
Q8BVE3_312.0,0.0,0.0,0.0,,,0.0,0.0,True,False,0,0,False,False
Q8BVE3_47.0,0.0,0.0,0.0,,,0.0,0.0,True,False,0,0,False,False
Q8BVE3_73.0,1.777372678120931,0.9341800709565481,-0.9279736422391823,0.06234624894741013,,-0.8431926071643828,0.8431926071643828,False,True,partial,partial,False,False
Q8BVF2_155.0,0.0,0.0,0.0,,,0.0,0.0,True,False,0,0,False,False
Q8BVI4_101.0,1.3638152877489726,1.2085671027501423,-0.1743506844374145,0.8244280866699242,,-0.1552481849988303,0.1552481849988303,False,True,partial,partial,False,False
Q8BVI4_158.0,1.3148258129755657,1.4602103133996327,0.15130448950091885,0.8400715534648044,,0.14538450042406703,0.14538450042406703,False,True,partial,partial,False,False
Q8BVI4_82.0,0.0,0.0,0.0,,,0.0,0.0,True,False,0,0,False,False
Q8BVI5_151.0,0.0,0.0,0.0,,,0.0,0.0,True,False,0,0,False,False
Q8BVI5_280.0,0.0,0.0,0.0,,,0.0,0.0,True,False,0,0,False,False
Q8BVQ5_238.0,0.0,0.0,0.0,,,0.0,0.0,True,False,0,0,False,False
Q8BVQ5_312.0,0.0,0.0,0.0,,,0.0,0.0,True,False,0,0,False,False
Q8BVQ5_347.0,0.0,0.0,0.0,,,0.0,0.0,True,False,0,0,False,False
Q8BVR6_208.0,0.0,0.0,0.0,,,0.0,0.0,True,False,0,0,False,False
Q8BVU5_207.0,0.0,0.0,0.0,,,0.0,0.0,True,False,0,0,False,False
Q8BVY0_347.0,0.0,0.0,0.0,,,0.0,0.0,True,False,0,0,False,False
Q8BVZ5_231.0,0.0,0.0,0.0,,,0.0,0.0,True,False,0,0,False,False
Q8BVZ5_256.0,0.0,0.0,0.0,,,0.0,0.0,True,False,0,0,False,False
Q8BW00_62.0,0.0,0.0,0.0,,,0.0,0.0,True,False,0,0,False,False
Q8BW22_34.0,0.0,0.0,0.0,,,0.0,0.0,True,False,0,0,False,False
Q8BW22_47.0,0.0,0.0,0.0,,,0.0,0.0,True,False,0,0,False,False
Q8BW75_26.0,0.0,0.0,0.0,,,0.0,0.0,True,False,0,0,False,False
Q8BW75_365.0,0.0,0.0,0.0,,,0.0,0.0,True,False,0,0,False,False
Q8BW86_266.0,0.0,0.0,0.0,,,0.0,0.0,True,False,0,0,False,False
Q8BW86_567.0,0.0,0.0,0.0,,,0.0,0.0,True,False,0,0,False,False
Q8BW96_182.0,4.437456448872884,14.113395055135092,1.6692602122715516,0.24310716096952778,,9.675938606262207,9.675938606262207,False,True,partial,partial,False,False
Q8BW96_270.0,0.0,0.0,0.0,,,0.0,0.0,True,False,0,0,False,False
Q8BW96_347.0,0.0,0.0,0.0,,,0.0,0.0,True,False,0,0,False,False
Q8BWF0_260.0,1.8917496999104817,0.9819597800572714,-0.9459853758340887,0.40969481441618527,,-0.9097899198532103,0.9097899198532103,False,True,partial,partial,False,False
Q8BWF0_328.0,0.0,0.0,0.0,,,0.0,0.0,True,False,0,0,False,False
Q8BWF0_330.0,0.0,0.0,0.0,,,0.0,0.0,True,False,0,0,False,False
Q8BWF0_422.0,0.0,0.0,0.0,,,0.0,0.0,True,False,0,0,False,False
Q8BWF0_519.0,0.0,0.0,0.0,,,0.0,0.0,True,False,0,0,False,False
Q8BWF0_81.0,0.770264079173406,0.5083199342091879,-0.5996163382181694,0.4979211933367378,,-0.26194414496421814,0.26194414496421814,False,True,partial,partial,False,False
Q8BWG8_140.0,0.0,0.0,0.0,,,0.0,0.0,True,False,0,0,False,False
Q8BWG8_150.0,0.0,0.0,0.0,,,0.0,0.0,True,False,0,0,False,False
Q8BWG8_242.0,0.0,0.0,0.0,,,0.0,0.0,True,False,0,0,False,False
Q8BWG8_251.0,0.0,0.0,0.0,,,0.0,0.0,True,False,0,0,False,False
Q8BWH0_30.0,0.0,0.0,0.0,,,0.0,0.0,True,False,0,0,False,False
Q8BWL5_215.0,0.0,0.0,0.0,,,0.0,0.0,True,False,0,0,False,False
Q8BWM0_205.0,0.0,0.0,0.0,,,0.0,0.0,True,False,0,0,False,False
Q8BWM0_382.0,0.0,0.0,0.0,,,0.0,0.0,True,False,0,0,False,False
Q8BWP8_146.0,0.0,0.0,0.0,,,0.0,0.0,True,False,0,0,False,False
Q8BWQ6_253.0,0.0,0.0,0.0,,,0.0,0.0,True,False,0,0,False,False
Q8BWQ6_277.0,0.0,0.0,0.0,,,0.0,0.0,True,False,0,0,False,False
Q8BWQ6_29.0,0.0,0.0,0.0,,,0.0,0.0,True,False,0,0,False,False
Q8BWQ6_454.0,0.0,0.0,0.0,,,0.0,0.0,True,False,0,0,False,False
Q8BWQ6_864.0,0.0,0.0,0.0,,,0.0,0.0,True,False,0,0,False,False
Q8BWQ6_925.0,0.0,0.0,0.0,,,0.0,0.0,True,False,0,0,False,False
Q8BWR2_187.0,0.0,0.0,0.0,,,0.0,0.0,True,False,0,0,False,False
Q8BWR2_42.0,0.0,0.0,0.0,,,0.0,0.0,True,False,0,0,False,False
Q8BWS5_146.0,0.0,0.0,0.0,,,0.0,0.0,True,False,0,0,False,False
Q8BWS5_235.0,0.0,0.0,0.0,,,0.0,0.0,True,False,0,0,False,False
Q8BWS5_268.0,0.0,0.0,0.0,,,0.0,0.0,True,False,0,0,False,False
Q8BWS5_294.0,0.0,0.0,0.0,,,0.0,0.0,True,False,0,0,False,False
Q8BWS5_379.0,0.0,0.0,0.0,,,0.0,0.0,True,False,0,0,False,False
Q8BWS5_402.0,0.0,0.0,0.0,,,0.0,0.0,True,False,0,0,False,False
Q8BWS5_498.0,0.0,0.0,0.0,,,0.0,0.0,True,False,0,0,False,False
Q8BWT1_116.0,0.0,0.0,0.0,,,0.0,0.0,True,False,0,0,False,False
Q8BWT1_287.0,0.0,0.0,0.0,,,0.0,0.0,True,False,0,0,False,False
Q8BWT5_1050.0,0.0,0.0,0.0,,,0.0,0.0,True,False,0,0,False,False
Q8BWT5_1230.0,0.0,0.0,0.0,,,0.0,0.0,True,False,0,0,False,False
Q8BWT5_303.0,0.0,0.0,0.0,,,0.0,0.0,True,False,0,0,False,False
Q8BWT5_315.0,0.0,0.0,0.0,,,0.0,0.0,True,False,0,0,False,False
Q8BWT5_577.0,0.0,0.0,0.0,,,0.0,0.0,True,False,0,0,False,False
Q8BWT5_616.0,0.0,0.0,0.0,,,0.0,0.0,True,False,0,0,False,False
Q8BWT5_692.0,0.0,0.0,0.0,,,0.0,0.0,True,False,0,0,False,False
Q8BWT5_971.0,0.0,0.0,0.0,,,0.0,0.0,True,False,0,0,False,False
Q8BWU5_160.0,0.0,0.0,0.0,,,0.0,0.0,True,False,0,0,False,False
Q8BWU5_277.0,0.0,0.0,0.0,,,0.0,0.0,True,False,0,0,False,False
Q8BWU5_73.0,0.0,0.0,0.0,,,0.0,0.0,True,False,0,0,False,False
Q8BWU8_218.0,28.452599843343098,29.64701207478841,0.059326228298775735,0.9590276466959493,,1.1944122314453125,1.1944122314453125,False,True,partial,partial,False,False
Q8BWU8_416.0,0.0,0.0,0.0,,,0.0,0.0,True,False,0,0,False,False
Q8BWU8_486.0,0.0,0.0,0.0,,,0.0,0.0,True,False,0,0,False,False
Q8BWW4_72.0,0.0,0.0,0.0,,,0.0,0.0,True,False,0,0,False,False
Q8BWW9_337.0,0.0,0.0,0.0,,,0.0,0.0,True,False,0,0,False,False
Q8BWW9_803.0,0.0,0.0,0.0,,,0.0,0.0,True,False,0,0,False,False
Q8BWY3_127.0,0.0,0.0,0.0,,,0.0,0.0,True,False,0,0,False,False
Q8BWY3_302.0,0.0,0.0,0.0,,,0.0,0.0,True,False,0,0,False,False
Q8BWY3_335.0,0.0,0.0,0.0,,,0.0,0.0,True,False,0,0,False,False
Q8BWZ3_248.0,0.0,0.0,0.0,,,0.0,0.0,True,False,0,0,False,False
Q8BWZ3_819.0,0.0,0.0,0.0,,,0.0,0.0,True,False,0,0,False,False
Q8BX02_590.0,0.0,0.0,0.0,,,0.0,0.0,True,False,0,0,False,False
Q8BX09_100.0,0.0,0.0,0.0,,,0.0,0.0,True,False,0,0,False,False
Q8BX09_126.0,0.0,0.0,0.0,,,0.0,0.0,True,False,0,0,False,False
Q8BX17_1176.0,0.0,0.0,0.0,,,0.0,0.0,True,False,0,0,False,False
Q8BX70_1838.0,0.0,0.0,0.0,,,0.0,0.0,True,False,0,0,False,False
Q8BX70_1993.0,0.0,0.0,0.0,,,0.0,0.0,True,False,0,0,False,False
Q8BX70_2154.0,0.0,0.0,0.0,,,0.0,0.0,True,False,0,0,False,False
Q8BX70_2172.0,0.0,0.0,0.0,,,0.0,0.0,True,False,0,0,False,False
Q8BX70_237.0,0.0,0.0,0.0,,,0.0,0.0,True,False,0,0,False,False
Q8BX70_2867.0,0.0,0.0,0.0,,,0.0,0.0,True,False,0,0,False,False
Q8BX70_2901.0,0.0,0.0,0.0,,,0.0,0.0,True,False,0,0,False,False
Q8BX70_826.0,0.0,0.0,0.0,,,0.0,0.0,True,False,0,0,False,False
Q8BX90_245.0,0.0,0.0,0.0,,,0.0,0.0,True,False,0,0,False,False
Q8BX90_369.0,0.0,0.0,0.0,,,0.0,0.0,True,False,0,0,False,False
Q8BXA0_263.0,5.090546607971191,0.0,-32.245173431252304,0.1752203945005681,,-5.090546607971191,5.090546607971191,False,True,partial,0,False,False
Q8BXA0_581.0,0.0,0.0,0.0,,,0.0,0.0,True,False,0,0,False,False
Q8BXA7_687.0,0.0,0.0,0.0,,,0.0,0.0,True,False,0,0,False,False
Q8BXJ9_325.0,0.0,0.0,0.0,,,0.0,0.0,True,False,0,0,False,False
Q8BXK8_417.0,0.0,0.0,0.0,,,0.0,0.0,True,False,0,0,False,False
Q8BXK8_764.0,0.0,0.0,0.0,,,0.0,0.0,True,False,0,0,False,False
Q8BXL7_141.0,0.0,0.0,0.0,,,0.0,0.0,True,False,0,0,False,False
Q8BXL9_331.0,0.0,0.0,0.0,,,0.0,0.0,True,False,0,0,False,False
Q8BXN7_97.0,0.0,0.0,0.0,,,0.0,0.0,True,False,0,0,False,False
Q8BXN9_89.0,0.0,0.0,0.0,,,0.0,0.0,True,False,0,0,False,False
Q8BXQ2_186.0,23.5489288965861,4.036034266153972,-2.544651113082496,0.0030560322165289547,,-19.51289463043213,19.51289463043213,False,True,partial,partial,False,False
Q8BXR5_689.0,0.0,0.0,0.0,,,0.0,0.0,True,False,0,0,False,False
Q8BXR9_404.0,0.0,0.0,0.0,,,0.0,0.0,True,False,0,0,False,False
Q8BXR9_683.0,0.0,0.0,0.0,,,0.0,0.0,True,False,0,0,False,False
Q8BXR9_757.0,0.0,0.0,0.0,,,0.0,0.0,True,False,0,0,False,False
Q8BXR9_828.0,0.0,0.0,0.0,,,0.0,0.0,True,False,0,0,False,False
Q8BXT1_142.0,0.0,0.0,0.0,,,0.0,0.0,True,False,0,0,False,False
Q8BXT1_19.0,0.0,0.0,0.0,,,0.0,0.0,True,False,0,0,False,False
Q8BXT1_27.0,7.371912956237793,7.7693939208984375,0.07576302400684466,0.9550060187874536,,0.39748096466064453,0.39748096466064453,False,True,partial,partial,False,False
Q8BXV2_218.0,0.0,0.0,0.0,,,0.0,0.0,True,False,0,0,False,False
Q8BY87_1129.0,0.0,0.0,0.0,,,0.0,0.0,True,False,0,0,False,False
Q8BY87_1168.0,0.0,0.0,0.0,,,0.0,0.0,True,False,0,0,False,False
Q8BY87_1282.0,0.0,0.0,0.0,,,0.0,0.0,True,False,0,0,False,False
Q8BY87_277.0,0.0,0.0,0.0,,,0.0,0.0,True,False,0,0,False,False
Q8BY87_45.0,0.0,0.0,0.0,,,0.0,0.0,True,False,0,0,False,False
Q8BY87_655.0,0.0,0.0,0.0,,,0.0,0.0,True,False,0,0,False,False
Q8BY87_856.0,0.0,0.0,0.0,,,0.0,0.0,True,False,0,0,False,False
Q8BY89_139.0,0.0,0.0,0.0,,,0.0,0.0,True,False,0,0,False,False
Q8BY89_158.0,1.2207799156506856,1.7129611571629841,0.48868930495890145,0.4357236930329781,,0.4921812415122986,0.4921812415122986,False,True,partial,partial,False,False
Q8BY89_401.0,0.0,0.0,0.0,,,0.0,0.0,True,False,0,0,False,False
Q8BY89_427.0,0.0,0.0,0.0,,,0.0,0.0,True,False,0,0,False,False
Q8BY89_74.0,0.0,0.0,0.0,,,0.0,0.0,True,False,0,0,False,False
Q8BYA0_1178.0,0.0,0.0,0.0,,,0.0,0.0,True,False,0,0,False,False
Q8BYA0_269.0,0.0,0.0,0.0,,,0.0,0.0,True,False,0,0,False,False
Q8BYA0_422.0,0.0,0.0,0.0,,,0.0,0.0,True,False,0,0,False,False
Q8BYA0_665.0,0.0,0.0,0.0,,,0.0,0.0,True,False,0,0,False,False
Q8BYA0_683.0,0.0,0.0,0.0,,,0.0,0.0,True,False,0,0,False,False
Q8BYA0_805.0,0.0,0.0,0.0,,,0.0,0.0,True,False,0,0,False,False
Q8BYA0_828.0,0.0,0.0,0.0,,,0.0,0.0,True,False,0,0,False,False
Q8BYA0_844.0,0.0,0.0,0.0,,,0.0,0.0,True,False,0,0,False,False
Q8BYA0_902.0,0.0,0.0,0.0,,,0.0,0.0,True,False,0,0,False,False
Q8BYA0_907.0,0.0,0.0,0.0,,,0.0,0.0,True,False,0,0,False,False
Q8BYB9_102.0,19.739204088846844,0.0,-34.20034476851696,0.08767640941028935,,-19.739204088846844,19.739204088846844,False,True,partial,0,False,False
Q8BYB9_263.0,0.0,0.0,0.0,,,0.0,0.0,True,False,0,0,False,False
Q8BYC6_795.0,0.0,0.0,0.0,,,0.0,0.0,True,False,0,0,False,False
Q8BYI6_326.0,0.0,0.0,0.0,,,0.0,0.0,True,False,0,0,False,False
Q8BYI6_4.0,0.0,0.0,0.0,,,0.0,0.0,True,False,0,0,False,False
Q8BYI8_226.0,0.0,0.0,0.0,,,0.0,0.0,True,False,0,0,False,False
Q8BYI9_125.0,0.0,0.0,0.0,,,0.0,0.0,True,False,0,0,False,False
Q8BYI9_1290.0,31.89238739013672,15.511542638142904,-1.0398699274417658,0.004425587639913822,,-16.380844751993813,16.380844751993813,False,True,partial,partial,False,False
Q8BYI9_235.0,28.541293144226074,26.13288688659668,-0.1271841944380264,0.7645693181776902,,-2.4084062576293945,2.4084062576293945,False,True,partial,partial,False,False
Q8BYI9_266.0,0.0,0.0,0.0,,,0.0,0.0,True,False,0,0,False,False
Q8BYJ6_1286.0,0.0,0.0,0.0,,,0.0,0.0,True,False,0,0,False,False
Q8BYJ6_207.0,0.0,0.0,0.0,,,0.0,0.0,True,False,0,0,False,False
Q8BYJ6_45.0,0.0,0.0,0.0,,,0.0,0.0,True,False,0,0,False,False
Q8BYJ6_894.0,0.0,0.0,0.0,,,0.0,0.0,True,False,0,0,False,False
Q8BYJ6_93.0,0.0,0.0,0.0,,,0.0,0.0,True,False,0,0,False,False
Q8BYK6_439.0,0.0,0.0,0.0,,,0.0,0.0,True,False,0,0,False,False
Q8BYL4_408.0,0.0,0.0,0.0,,,0.0,0.0,True,False,0,0,False,False
Q8BYM5_317.0,0.0,0.0,0.0,,,0.0,0.0,True,False,0,0,False,False
Q8BYM8_372.0,0.0,0.0,0.0,,,0.0,0.0,True,False,0,0,False,False
Q8BYM8_458.0,0.0,0.0,0.0,,,0.0,0.0,True,False,0,0,False,False
Q8BYM8_511.0,0.0,0.0,0.0,,,0.0,0.0,True,False,0,0,False,False
Q8BYN3_156.0,0.0,0.0,0.0,,,0.0,0.0,True,False,0,0,False,False
Q8BYN5_287.0,0.0,0.0,0.0,,,0.0,0.0,True,False,0,0,False,False
Q8BYP3_121.0,0.0,0.0,0.0,,,0.0,0.0,True,False,0,0,False,False
Q8BYP3_131.0,0.0,0.0,0.0,,,0.0,0.0,True,False,0,0,False,False
Q8BYP3_162.0,0.0,0.0,0.0,,,0.0,0.0,True,False,0,0,False,False
Q8BYP3_173.0,0.0,0.0,0.0,,,0.0,0.0,True,False,0,0,False,False
Q8BYP3_30.0,0.0,0.0,0.0,,,0.0,0.0,True,False,0,0,False,False
Q8BYR5_1053.0,0.0,0.0,0.0,,,0.0,0.0,True,False,0,0,False,False
Q8BYR5_1081.0,0.0,0.0,0.0,,,0.0,0.0,True,False,0,0,False,False
Q8BYR5_1098.0,0.0,0.0,0.0,,,0.0,0.0,True,False,0,0,False,False
Q8BYR5_171.0,0.0,0.0,0.0,,,0.0,0.0,True,False,0,0,False,False
Q8BYR5_221.0,0.0,0.0,0.0,,,0.0,0.0,True,False,0,0,False,False
Q8BYR5_264.0,0.0,0.0,0.0,,,0.0,0.0,True,False,0,0,False,False
Q8BYR5_640.0,0.0,0.0,0.0,,,0.0,0.0,True,False,0,0,False,False
Q8BYY4_145.0,0.0,0.0,0.0,,,0.0,0.0,True,False,0,0,False,False
Q8BZ05_1122.0,0.0,0.0,0.0,,,0.0,0.0,True,False,0,0,False,False
Q8BZ47_178.0,0.0,0.0,0.0,,,0.0,0.0,True,False,0,0,False,False
Q8BZ60_240.0,0.0,0.0,0.0,,,0.0,0.0,True,False,0,0,False,False
Q8BZ60_667.0,0.0,0.0,0.0,,,0.0,0.0,True,False,0,0,False,False
Q8BZ60_722.0,0.0,0.0,0.0,,,0.0,0.0,True,False,0,0,False,False
Q8BZ81_276.0,0.0,0.0,0.0,,,0.0,0.0,True,False,0,0,False,False
Q8BZ81_340.0,0.0,0.0,0.0,,,0.0,0.0,True,False,0,0,False,False
Q8BZ81_47.0,0.0,0.0,0.0,,,0.0,0.0,True,False,0,0,False,False
Q8BZ94_16.0,0.0,0.0,0.0,,,0.0,0.0,True,False,0,0,False,False
Q8BZ98_169.0,0.0,0.0,0.0,,,0.0,0.0,True,False,0,0,False,False
Q8BZ98_453.0,0.0,0.0,0.0,,,0.0,0.0,True,False,0,0,False,False
Q8BZ98_86.0,0.0,0.0,0.0,,,0.0,0.0,True,False,0,0,False,False
Q8BZA9_114.0,0.0,0.0,0.0,,,0.0,0.0,True,False,0,0,False,False
Q8BZA9_242.0,0.0,0.0,0.0,,,0.0,0.0,True,False,0,0,False,False
Q8BZB2_116.0,0.0,0.0,0.0,,,0.0,0.0,True,False,0,0,False,False
Q8BZB2_166.0,0.0,0.0,0.0,,,0.0,0.0,True,False,0,0,False,False
Q8BZB2_7.0,0.0,0.0,0.0,,,0.0,0.0,True,False,0,0,False,False
Q8BZB3_252.0,0.0,0.0,0.0,,,0.0,0.0,True,False,0,0,False,False
Q8BZH4_1226.0,0.0,0.0,0.0,,,0.0,0.0,True,False,0,0,False,False
Q8BZH4_562.0,0.0,0.0,0.0,,,0.0,0.0,True,False,0,0,False,False
Q8BZJ7_115.0,0.0,0.0,0.0,,,0.0,0.0,True,False,0,0,False,False
Q8BZJ7_131.0,0.0,0.0,0.0,,,0.0,0.0,True,False,0,0,False,False
Q8BZJ7_18.0,0.0,0.0,0.0,,,0.0,0.0,True,False,0,0,False,False
Q8BZJ7_29.0,0.0,0.0,0.0,,,0.0,0.0,True,False,0,0,False,False
Q8BZM1_13.0,0.0,0.0,0.0,,,0.0,0.0,True,False,0,0,False,False
Q8BZM1_374.0,0.0,0.0,0.0,,,0.0,0.0,True,False,0,0,False,False
Q8BZN6_1148.0,0.0,0.0,0.0,,,0.0,0.0,True,False,0,0,False,False
Q8BZN6_1510.0,0.0,0.0,0.0,,,0.0,0.0,True,False,0,0,False,False
Q8BZN6_2108.0,0.0,0.0,0.0,,,0.0,0.0,True,False,0,0,False,False
Q8BZN6_936.0,0.0,0.0,0.0,,,0.0,0.0,True,False,0,0,False,False
Q8BZQ7_236.0,0.0,0.0,0.0,,,0.0,0.0,True,False,0,0,False,False
Q8BZQ7_272.0,0.0,0.0,0.0,,,0.0,0.0,True,False,0,0,False,False
Q8BZQ7_436.0,0.0,0.0,0.0,,,0.0,0.0,True,False,0,0,False,False
Q8BZQ7_572.0,0.0,0.0,0.0,,,0.0,0.0,True,False,0,0,False,False
Q8BZQ7_638.0,0.0,0.0,0.0,,,0.0,0.0,True,False,0,0,False,False
Q8BZW8_571.0,0.0,0.0,0.0,,,0.0,0.0,True,False,0,0,False,False
Q8C008_246.0,0.0,0.0,0.0,,,0.0,0.0,True,False,0,0,False,False
Q8C008_7.0,0.0,0.0,0.0,,,0.0,0.0,True,False,0,0,False,False
Q8C008_725.0,0.0,0.0,0.0,,,0.0,0.0,True,False,0,0,False,False
Q8C015_327.0,0.0,0.0,0.0,,,0.0,0.0,True,False,0,0,False,False
Q8C015_464.0,0.0,0.0,0.0,,,0.0,0.0,True,False,0,0,False,False
Q8C015_549.0,0.0,0.0,0.0,,,0.0,0.0,True,False,0,0,False,False
Q8C015_58.0,0.0,0.0,0.0,,,0.0,0.0,True,False,0,0,False,False
Q8C015_590.0,0.0,0.0,0.0,,,0.0,0.0,True,False,0,0,False,False
Q8C015_708.0,0.0,0.0,0.0,,,0.0,0.0,True,False,0,0,False,False
Q8C025_386.0,0.0,0.0,0.0,,,0.0,0.0,True,False,0,0,False,False
Q8C031_207.0,0.0,0.0,0.0,,,0.0,0.0,True,False,0,0,False,False
Q8C033_1282.0,0.0,0.0,0.0,,,0.0,0.0,True,False,0,0,False,False
Q8C033_509.0,0.0,0.0,0.0,,,0.0,0.0,True,False,0,0,False,False
Q8C033_65.0,0.0,0.0,0.0,,,0.0,0.0,True,False,0,0,False,False
Q8C050_439.0,0.0,0.0,0.0,,,0.0,0.0,True,False,0,0,False,False
Q8C050_474.0,0.0,0.0,0.0,,,0.0,0.0,True,False,0,0,False,False
Q8C050_695.0,0.0,0.0,0.0,,,0.0,0.0,True,False,0,0,False,False
Q8C050_795.0,0.0,0.0,0.0,,,0.0,0.0,True,False,0,0,False,False
Q8C052_102.0,0.0,0.0,0.0,,,0.0,0.0,True,False,0,0,False,False
Q8C052_350.0,0.0,0.0,0.0,,,0.0,0.0,True,False,0,0,False,False
Q8C052_373.0,0.0,0.0,0.0,,,0.0,0.0,True,False,0,0,False,False
Q8C052_667.0,0.0,0.0,0.0,,,0.0,0.0,True,False,0,0,False,False
Q8C052_889.0,0.0,0.0,0.0,,,0.0,0.0,True,False,0,0,False,False
Q8C078_223.0,0.0,0.0,0.0,,,0.0,0.0,True,False,0,0,False,False
Q8C078_33.0,0.0,0.0,0.0,,,0.0,0.0,True,False,0,0,False,False
Q8C078_548.0,0.0,0.0,0.0,,,0.0,0.0,True,False,0,0,False,False
Q8C078_561.0,9.039130210876465,5.056447664896647,-0.838059760072979,0.21298259035492237,,-3.9826825459798174,3.9826825459798174,False,True,partial,partial,False,False
Q8C079_668.0,0.0,0.0,0.0,,,0.0,0.0,True,False,0,0,False,False
Q8C079_798.0,0.0,0.0,0.0,,,0.0,0.0,True,False,0,0,False,False
Q8C080_204.0,0.0,0.0,0.0,,,0.0,0.0,True,False,0,0,False,False
Q8C080_212.0,0.0,0.0,0.0,,,0.0,0.0,True,False,0,0,False,False
Q8C080_230.0,0.0,0.0,0.0,,,0.0,0.0,True,False,0,0,False,False
Q8C080_68.0,0.0,0.0,0.0,,,0.0,0.0,True,False,0,0,False,False
Q8C0C7_493.0,0.0,0.0,0.0,,,0.0,0.0,True,False,0,0,False,False
Q8C0D0_257.0,0.0,0.0,0.0,,,0.0,0.0,True,False,0,0,False,False
Q8C0D0_295.0,0.0,0.0,0.0,,,0.0,0.0,True,False,0,0,False,False
Q8C0D4_654.0,0.0,0.0,0.0,,,0.0,0.0,True,False,0,0,False,False
Q8C0D5_402.0,0.0,0.0,0.0,,,0.0,0.0,True,False,0,0,False,False
Q8C0D5_916.0,0.0,0.0,0.0,,,0.0,0.0,True,False,0,0,False,False
Q8C0I1_201.0,0.0,0.0,0.0,,,0.0,0.0,True,False,0,0,False,False
Q8C0I1_213.0,0.0,0.0,0.0,,,0.0,0.0,True,False,0,0,False,False
Q8C0I1_284.0,0.0,0.0,0.0,,,0.0,0.0,True,False,0,0,False,False
Q8C0I1_552.0,0.0,0.0,0.0,,,0.0,0.0,True,False,0,0,False,False
Q8C0L9_208.0,0.0,0.0,0.0,,,0.0,0.0,True,False,0,0,False,False
Q8C0L9_380.0,0.0,0.0,0.0,,,0.0,0.0,True,False,0,0,False,False
Q8C0L9_83.0,0.0,0.0,0.0,,,0.0,0.0,True,False,0,0,False,False
Q8C0M0_654.0,0.0,0.0,0.0,,,0.0,0.0,True,False,0,0,False,False
Q8C0M9_114.0,0.0,0.0,0.0,,,0.0,0.0,True,False,0,0,False,False
Q8C0M9_132.0,0.5073105096817017,0.9680669109026591,0.9322377175451697,0.5495079261057801,,0.4607564012209574,0.4607564012209574,False,True,partial,partial,False,False
Q8C0M9_179.0,0.0,0.0,0.0,,,0.0,0.0,True,False,0,0,False,False
Q8C0M9_193.0,0.0,0.0,0.0,,,0.0,0.0,True,False,0,0,False,False
Q8C0M9_317.0,0.0,0.0,0.0,,,0.0,0.0,True,False,0,0,False,False
Q8C0P5_25.0,0.0,0.0,0.0,,,0.0,0.0,True,False,0,0,False,False
Q8C0P5_335.0,0.0,0.0,0.0,,,0.0,0.0,True,False,0,0,False,False
Q8C0T5_1031.0,0.0,0.0,0.0,,,0.0,0.0,True,False,0,0,False,False
Q8C0T5_1037.0,0.0,0.0,0.0,,,0.0,0.0,True,False,0,0,False,False
Q8C0T5_105.0,0.0,0.0,0.0,,,0.0,0.0,True,False,0,0,False,False
Q8C0T5_1219.0,0.0,1.7257765134175618,30.684598503661206,0.36321746764912255,,1.7257765134175618,1.7257765134175618,False,True,0,partial,False,False
Q8C0T5_191.0,0.0,0.0,0.0,,,0.0,0.0,True,False,0,0,False,False
Q8C0T5_414.0,0.0,0.0,0.0,,,0.0,0.0,True,False,0,0,False,False
Q8C0T5_585.0,0.0,0.0,0.0,,,0.0,0.0,True,False,0,0,False,False
Q8C0T5_618.0,0.0,0.0,0.0,,,0.0,0.0,True,False,0,0,False,False
Q8C0T5_949.0,0.0,0.0,0.0,,,0.0,0.0,True,False,0,0,False,False
Q8C0Y0_223.0,0.0,0.0,0.0,,,0.0,0.0,True,False,0,0,False,False
Q8C0Y0_628.0,0.0,0.0,0.0,,,0.0,0.0,True,False,0,0,False,False
Q8C0Y0_653.0,0.0,0.0,0.0,,,0.0,0.0,True,False,0,0,False,False
Q8C129_305.0,0.0,0.0,0.0,,,0.0,0.0,True,False,0,0,False,False
Q8C129_35.0,23.005311330159504,25.842133204142254,0.16775818532563444,0.8590112593990188,,2.8368218739827498,2.8368218739827498,False,True,partial,partial,False,False
Q8C145_153.0,0.0,0.0,0.0,,,0.0,0.0,True,False,0,0,False,False
Q8C145_312.0,0.0,0.0,0.0,,,0.0,0.0,True,False,0,0,False,False
Q8C163_294.0,0.0,0.0,0.0,,,0.0,0.0,True,False,0,0,False,False
Q8C166_199.0,0.0,0.0,0.0,,,0.0,0.0,True,False,0,0,False,False
Q8C166_52.0,0.0,0.0,0.0,,,0.0,0.0,True,False,0,0,False,False
Q8C167_158.0,0.0,0.0,0.0,,,0.0,0.0,True,False,0,0,False,False
Q8C167_357.0,0.0,0.0,0.0,,,0.0,0.0,True,False,0,0,False,False
Q8C167_389.0,0.0,0.0,0.0,,,0.0,0.0,True,False,0,0,False,False
Q8C167_402.0,0.0,0.0,0.0,,,0.0,0.0,True,False,0,0,False,False
Q8C167_505.0,0.0,0.0,0.0,,,0.0,0.0,True,False,0,0,False,False
Q8C167_536.0,0.0,0.0,0.0,,,0.0,0.0,True,False,0,0,False,False
Q8C170_152.0,0.0,0.0,0.0,,,0.0,0.0,True,False,0,0,False,False
Q8C170_2460.0,0.0,0.0,0.0,,,0.0,0.0,True,False,0,0,False,False
Q8C181_19.0,0.0,0.0,0.0,,,0.0,0.0,True,False,0,0,False,False
Q8C181_218.0,0.0,0.0,0.0,,,0.0,0.0,True,False,0,0,False,False
Q8C181_43.0,0.0,0.0,0.0,,,0.0,0.0,True,False,0,0,False,False
Q8C181_53.0,0.0,0.0,0.0,,,0.0,0.0,True,False,0,0,False,False
Q8C190_223.0,0.0,0.0,0.0,,,0.0,0.0,True,False,0,0,False,False
Q8C1A5_175.0,0.0,0.0,0.0,,,0.0,0.0,True,False,0,0,False,False
Q8C1A5_231.0,0.0,0.0,0.0,,,0.0,0.0,True,False,0,0,False,False
Q8C1A5_246.0,0.0,0.0,0.0,,,0.0,0.0,True,False,0,0,False,False
Q8C1A5_427.0,0.0,0.0,0.0,,,0.0,0.0,True,False,0,0,False,False
Q8C1A5_687.0,0.0,0.0,0.0,,,0.0,0.0,True,False,0,0,False,False
Q8C1A5_7.0,7.176180839538574,8.346412340799967,0.21793994972753591,0.8254640541545383,,1.1702315012613926,1.1702315012613926,False,True,partial,partial,False,False
Q8C1A5_91.0,0.0,0.0,0.0,,,0.0,0.0,True,False,0,0,False,False
Q8C1B1_1005.0,0.0,0.0,0.0,,,0.0,0.0,True,False,0,0,False,False
Q8C1B1_1036.0,0.0,0.0,0.0,,,0.0,0.0,True,False,0,0,False,False
Q8C1B1_1379.0,0.0,0.0,0.0,,,0.0,0.0,True,False,0,0,False,False
Q8C1B1_1388.0,0.0,0.0,0.0,,,0.0,0.0,True,False,0,0,False,False
Q8C1B1_265.0,0.0,0.0,0.0,,,0.0,0.0,True,False,0,0,False,False
Q8C1B1_649.0,0.0,0.0,0.0,,,0.0,0.0,True,False,0,0,False,False
Q8C1B7_429.0,0.0,0.0,0.0,,,0.0,0.0,True,False,0,0,False,False
Q8C1D8_696.0,0.0,0.0,0.0,,,0.0,0.0,True,False,0,0,False,False
Q8C1E7_47.0,0.0,0.0,0.0,,,0.0,0.0,True,False,0,0,False,False
Q8C1E7_68.0,0.0,0.0,0.0,,,0.0,0.0,True,False,0,0,False,False
Q8C1M2_81.0,0.0,0.0,0.0,,,0.0,0.0,True,False,0,0,False,False
Q8C1M2_99.0,0.0,0.0,0.0,,,0.0,0.0,True,False,0,0,False,False
Q8C1Y8_139.0,0.0,0.0,0.0,,,0.0,0.0,True,False,0,0,False,False
Q8C1Y8_63.0,0.0,0.0,0.0,,,0.0,0.0,True,False,0,0,False,False
Q8C2E7_1064.0,0.0,0.0,0.0,,,0.0,0.0,True,False,0,0,False,False
Q8C2E7_1110.0,0.0,0.0,0.0,,,0.0,0.0,True,False,0,0,False,False
Q8C2E7_21.0,0.0,0.0,0.0,,,0.0,0.0,True,False,0,0,False,False
Q8C2E7_385.0,0.0,0.0,0.0,,,0.0,0.0,True,False,0,0,False,False
Q8C2E7_969.0,0.0,0.0,0.0,,,0.0,0.0,True,False,0,0,False,False
Q8C2Q3_108.0,0.0,0.0,0.0,,,0.0,0.0,True,False,0,0,False,False
Q8C2Q3_90.0,0.0,0.0,0.0,,,0.0,0.0,True,False,0,0,False,False
Q8C3F2_1050.0,0.0,0.0,0.0,,,0.0,0.0,True,False,0,0,False,False
Q8C3F2_1059.0,0.0,0.0,0.0,,,0.0,0.0,True,False,0,0,False,False
Q8C3F2_14.0,0.0,0.0,0.0,,,0.0,0.0,True,False,0,0,False,False
Q8C3F2_740.0,0.0,0.0,0.0,,,0.0,0.0,True,False,0,0,False,False
Q8C3F2_871.0,0.0,0.0,0.0,,,0.0,0.0,True,False,0,0,False,False
Q8C3I8_145.0,0.0,0.0,0.0,,,0.0,0.0,True,False,0,0,False,False
Q8C3P7_276.0,0.0,0.0,0.0,,,0.0,0.0,True,False,0,0,False,False
Q8C3Q5_131.0,22.199129740397137,16.034771760304768,-0.46929930198568914,0.021964375485816395,,-6.164357980092369,6.164357980092369,False,True,partial,partial,False,False
Q8C3Q5_314.0,0.0,0.0,0.0,,,0.0,0.0,True,False,0,0,False,False
Q8C3W1_228.0,0.0,0.0,0.0,,,0.0,0.0,True,False,0,0,False,False
Q8C3X4_203.0,0.0,0.0,0.0,,,0.0,0.0,True,False,0,0,False,False
Q8C407_96.0,0.0,0.0,0.0,,,0.0,0.0,True,False,0,0,False,False
Q8C419_1066.0,3.3702338536580405,1.7300279935201008,-0.96205331789606,0.6772794875135381,,-1.6402058601379397,1.6402058601379397,False,True,partial,partial,False,False
Q8C419_1107.0,0.0,0.0,0.0,,,0.0,0.0,True,False,0,0,False,False
Q8C419_1149.0,0.0,0.0,0.0,,,0.0,0.0,True,False,0,0,False,False
Q8C419_1166.0,0.0,0.0,0.0,,,0.0,0.0,True,False,0,0,False,False
Q8C419_318.0,27.900101979573567,12.13141123453776,-1.201523007845701,0.21472533357141166,,-15.768690745035807,15.768690745035807,False,True,partial,partial,False,False
Q8C419_392.0,0.0,0.0,0.0,,,0.0,0.0,True,False,0,0,False,False
Q8C419_877.0,0.0,0.0,0.0,,,0.0,0.0,True,False,0,0,False,False
Q8C437_28.0,0.0,0.0,0.0,,,0.0,0.0,True,False,0,0,False,False
Q8C437_355.0,0.0,0.0,0.0,,,0.0,0.0,True,False,0,0,False,False
Q8C437_493.0,0.0,0.0,0.0,,,0.0,0.0,True,False,0,0,False,False
Q8C460_245.0,0.0,0.0,0.0,,,0.0,0.0,True,False,0,0,False,False
Q8C460_258.0,0.0,0.0,0.0,,,0.0,0.0,True,False,0,0,False,False
Q8C460_285.0,0.0,0.0,0.0,,,0.0,0.0,True,False,0,0,False,False
Q8C460_313.0,0.0,0.0,0.0,,,0.0,0.0,True,False,0,0,False,False
Q8C4B4_201.0,0.0,0.0,0.0,,,0.0,0.0,True,False,0,0,False,False
Q8C4G9_122.0,0.0,0.0,0.0,,,0.0,0.0,True,False,0,0,False,False
Q8C4Q6_183.0,0.0,0.0,0.0,,,0.0,0.0,True,False,0,0,False,False
Q8C4Q6_69.0,0.0,0.0,0.0,,,0.0,0.0,True,False,0,0,False,False
Q8C4Y3_115.0,0.0,0.0,0.0,,,0.0,0.0,True,False,0,0,False,False
Q8C522_190.0,9.971364339192709,7.83092466990153,-0.34860824593208595,0.5732697570503567,,-2.1404396692911787,2.1404396692911787,False,True,partial,partial,False,False
Q8C522_269.0,20.701157808303833,3.2077999909718833,-2.690055362555199,0.024830080877092577,,-17.49335781733195,17.49335781733195,False,True,partial,partial,False,False
Q8C522_34.0,20.2910000483195,13.557729403177897,-0.5817243888499747,1.4671395597515753e-07,,-6.733270645141603,6.733270645141603,False,True,partial,partial,False,False
Q8C525_277.0,0.0,0.0,0.0,,,0.0,0.0,True,False,0,0,False,False
Q8C547_1102.0,0.0,0.0,0.0,,,0.0,0.0,True,False,0,0,False,False
Q8C547_1166.0,0.0,0.0,0.0,,,0.0,0.0,True,False,0,0,False,False
Q8C547_1254.0,0.0,0.0,0.0,,,0.0,0.0,True,False,0,0,False,False
Q8C547_1262.0,0.0,0.0,0.0,,,0.0,0.0,True,False,0,0,False,False
Q8C547_1367.0,0.0,0.0,0.0,,,0.0,0.0,True,False,0,0,False,False
Q8C547_1895.0,0.0,0.0,0.0,,,0.0,0.0,True,False,0,0,False,False
Q8C547_382.0,0.0,0.0,0.0,,,0.0,0.0,True,False,0,0,False,False
Q8C547_616.0,0.0,0.0,0.0,,,0.0,0.0,True,False,0,0,False,False
Q8C547_625.0,0.0,0.0,0.0,,,0.0,0.0,True,False,0,0,False,False
Q8C547_718.0,0.0,0.0,0.0,,,0.0,0.0,True,False,0,0,False,False
Q8C547_810.0,0.0,0.0,0.0,,,0.0,0.0,True,False,0,0,False,False
Q8C570_106.0,0.0,0.0,0.0,,,0.0,0.0,True,False,0,0,False,False
Q8C570_143.0,0.0,0.0,0.0,,,0.0,0.0,True,False,0,0,False,False
Q8C570_93.0,0.0,0.0,0.0,,,0.0,0.0,True,False,0,0,False,False
Q8C5H8_181.0,0.0,0.0,0.0,,,0.0,0.0,True,False,0,0,False,False
Q8C5H8_321.0,0.0,0.0,0.0,,,0.0,0.0,True,False,0,0,False,False
Q8C5K5_161.0,0.0,0.0,0.0,,,0.0,0.0,True,False,0,0,False,False
Q8C5K5_60.0,0.0,0.0,0.0,,,0.0,0.0,True,False,0,0,False,False
Q8C5L3_175.0,0.0,0.0,0.0,,,0.0,0.0,True,False,0,0,False,False
Q8C5P7_178.0,0.0,0.0,0.0,,,0.0,0.0,True,False,0,0,False,False
Q8C5Q4_475.0,0.0,0.0,0.0,,,0.0,0.0,True,False,0,0,False,False
Q8C5W0_353.0,0.0,0.0,0.0,,,0.0,0.0,True,False,0,0,False,False
Q8C5W0_568.0,0.0,0.0,0.0,,,0.0,0.0,True,False,0,0,False,False
Q8C5W3_121.0,0.0,0.0,0.0,,,0.0,0.0,True,False,0,0,False,False
Q8C5W3_14.0,0.0,0.0,0.0,,,0.0,0.0,True,False,0,0,False,False
Q8C6B0_79.0,0.0,0.0,0.0,,,0.0,0.0,True,False,0,0,False,False
Q8C6B0_92.0,0.0,0.0,0.0,,,0.0,0.0,True,False,0,0,False,False
Q8C6B0_96.0,0.0,0.0,0.0,,,0.0,0.0,True,False,0,0,False,False
Q8C6B2_117.0,0.0,0.0,0.0,,,0.0,0.0,True,False,0,0,False,False
Q8C6B2_122.0,0.0,0.0,0.0,,,0.0,0.0,True,False,0,0,False,False
Q8C6B2_306.0,0.0,0.0,0.0,,,0.0,0.0,True,False,0,0,False,False
Q8C6B2_62.0,0.0,0.0,0.0,,,0.0,0.0,True,False,0,0,False,False
Q8C6E0_37.0,0.0,0.0,0.0,,,0.0,0.0,True,False,0,0,False,False
Q8C6G8_133.0,0.0,0.0,0.0,,,0.0,0.0,True,False,0,0,False,False
Q8C6G8_318.0,0.0,0.0,0.0,,,0.0,0.0,True,False,0,0,False,False
Q8C6G8_470.0,0.0,0.0,0.0,,,0.0,0.0,True,False,0,0,False,False
Q8C6G8_598.0,0.0,0.0,0.0,,,0.0,0.0,True,False,0,0,False,False
Q8C729_153.0,0.0,0.0,0.0,,,0.0,0.0,True,False,0,0,False,False
Q8C729_211.0,0.0,0.0,0.0,,,0.0,0.0,True,False,0,0,False,False
Q8C729_57.0,0.0,0.0,0.0,,,0.0,0.0,True,False,0,0,False,False
Q8C739_244.0,0.0,0.0,0.0,,,0.0,0.0,True,False,0,0,False,False
Q8C754_220.0,0.0,0.0,0.0,,,0.0,0.0,True,False,0,0,False,False
Q8C7D2_191.0,0.0,0.0,0.0,,,0.0,0.0,True,False,0,0,False,False
Q8C7D2_237.0,0.0,0.0,0.0,,,0.0,0.0,True,False,0,0,False,False
Q8C7D2_290.0,0.0,0.0,0.0,,,0.0,0.0,True,False,0,0,False,False
Q8C7D2_329.0,0.0,0.0,0.0,,,0.0,0.0,True,False,0,0,False,False
Q8C7E9_150.0,0.0,0.0,0.0,,,0.0,0.0,True,False,0,0,False,False
Q8C7H1_97.0,0.0,0.0,0.0,,,0.0,0.0,True,False,0,0,False,False
Q8C7J6_97.0,0.0,0.0,0.0,,,0.0,0.0,True,False,0,0,False,False
Q8C7K6_250.0,0.0,0.0,0.0,,,0.0,0.0,True,False,0,0,False,False
Q8C7M3_249.0,0.0,0.0,0.0,,,0.0,0.0,True,False,0,0,False,False
Q8C7M3_25.0,0.0,0.0,0.0,,,0.0,0.0,True,False,0,0,False,False
Q8C7M3_356.0,0.0,0.0,0.0,,,0.0,0.0,True,False,0,0,False,False
Q8C7M3_498.0,13.47201665242513,13.317029317220053,-0.01669353622670886,0.989939678745797,,-0.15498733520507812,0.15498733520507812,False,True,partial,partial,False,False
Q8C7M3_92.0,0.0,0.0,0.0,,,0.0,0.0,True,False,0,0,False,False
Q8C7Q4_107.0,0.0,0.0,0.0,,,0.0,0.0,True,False,0,0,False,False
Q8C7Q4_162.0,0.0,0.0,0.0,,,0.0,0.0,True,False,0,0,False,False
Q8C7Q4_31.0,0.0,0.0,0.0,,,0.0,0.0,True,False,0,0,False,False
Q8C7Q4_89.0,0.0,0.0,0.0,,,0.0,0.0,True,False,0,0,False,False
Q8C7R4_156.0,0.0,0.0,0.0,,,0.0,0.0,True,False,0,0,False,False
Q8C7R4_231.0,0.0,0.0,0.0,,,0.0,0.0,True,False,0,0,False,False
Q8C7R4_298.0,0.0,0.0,0.0,,,0.0,0.0,True,False,0,0,False,False
Q8C7R4_682.0,0.0,0.0,0.0,,,0.0,0.0,True,False,0,0,False,False
Q8C7R4_699.0,0.0,0.0,0.0,,,0.0,0.0,True,False,0,0,False,False
Q8C7R4_721.0,0.0,0.0,0.0,,,0.0,0.0,True,False,0,0,False,False
Q8C7R4_770.0,0.0,0.0,0.0,,,0.0,0.0,True,False,0,0,False,False
Q8C7X2_591.0,0.0,0.0,0.0,,,0.0,0.0,True,False,0,0,False,False
Q8C854_134.0,0.0,0.0,0.0,,,0.0,0.0,True,False,0,0,False,False
Q8C854_537.0,0.0,0.0,0.0,,,0.0,0.0,True,False,0,0,False,False
Q8C863_500.0,0.0,0.0,0.0,,,0.0,0.0,True,False,0,0,False,False
Q8C863_796.0,0.0,0.0,0.0,,,0.0,0.0,True,False,0,0,False,False
Q8C878_139.0,0.0,0.0,0.0,,,0.0,0.0,True,False,0,0,False,False
Q8C878_249.0,0.0,0.0,0.0,,,0.0,0.0,True,False,0,0,False,False
Q8C878_28.0,0.0,0.0,0.0,,,0.0,0.0,True,False,0,0,False,False
Q8C878_70.0,0.0,0.0,0.0,,,0.0,0.0,True,False,0,0,False,False
Q8C878_82.0,0.0,0.0,0.0,,,0.0,0.0,True,False,0,0,False,False
Q8C8N2_415.0,0.0,0.0,0.0,,,0.0,0.0,True,False,0,0,False,False
Q8C8N2_547.0,0.0,0.0,0.0,,,0.0,0.0,True,False,0,0,False,False
Q8C8N2_63.0,0.0,0.0,0.0,,,0.0,0.0,True,False,0,0,False,False
Q8C8R3_1271.0,0.0,0.0,0.0,,,0.0,0.0,True,False,0,0,False,False
Q8C8R3_1290.0,0.0,0.0,0.0,,,0.0,0.0,True,False,0,0,False,False
Q8C8R3_1352.0,0.0,6.5821272532145185,32.61590677276841,0.18294098860110553,,6.5821272532145185,6.5821272532145185,False,True,0,partial,False,False
Q8C8R3_1392.0,0.0,0.0,0.0,,,0.0,0.0,True,False,0,0,False,False
Q8C8R3_1413.0,0.0,0.0,0.0,,,0.0,0.0,True,False,0,0,False,False
Q8C8R3_1582.0,0.0,0.0,0.0,,,0.0,0.0,True,False,0,0,False,False
Q8C8R3_2178.0,0.0,0.0,0.0,,,0.0,0.0,True,False,0,0,False,False
Q8C8R3_2283.0,0.0,0.0,0.0,,,0.0,0.0,True,False,0,0,False,False
Q8C8R3_2289.0,0.0,0.0,0.0,,,0.0,0.0,True,False,0,0,False,False
Q8C8R3_2308.0,4.247110684712728,3.720592657725016,-0.19094925917674768,0.8863613794447068,,-0.5265180269877114,0.5265180269877114,False,True,partial,partial,False,False
Q8C8R3_2699.0,2.2729235688845315,0.0,-31.081902026394353,0.02033274238740368,,-2.2729235688845315,2.2729235688845315,False,True,partial,0,False,False
Q8C8R3_2778.0,0.0,0.0,0.0,,,0.0,0.0,True,False,0,0,False,False
Q8C8R3_2906.0,0.0,0.0,0.0,,,0.0,0.0,True,False,0,0,False,False
Q8C8R3_2945.0,0.0,0.0,0.0,,,0.0,0.0,True,False,0,0,False,False
Q8C8R3_305.0,0.0,0.0,0.0,,,0.0,0.0,True,False,0,0,False,False
Q8C8R3_347.0,0.0,0.0,0.0,,,0.0,0.0,True,False,0,0,False,False
Q8C8R3_3589.0,0.0,0.0,0.0,,,0.0,0.0,True,False,0,0,False,False
Q8C8R3_3737.0,0.0,0.0,0.0,,,0.0,0.0,True,False,0,0,False,False
Q8C8R3_375.0,0.0,0.0,0.0,,,0.0,0.0,True,False,0,0,False,False
Q8C8R3_3753.0,2.4167908827463784,0.8395067056020101,-1.5254788916337498,0.28405284416166493,,-1.5772841771443682,1.5772841771443682,False,True,partial,partial,False,False
Q8C8R3_406.0,0.0,0.0,0.0,,,0.0,0.0,True,False,0,0,False,False
Q8C8R3_60.0,0.0,0.0,0.0,,,0.0,0.0,True,False,0,0,False,False
Q8C8R3_736.0,0.0,0.0,0.0,,,0.0,0.0,True,False,0,0,False,False
Q8C8T7_251.0,0.0,0.0,0.0,,,0.0,0.0,True,False,0,0,False,False
Q8C8T7_539.0,0.0,0.0,0.0,,,0.0,0.0,True,False,0,0,False,False
Q8C9B9_1632.0,0.0,0.0,0.0,,,0.0,0.0,True,False,0,0,False,False
Q8C9B9_347.0,0.0,0.0,0.0,,,0.0,0.0,True,False,0,0,False,False
Q8C9B9_853.0,0.0,0.0,0.0,,,0.0,0.0,True,False,0,0,False,False
Q8C9H6_803.0,0.0,0.0,0.0,,,0.0,0.0,True,False,0,0,False,False
Q8CA71_78.0,0.0,0.0,0.0,,,0.0,0.0,True,False,0,0,False,False
Q8CA72_248.0,0.0,0.0,0.0,,,0.0,0.0,True,False,0,0,False,False
Q8CA72_30.0,0.0,0.0,0.0,,,0.0,0.0,True,False,0,0,False,False
Q8CA72_440.0,0.0,0.0,0.0,,,0.0,0.0,True,False,0,0,False,False
Q8CA95_373.0,0.0,0.0,0.0,,,0.0,0.0,True,False,0,0,False,False
Q8CA95_445.0,0.0,0.0,0.0,,,0.0,0.0,True,False,0,0,False,False
Q8CA95_492.0,0.0,0.0,0.0,,,0.0,0.0,True,False,0,0,False,False
Q8CA95_667.0,0.0,0.0,0.0,,,0.0,0.0,True,False,0,0,False,False
Q8CAA7_125.0,2.598777403434118,1.5299282272656758,-0.7643690915246861,0.1795965464613186,,-1.068849176168442,1.068849176168442,False,True,partial,partial,False,False
Q8CAA7_236.0,0.0,0.0,0.0,,,0.0,0.0,True,False,0,0,False,False
Q8CAA7_303.0,0.0,0.0,0.0,,,0.0,0.0,True,False,0,0,False,False
Q8CAA7_493.0,0.0,0.0,0.0,,,0.0,0.0,True,False,0,0,False,False
Q8CAA7_582.0,0.0,0.0,0.0,,,0.0,0.0,True,False,0,0,False,False
Q8CAE9_547.0,0.0,0.0,0.0,,,0.0,0.0,True,False,0,0,False,False
Q8CAF4_1156.0,0.0,0.0,0.0,,,0.0,0.0,True,False,0,0,False,False
Q8CAF4_1458.0,0.0,0.0,0.0,,,0.0,0.0,True,False,0,0,False,False
Q8CAF4_936.0,0.0,0.0,0.0,,,0.0,0.0,True,False,0,0,False,False
Q8CAK1_260.0,0.0,0.0,0.0,,,0.0,0.0,True,False,0,0,False,False
Q8CAK3_112.0,0.0,0.0,0.0,,,0.0,0.0,True,False,0,0,False,False
Q8CAK3_155.0,0.0,0.0,0.0,,,0.0,0.0,True,False,0,0,False,False
Q8CAL5_345.0,0.0,0.0,0.0,,,0.0,0.0,True,False,0,0,False,False
Q8CAL5_406.0,0.0,0.0,0.0,,,0.0,0.0,True,False,0,0,False,False
Q8CAL5_61.0,0.0,0.0,0.0,,,0.0,0.0,True,False,0,0,False,False
Q8CAQ8_172.0,2.8101661602656045,1.3722859223683674,-1.0340743312166425,0.09690000130746562,,-1.437880237897237,1.437880237897237,False,True,partial,partial,False,False
Q8CAQ8_602.0,0.0,0.0,0.0,,,0.0,0.0,True,False,0,0,False,False
Q8CAQ8_696.0,0.0,0.0,0.0,,,0.0,0.0,True,False,0,0,False,False
Q8CAY6_360.0,0.0,0.0,0.0,,,0.0,0.0,True,False,0,0,False,False
Q8CB27_205.0,0.0,0.0,0.0,,,0.0,0.0,True,False,0,0,False,False
Q8CBC4_260.0,0.0,0.0,0.0,,,0.0,0.0,True,False,0,0,False,False
Q8CBC4_385.0,0.0,0.0,0.0,,,0.0,0.0,True,False,0,0,False,False
Q8CBC4_390.0,0.0,0.0,0.0,,,0.0,0.0,True,False,0,0,False,False
Q8CBC4_446.0,0.0,0.0,0.0,,,0.0,0.0,True,False,0,0,False,False
Q8CBE3_146.0,0.0,0.0,0.0,,,0.0,0.0,True,False,0,0,False,False
Q8CBE3_419.0,0.0,0.0,0.0,,,0.0,0.0,True,False,0,0,False,False
Q8CBE3_8.0,0.0,0.0,0.0,,,0.0,0.0,True,False,0,0,False,False
Q8CBH5_31.0,0.0,0.0,0.0,,,0.0,0.0,True,False,0,0,False,False
Q8CBW3_33.0,0.0,0.0,0.0,,,0.0,0.0,True,False,0,0,False,False
Q8CBW3_461.0,0.0,0.0,0.0,,,0.0,0.0,True,False,0,0,False,False
Q8CBY1_498.0,0.0,0.0,0.0,,,0.0,0.0,True,False,0,0,False,False
Q8CBY8_111.0,0.0,0.0,0.0,,,0.0,0.0,True,False,0,0,False,False
Q8CBY8_287.0,0.0,0.0,0.0,,,0.0,0.0,True,False,0,0,False,False
Q8CBY8_30.0,0.0,0.0,0.0,,,0.0,0.0,True,False,0,0,False,False
Q8CC21_257.0,0.0,0.0,0.0,,,0.0,0.0,True,False,0,0,False,False
Q8CC27_164.0,0.0,0.0,0.0,,,0.0,0.0,True,False,0,0,False,False
Q8CC27_517.0,0.0,0.0,0.0,,,0.0,0.0,True,False,0,0,False,False
Q8CC35_686.0,7.329152743021647,5.414520025253296,-0.4368129764503588,0.43124266900866703,,-1.9146327177683515,1.9146327177683515,False,True,partial,partial,False,False
Q8CC35_738.0,0.0,0.0,0.0,,,0.0,0.0,True,False,0,0,False,False
Q8CC35_927.0,0.0,0.0,0.0,,,0.0,0.0,True,False,0,0,False,False
Q8CC86_101.0,0.0,0.0,0.0,,,0.0,0.0,True,False,0,0,False,False
Q8CC86_385.0,0.0,0.0,0.0,,,0.0,0.0,True,False,0,0,False,False
Q8CC86_463.0,0.0,0.0,0.0,,,0.0,0.0,True,False,0,0,False,False
Q8CC86_484.0,0.0,0.0,0.0,,,0.0,0.0,True,False,0,0,False,False
Q8CC88_1064.0,0.0,0.0,0.0,,,0.0,0.0,True,False,0,0,False,False
Q8CC88_1100.0,0.0,0.0,0.0,,,0.0,0.0,True,False,0,0,False,False
Q8CC88_415.0,0.0,0.0,0.0,,,0.0,0.0,True,False,0,0,False,False
Q8CC88_443.0,0.0,0.0,0.0,,,0.0,0.0,True,False,0,0,False,False
Q8CC88_857.0,0.0,0.0,0.0,,,0.0,0.0,True,False,0,0,False,False
Q8CCA0_170.0,0.0,0.0,0.0,,,0.0,0.0,True,False,0,0,False,False
Q8CCB4_242.0,0.0,0.0,0.0,,,0.0,0.0,True,False,0,0,False,False
Q8CCB4_311.0,0.0,0.0,0.0,,,0.0,0.0,True,False,0,0,False,False
Q8CCB4_321.0,0.0,0.0,0.0,,,0.0,0.0,True,False,0,0,False,False
Q8CCB4_365.0,0.0,0.0,0.0,,,0.0,0.0,True,False,0,0,False,False
Q8CCB4_667.0,0.0,0.0,0.0,,,0.0,0.0,True,False,0,0,False,False
Q8CCB4_685.0,0.0,0.0,0.0,,,0.0,0.0,True,False,0,0,False,False
Q8CCB4_764.0,0.0,0.0,0.0,,,0.0,0.0,True,False,0,0,False,False
Q8CCF0_247.0,0.0,0.0,0.0,,,0.0,0.0,True,False,0,0,False,False
Q8CCJ3_32.0,0.0,0.0,0.0,,,0.0,0.0,True,False,0,0,False,False
Q8CCJ3_372.0,0.0,0.0,0.0,,,0.0,0.0,True,False,0,0,False,False
Q8CCJ4_230.0,0.0,0.0,0.0,,,0.0,0.0,True,False,0,0,False,False
Q8CCJ4_275.0,0.0,0.0,0.0,,,0.0,0.0,True,False,0,0,False,False
Q8CCJ4_364.0,0.0,0.0,0.0,,,0.0,0.0,True,False,0,0,False,False
Q8CCJ4_595.0,0.0,0.0,0.0,,,0.0,0.0,True,False,0,0,False,False
Q8CCN5_211.0,0.0,0.0,0.0,,,0.0,0.0,True,False,0,0,False,False
Q8CCN5_307.0,0.0,0.0,0.0,,,0.0,0.0,True,False,0,0,False,False
Q8CCN5_412.0,0.0,0.0,0.0,,,0.0,0.0,True,False,0,0,False,False
Q8CCN5_442.0,0.0,0.0,0.0,,,0.0,0.0,True,False,0,0,False,False
Q8CCN5_479.0,0.0,0.0,0.0,,,0.0,0.0,True,False,0,0,False,False
Q8CCS6_191.0,0.0,0.0,0.0,,,0.0,0.0,True,False,0,0,False,False
Q8CCS6_201.0,0.0,0.0,0.0,,,0.0,0.0,True,False,0,0,False,False
Q8CCT4_142.0,0.0,0.0,0.0,,,0.0,0.0,True,False,0,0,False,False
Q8CCX5_153.0,0.0,0.0,0.0,,,0.0,0.0,True,False,0,0,False,False
Q8CCX5_282.0,0.0,0.0,0.0,,,0.0,0.0,True,False,0,0,False,False
Q8CD19_202.0,0.0,0.0,0.0,,,0.0,0.0,True,False,0,0,False,False
Q8CDA1_107.0,0.0,0.0,0.0,,,0.0,0.0,True,False,0,0,False,False
Q8CDA1_1125.0,0.0,0.0,0.0,,,0.0,0.0,True,False,0,0,False,False
Q8CDA1_626.0,0.0,0.0,0.0,,,0.0,0.0,True,False,0,0,False,False
Q8CDA1_725.0,0.0,0.0,0.0,,,0.0,0.0,True,False,0,0,False,False
Q8CDA1_961.0,0.0,0.0,0.0,,,0.0,0.0,True,False,0,0,False,False
Q8CDG3_126.0,0.0,0.0,0.0,,,0.0,0.0,True,False,0,0,False,False
Q8CDG3_159.0,0.0,0.0,0.0,,,0.0,0.0,True,False,0,0,False,False
Q8CDG3_343.0,0.0,0.0,0.0,,,0.0,0.0,True,False,0,0,False,False
Q8CDG3_396.0,0.0,0.0,0.0,,,0.0,0.0,True,False,0,0,False,False
Q8CDG3_48.0,0.0,0.0,0.0,,,0.0,0.0,True,False,0,0,False,False
Q8CDG3_537.0,0.0,0.0,0.0,,,0.0,0.0,True,False,0,0,False,False
Q8CDG3_815.0,0.0,0.0,0.0,,,0.0,0.0,True,False,0,0,False,False
Q8CDG3_939.0,0.0,0.0,0.0,,,0.0,0.0,True,False,0,0,False,False
Q8CDJ3_330.0,0.0,0.0,0.0,,,0.0,0.0,True,False,0,0,False,False
Q8CDM8_281.0,0.0,0.0,0.0,,,0.0,0.0,True,False,0,0,False,False
Q8CDM8_460.0,0.0,0.0,0.0,,,0.0,0.0,True,False,0,0,False,False
Q8CDM8_573.0,0.0,0.0,0.0,,,0.0,0.0,True,False,0,0,False,False
Q8CDM8_623.0,0.0,0.0,0.0,,,0.0,0.0,True,False,0,0,False,False
Q8CDN6_135.0,0.0,0.0,0.0,,,0.0,0.0,True,False,0,0,False,False
Q8CDN6_34.0,0.0,0.0,0.0,,,0.0,0.0,True,False,0,0,False,False
Q8CE33_527.0,0.0,0.0,0.0,,,0.0,0.0,True,False,0,0,False,False
Q8CE50_381.0,0.0,0.0,0.0,,,0.0,0.0,True,False,0,0,False,False
Q8CE90_147.0,0.0,0.0,0.0,,,0.0,0.0,True,False,0,0,False,False
Q8CE90_276.0,0.0,0.0,0.0,,,0.0,0.0,True,False,0,0,False,False
Q8CE90_296.0,0.0,0.0,0.0,,,0.0,0.0,True,False,0,0,False,False
Q8CE96_244.0,0.0,0.0,0.0,,,0.0,0.0,True,False,0,0,False,False
Q8CE96_473.0,0.0,0.0,0.0,,,0.0,0.0,True,False,0,0,False,False
Q8CEC0_157.0,0.0,0.0,0.0,,,0.0,0.0,True,False,0,0,False,False
Q8CEC0_567.0,0.0,0.0,0.0,,,0.0,0.0,True,False,0,0,False,False
Q8CEI3_111.0,0.0,0.0,0.0,,,0.0,0.0,True,False,0,0,False,False
Q8CES0_197.0,0.0,0.0,0.0,,,0.0,0.0,True,False,0,0,False,False
Q8CF89_235.0,0.0,0.0,0.0,,,0.0,0.0,True,False,0,0,False,False
Q8CFA2_223.0,0.0,0.0,0.0,,,0.0,0.0,True,False,0,0,False,False
Q8CFA2_325.0,0.0,0.0,0.0,,,0.0,0.0,True,False,0,0,False,False
Q8CFA2_351.0,0.0,0.0,0.0,,,0.0,0.0,True,False,0,0,False,False
Q8CFA2_76.0,0.0,0.0,0.0,,,0.0,0.0,True,False,0,0,False,False
Q8CFE2_17.0,0.0,0.0,0.0,,,0.0,0.0,True,False,0,0,False,False
Q8CFE2_60.0,21.176402409871418,60.31310526529948,1.5100139999193325,0.16213346904654277,,39.136702855428055,39.136702855428055,False,True,partial,partial,False,False
Q8CFE4_496.0,0.0,0.0,0.0,,,0.0,0.0,True,False,0,0,False,False
Q8CFI5_360.0,0.0,0.0,0.0,,,0.0,0.0,True,False,0,0,False,False
Q8CFI5_68.0,0.0,0.0,0.0,,,0.0,0.0,True,False,0,0,False,False
Q8CFI7_1093.0,0.0,0.0,0.0,,,0.0,0.0,True,False,0,0,False,False
Q8CFI7_221.0,0.0,0.0,0.0,,,0.0,0.0,True,False,0,0,False,False
Q8CFI7_357.0,0.0,0.0,0.0,,,0.0,0.0,True,False,0,0,False,False
Q8CFI7_622.0,0.0,0.0,0.0,,,0.0,0.0,True,False,0,0,False,False
Q8CFI7_945.0,0.0,0.0,0.0,,,0.0,0.0,True,False,0,0,False,False
Q8CFI7_958.0,0.0,0.0,0.0,,,0.0,0.0,True,False,0,0,False,False
Q8CFJ9_324.0,0.0,0.0,0.0,,,0.0,0.0,True,False,0,0,False,False
Q8CFV9_8.0,0.0,0.0,0.0,,,0.0,0.0,True,False,0,0,False,False
Q8CG03_139.0,0.0,0.0,0.0,,,0.0,0.0,True,False,0,0,False,False
Q8CG03_258.0,0.0,0.0,0.0,,,0.0,0.0,True,False,0,0,False,False
Q8CG03_378.0,0.0,0.0,0.0,,,0.0,0.0,True,False,0,0,False,False
Q8CG72_138.0,0.0,0.0,0.0,,,0.0,0.0,True,False,0,0,False,False
Q8CG72_293.0,0.0,0.0,0.0,,,0.0,0.0,True,False,0,0,False,False
Q8CG76_164.0,0.0,0.0,0.0,,,0.0,0.0,True,False,0,0,False,False
Q8CG76_222.0,0.0,0.0,0.0,,,0.0,0.0,True,False,0,0,False,False
Q8CGA0_129.0,0.0,0.0,0.0,,,0.0,0.0,True,False,0,0,False,False
Q8CGA0_134.0,0.0,0.0,0.0,,,0.0,0.0,True,False,0,0,False,False
Q8CGA3_295.0,0.0,0.0,0.0,,,0.0,0.0,True,False,0,0,False,False
Q8CGA3_392.0,0.0,0.0,0.0,,,0.0,0.0,True,False,0,0,False,False
Q8CGA4_14.0,0.0,0.0,0.0,,,0.0,0.0,True,False,0,0,False,False
Q8CGC7_105.0,0.0,0.0,0.0,,,0.0,0.0,True,False,0,0,False,False
Q8CGC7_1076.0,0.0,0.0,0.0,,,0.0,0.0,True,False,0,0,False,False
Q8CGC7_1148.0,0.0,0.0,0.0,,,0.0,0.0,True,False,0,0,False,False
Q8CGC7_1252.0,0.0,0.0,0.0,,,0.0,0.0,True,False,0,0,False,False
Q8CGC7_1377.0,0.0,0.0,0.0,,,0.0,0.0,True,False,0,0,False,False
Q8CGC7_1448.0,0.0,0.0,0.0,,,0.0,0.0,True,False,0,0,False,False
Q8CGC7_336.0,0.0,0.0,0.0,,,0.0,0.0,True,False,0,0,False,False
Q8CGC7_350.0,0.0,0.0,0.0,,,0.0,0.0,True,False,0,0,False,False
Q8CGC7_660.0,0.0,0.0,0.0,,,0.0,0.0,True,False,0,0,False,False
Q8CGC7_697.0,0.0,0.0,0.0,,,0.0,0.0,True,False,0,0,False,False
Q8CGC7_744.0,0.0,0.0,0.0,,,0.0,0.0,True,False,0,0,False,False
Q8CGC7_856.0,0.0,0.0,0.0,,,0.0,0.0,True,False,0,0,False,False
Q8CGC7_910.0,0.0,0.0,0.0,,,0.0,0.0,True,False,0,0,False,False
Q8CGE9_831.0,0.0,0.0,0.0,,,0.0,0.0,True,False,0,0,False,False
Q8CGF6_138.0,0.0,0.0,0.0,,,0.0,0.0,True,False,0,0,False,False
Q8CGF6_322.0,0.0,0.0,0.0,,,0.0,0.0,True,False,0,0,False,False
Q8CGF6_367.0,0.0,0.0,0.0,,,0.0,0.0,True,False,0,0,False,False
Q8CGF6_505.0,0.0,0.0,0.0,,,0.0,0.0,True,False,0,0,False,False
Q8CGF6_600.0,0.0,0.0,0.0,,,0.0,0.0,True,False,0,0,False,False
Q8CGF6_634.0,0.0,0.0,0.0,,,0.0,0.0,True,False,0,0,False,False
Q8CGF7_1064.0,0.0,0.0,0.0,,,0.0,0.0,True,False,0,0,False,False
Q8CGF7_537.0,0.0,0.0,0.0,,,0.0,0.0,True,False,0,0,False,False
Q8CGK3_509.0,4.178555170694987,10.046061515808105,1.2655539246840255,0.46505377098726564,,5.867506345113118,5.867506345113118,False,True,partial,partial,False,False
Q8CGK3_626.0,0.0,0.0,0.0,,,0.0,0.0,True,False,0,0,False,False
Q8CGK3_671.0,0.0,0.0,0.0,,,0.0,0.0,True,False,0,0,False,False
Q8CGK3_898.0,0.0,0.0,0.0,,,0.0,0.0,True,False,0,0,False,False
Q8CGK7_161.0,8.813604990641275,20.057637532552082,1.186347545295454,0.48622400201199034,,11.244032541910807,11.244032541910807,False,True,partial,partial,False,False
Q8CGK7_3.0,0.0,0.0,0.0,,,0.0,0.0,True,False,0,0,False,False
Q8CGM1_1256.0,0.0,0.0,0.0,,,0.0,0.0,True,False,0,0,False,False
Q8CGM1_392.0,0.0,0.0,0.0,,,0.0,0.0,True,False,0,0,False,False
Q8CGM1_888.0,31.018891016642254,3.54526424407959,-3.1291820409217705,0.007632702939692464,,-27.473626772562664,27.473626772562664,False,True,partial,partial,False,False
Q8CGU1_110.0,0.0,0.0,0.0,,,0.0,0.0,True,False,0,0,False,False
Q8CGU1_32.0,0.0,0.0,0.0,,,0.0,0.0,True,False,0,0,False,False
Q8CGV2_248.0,0.0,0.0,0.0,,,0.0,0.0,True,False,0,0,False,False
Q8CGV2_296.0,0.0,0.0,0.0,,,0.0,0.0,True,False,0,0,False,False
Q8CGV2_315.0,6.724964777628581,13.82951291402181,1.0401517278474515,0.5353925459413238,,7.1045481363932295,7.1045481363932295,False,True,partial,partial,False,False
Q8CGV2_476.0,0.0,0.0,0.0,,,0.0,0.0,True,False,0,0,False,False
Q8CGY8_297.0,0.0,0.0,0.0,,,0.0,0.0,True,False,0,0,False,False
Q8CGY8_315.0,0.0,0.0,0.0,,,0.0,0.0,True,False,0,0,False,False
Q8CGY8_323.0,0.0,0.0,0.0,,,0.0,0.0,True,False,0,0,False,False
Q8CGY8_417.0,0.0,0.0,0.0,,,0.0,0.0,True,False,0,0,False,False
Q8CGY8_44.0,0.0,0.0,0.0,,,0.0,0.0,True,False,0,0,False,False
Q8CGY8_531.0,0.0,0.0,0.0,,,0.0,0.0,True,False,0,0,False,False
Q8CGY8_590.0,57.88972918192545,0.0,-35.75258835630647,0.03464843143993087,,-57.88972918192545,57.88972918192545,False,True,partial,0,False,False
Q8CGY8_620.0,0.0,0.0,0.0,,,0.0,0.0,True,False,0,0,False,False
Q8CGY8_845.0,0.0,0.0,0.0,,,0.0,0.0,True,False,0,0,False,False
Q8CGZ0_190.0,0.0,0.0,0.0,,,0.0,0.0,True,False,0,0,False,False
Q8CGZ0_246.0,0.0,0.0,0.0,,,0.0,0.0,True,False,0,0,False,False
Q8CGZ0_69.0,0.0,0.0,0.0,,,0.0,0.0,True,False,0,0,False,False
Q8CH09_371.0,0.0,0.0,0.0,,,0.0,0.0,True,False,0,0,False,False
Q8CH09_407.0,35.31048425038656,30.877108256022137,-0.19355896070619405,0.8079965794057433,,-4.433375994364422,4.433375994364422,False,True,partial,partial,False,False
Q8CH09_437.0,0.0,0.0,0.0,,,0.0,0.0,True,False,0,0,False,False
Q8CH09_639.0,0.0,0.0,0.0,,,0.0,0.0,True,False,0,0,False,False
Q8CH09_897.0,0.0,0.0,0.0,,,0.0,0.0,True,False,0,0,False,False
Q8CH18_370.0,0.0,0.0,0.0,,,0.0,0.0,True,False,0,0,False,False
Q8CH18_462.0,0.0,0.0,0.0,,,0.0,0.0,True,False,0,0,False,False
Q8CH19_306.0,0.0,0.0,0.0,,,0.0,0.0,True,False,0,0,False,False
Q8CH72_116.0,0.0,0.0,0.0,,,0.0,0.0,True,False,0,0,False,False
Q8CH72_135.0,0.0,0.0,0.0,,,0.0,0.0,True,False,0,0,False,False
Q8CH72_21.0,0.0,0.0,0.0,,,0.0,0.0,True,False,0,0,False,False
Q8CH72_357.0,0.0,0.0,0.0,,,0.0,0.0,True,False,0,0,False,False
Q8CH72_497.0,0.0,0.0,0.0,,,0.0,0.0,True,False,0,0,False,False
Q8CH72_620.0,0.0,0.0,0.0,,,0.0,0.0,True,False,0,0,False,False
Q8CH72_637.0,0.0,0.0,0.0,,,0.0,0.0,True,False,0,0,False,False
Q8CH77_1367.0,16.666666666666668,6.864358266194661,-1.2797688366499225,0.6043110467206878,,-9.802308400472008,9.802308400472008,False,True,partial,partial,False,False
Q8CH77_1596.0,0.0,0.0,0.0,,,0.0,0.0,True,False,0,0,False,False
Q8CH77_296.0,0.0,0.0,0.0,,,0.0,0.0,True,False,0,0,False,False
Q8CH77_340.0,0.0,0.0,0.0,,,0.0,0.0,True,False,0,0,False,False
Q8CHC4_1051.0,2.1452999114990234,5.341189622879028,1.3159817536567253,0.10213833732660507,,3.195889711380005,3.195889711380005,False,True,partial,partial,False,False
Q8CHC4_1212.0,0.0,0.0,0.0,,,0.0,0.0,True,False,0,0,False,False
Q8CHC4_184.0,0.0,0.0,0.0,,,0.0,0.0,True,False,0,0,False,False
Q8CHC4_386.0,0.0,0.0,0.0,,,0.0,0.0,True,False,0,0,False,False
Q8CHC4_521.0,0.0,0.0,0.0,,,0.0,0.0,True,False,0,0,False,False
Q8CHC4_536.0,5.620470682779948,8.91443395614624,0.6654522401091615,0.4130788813271249,,3.293963273366292,3.293963273366292,False,True,partial,partial,False,False
Q8CHE4_1038.0,0.0,0.0,0.0,,,0.0,0.0,True,False,0,0,False,False
Q8CHE4_1268.0,0.0,0.0,0.0,,,0.0,0.0,True,False,0,0,False,False
Q8CHE4_56.0,0.0,0.0,0.0,,,0.0,0.0,True,False,0,0,False,False
Q8CHG3_280.0,0.0,0.0,0.0,,,0.0,0.0,True,False,0,0,False,False
Q8CHG3_461.0,67.48603661855061,50.00967184702555,-0.4323818898883687,0.3546787600361606,,-17.476364771525063,17.476364771525063,False,True,partial,partial,False,False
Q8CHG7_1251.0,0.0,0.0,0.0,,,0.0,0.0,True,False,0,0,False,False
Q8CHG7_1418.0,0.0,0.0,0.0,,,0.0,0.0,True,False,0,0,False,False
Q8CHG7_194.0,0.0,0.0,0.0,,,0.0,0.0,True,False,0,0,False,False
Q8CHG7_377.0,0.0,0.0,0.0,,,0.0,0.0,True,False,0,0,False,False
Q8CHG7_419.0,0.0,0.0,0.0,,,0.0,0.0,True,False,0,0,False,False
Q8CHG7_653.0,0.0,0.0,0.0,,,0.0,0.0,True,False,0,0,False,False
Q8CHH9_271.0,0.0,0.0,0.0,,,0.0,0.0,True,False,0,0,False,False
Q8CHH9_400.0,1.2085496683915455,0.7341237664222717,-0.7191815511168018,0.058113758040014785,,-0.4744259019692738,0.4744259019692738,False,True,partial,partial,False,False
Q8CHH9_80.0,0.0,0.0,0.0,,,0.0,0.0,True,False,0,0,False,False
Q8CHI8_2028.0,0.0,0.0,0.0,,,0.0,0.0,True,False,0,0,False,False
Q8CHK3_304.0,0.0,0.0,0.0,,,0.0,0.0,True,False,0,0,False,False
Q8CHP8_193.0,14.40810743967692,16.500969250996906,0.19566992504503447,0.7748712391624981,,2.0928618113199864,2.0928618113199864,False,True,partial,partial,False,False
Q8CHP8_217.0,0.0,0.0,0.0,,,0.0,0.0,True,False,0,0,False,False
Q8CHP8_243.0,0.0,0.0,0.0,,,0.0,0.0,True,False,0,0,False,False
Q8CHP8_272.0,0.0,0.0,0.0,,,0.0,0.0,True,False,0,0,False,False
Q8CHP8_297.0,0.0,0.0,0.0,,,0.0,0.0,True,False,0,0,False,False
Q8CHQ0_134.0,0.0,0.0,0.0,,,0.0,0.0,True,False,0,0,False,False
Q8CHR6_684.0,0.0,0.0,0.0,,,0.0,0.0,True,False,0,0,False,False
Q8CHS8_325.0,42.587096532185875,16.666666666666668,-1.3534507801538742,0.34598019398385427,,-25.920429865519207,25.920429865519207,False,True,partial,partial,False,False
Q8CHT0_314.0,0.0,0.0,0.0,,,0.0,0.0,True,False,0,0,False,False
Q8CHT1_240.0,0.0,0.0,0.0,,,0.0,0.0,True,False,0,0,False,False
Q8CHT1_454.0,0.0,0.0,0.0,,,0.0,0.0,True,False,0,0,False,False
Q8CHT3_797.0,0.0,0.0,0.0,,,0.0,0.0,True,False,0,0,False,False
Q8CHW4_108.0,23.34597174326579,20.934171040852863,-0.1573138491458349,0.7228157360167238,,-2.4118007024129255,2.4118007024129255,False,True,partial,partial,False,False
Q8CHW4_192.0,0.0,0.0,0.0,,,0.0,0.0,True,False,0,0,False,False
Q8CHW4_567.0,0.0,0.0,0.0,,,0.0,0.0,True,False,0,0,False,False
Q8CHW4_614.0,0.0,0.0,0.0,,,0.0,0.0,True,False,0,0,False,False
Q8CHX7_127.0,0.0,0.0,0.0,,,0.0,0.0,True,False,0,0,False,False
Q8CHX7_193.0,0.0,0.0,0.0,,,0.0,0.0,True,False,0,0,False,False
Q8CHY3_207.0,0.0,0.0,0.0,,,0.0,0.0,True,False,0,0,False,False
Q8CHY3_61.0,0.0,0.0,0.0,,,0.0,0.0,True,False,0,0,False,False
Q8CI03_11.0,0.0,0.0,0.0,,,0.0,0.0,True,False,0,0,False,False
Q8CI08_165.0,0.0,0.0,0.0,,,0.0,0.0,True,False,0,0,False,False
Q8CI32_157.0,0.0,0.0,0.0,,,0.0,0.0,True,False,0,0,False,False
Q8CI32_191.0,0.0,0.0,0.0,,,0.0,0.0,True,False,0,0,False,False
Q8CI32_213.0,0.0,0.0,0.0,,,0.0,0.0,True,False,0,0,False,False
Q8CI32_360.0,0.0,0.0,0.0,,,0.0,0.0,True,False,0,0,False,False
Q8CI33_141.0,0.0,0.0,0.0,,,0.0,0.0,True,False,0,0,False,False
Q8CI43_88.0,0.0,0.0,0.0,,,0.0,0.0,True,False,0,0,False,False
Q8CI51_213.0,0.0,0.0,0.0,,,0.0,0.0,True,False,0,0,False,False
Q8CI51_462.0,0.0,0.0,0.0,,,0.0,0.0,True,False,0,0,False,False
Q8CI51_474.0,0.0,0.0,0.0,,,0.0,0.0,True,False,0,0,False,False
Q8CI51_73.0,0.0,0.0,0.0,,,0.0,0.0,True,False,0,0,False,False
Q8CI59_168.0,0.0,0.0,0.0,,,0.0,0.0,True,False,0,0,False,False
Q8CI70_40.0,0.0,0.0,0.0,,,0.0,0.0,True,False,0,0,False,False
Q8CI71_203.0,0.0,0.0,0.0,,,0.0,0.0,True,False,0,0,False,False
Q8CI71_218.0,0.0,0.0,0.0,,,0.0,0.0,True,False,0,0,False,False
Q8CI71_313.0,0.0,0.0,0.0,,,0.0,0.0,True,False,0,0,False,False
Q8CI71_430.0,0.0,0.0,0.0,,,0.0,0.0,True,False,0,0,False,False
Q8CI71_472.0,0.0,0.0,0.0,,,0.0,0.0,True,False,0,0,False,False
Q8CI71_851.0,0.0,0.0,0.0,,,0.0,0.0,True,False,0,0,False,False
Q8CI71_939.0,0.0,0.0,0.0,,,0.0,0.0,True,False,0,0,False,False
Q8CI75_301.0,0.0,0.0,0.0,,,0.0,0.0,True,False,0,0,False,False
Q8CI75_310.0,0.0,0.0,0.0,,,0.0,0.0,True,False,0,0,False,False
Q8CI75_376.0,0.0,0.0,0.0,,,0.0,0.0,True,False,0,0,False,False
Q8CI75_394.0,0.0,0.0,0.0,,,0.0,0.0,True,False,0,0,False,False
Q8CI75_447.0,0.0,0.0,0.0,,,0.0,0.0,True,False,0,0,False,False
Q8CI75_568.0,0.0,0.0,0.0,,,0.0,0.0,True,False,0,0,False,False
Q8CI75_623.0,0.0,6.351876576741536,32.56453573397183,0.36321746764912255,,6.351876576741536,6.351876576741536,False,True,0,partial,False,False
Q8CI78_391.0,0.0,0.0,0.0,,,0.0,0.0,True,False,0,0,False,False
Q8CI78_410.0,0.0,0.0,0.0,,,0.0,0.0,True,False,0,0,False,False
Q8CI94_319.0,0.0,0.0,0.0,,,0.0,0.0,True,False,0,0,False,False
Q8CI94_326.0,0.9624872008959452,0.9301964441935221,-0.04923193091906949,0.9546366453001779,,-0.032290756702423096,0.032290756702423096,False,True,partial,partial,False,False
Q8CI94_437.0,0.0,0.0,0.0,,,0.0,0.0,True,False,0,0,False,False
Q8CI94_446.0,6.7903792063395185,16.712853749593098,1.2993940484293576,0.45119036835328075,,9.922474543253578,9.922474543253578,False,True,partial,partial,False,False
Q8CI94_758.0,0.0,1.5659797191619873,30.544418383466315,0.17731174602502117,,1.5659797191619873,1.5659797191619873,False,True,0,partial,False,False
Q8CI94_808.0,0.0,0.0,0.0,,,0.0,0.0,True,False,0,0,False,False
Q8CIB5_397.0,0.0,0.0,0.0,,,0.0,0.0,True,False,0,0,False,False
Q8CIB5_406.0,0.0,0.0,0.0,,,0.0,0.0,True,False,0,0,False,False
Q8CIB5_426.0,0.0,0.0,0.0,,,0.0,0.0,True,False,0,0,False,False
Q8CIB5_471.0,0.0,0.0,0.0,,,0.0,0.0,True,False,0,0,False,False
Q8CIE6_1013.0,0.0,0.0,0.0,,,0.0,0.0,True,False,0,0,False,False
Q8CIE6_1057.0,0.0,0.0,0.0,,,0.0,0.0,True,False,0,0,False,False
Q8CIE6_1148.0,0.0,0.0,0.0,,,0.0,0.0,True,False,0,0,False,False
Q8CIE6_1156.0,0.0,0.0,0.0,,,0.0,0.0,True,False,0,0,False,False
Q8CIE6_1185.0,0.0,0.0,0.0,,,0.0,0.0,True,False,0,0,False,False
Q8CIE6_245.0,0.0,0.0,0.0,,,0.0,0.0,True,False,0,0,False,False
Q8CIE6_254.0,0.0,0.0,0.0,,,0.0,0.0,True,False,0,0,False,False
Q8CIE6_41.0,0.0,0.0,0.0,,,0.0,0.0,True,False,0,0,False,False
Q8CIE6_453.0,0.0,0.0,0.0,,,0.0,0.0,True,False,0,0,False,False
Q8CIE6_514.0,0.0,0.0,0.0,,,0.0,0.0,True,False,0,0,False,False
Q8CIE6_522.0,0.0,0.0,0.0,,,0.0,0.0,True,False,0,0,False,False
Q8CIE6_580.0,0.0,0.0,0.0,,,0.0,0.0,True,False,0,0,False,False
Q8CIE6_693.0,0.0,0.0,0.0,,,0.0,0.0,True,False,0,0,False,False
Q8CIE6_975.0,0.0,0.0,0.0,,,0.0,0.0,True,False,0,0,False,False
Q8CIG8_196.0,0.0,0.0,0.0,,,0.0,0.0,True,False,0,0,False,False
Q8CIG8_22.0,0.0,0.0,0.0,,,0.0,0.0,True,False,0,0,False,False
Q8CIG8_42.0,0.0,0.0,0.0,,,0.0,0.0,True,False,0,0,False,False
Q8CIG8_518.0,0.0,0.0,0.0,,,0.0,0.0,True,False,0,0,False,False
Q8CIH9_100.0,0.0,0.0,0.0,,,0.0,0.0,True,False,0,0,False,False
Q8CIH9_247.0,0.0,0.0,0.0,,,0.0,0.0,True,False,0,0,False,False
Q8CIH9_339.0,0.0,0.0,0.0,,,0.0,0.0,True,False,0,0,False,False
Q8CIM8_45.0,0.0,0.0,0.0,,,0.0,0.0,True,False,0,0,False,False
Q8CIN4_352.0,3.8679967721303306,2.756907304128011,-0.48853583049552457,0.6435731610065905,,-1.1110894680023193,1.1110894680023193,False,True,partial,partial,False,False
Q8CIN4_390.0,0.8560200532277426,0.8771392504374186,0.03516130241657408,0.986591129153635,,0.021119197209676033,0.021119197209676033,False,True,partial,partial,False,False
Q8CIN6_123.0,0.0,0.0,0.0,,,0.0,0.0,True,False,0,0,False,False
Q8CIP4_172.0,0.0,0.0,0.0,,,0.0,0.0,True,False,0,0,False,False
Q8CIP4_283.0,0.0,0.0,0.0,,,0.0,0.0,True,False,0,0,False,False
Q8CIP4_426.0,11.12881851196289,13.359241167704264,0.2635376246037141,0.8161216162556533,,2.230422655741373,2.230422655741373,False,True,partial,partial,False,False
Q8CIP4_459.0,0.0,0.0,0.0,,,0.0,0.0,True,False,0,0,False,False
Q8CIP4_49.0,0.0,0.0,0.0,,,0.0,0.0,True,False,0,0,False,False
Q8CIQ7_1216.0,0.0,0.0,0.0,,,0.0,0.0,True,False,0,0,False,False
Q8CIQ7_1311.0,0.0,0.0,0.0,,,0.0,0.0,True,False,0,0,False,False
Q8CIQ7_15.0,0.0,0.0,0.0,,,0.0,0.0,True,False,0,0,False,False
Q8CIQ7_1637.0,0.0,0.0,0.0,,,0.0,0.0,True,False,0,0,False,False
Q8CIQ7_1817.0,0.0,0.0,0.0,,,0.0,0.0,True,False,0,0,False,False
Q8CIQ7_272.0,0.0,0.0,0.0,,,0.0,0.0,True,False,0,0,False,False
Q8CIQ7_347.0,0.0,0.0,0.0,,,0.0,0.0,True,False,0,0,False,False
Q8CIQ7_461.0,0.0,0.0,0.0,,,0.0,0.0,True,False,0,0,False,False
Q8CIQ7_748.0,0.0,0.0,0.0,,,0.0,0.0,True,False,0,0,False,False
Q8CIV8_137.0,0.0,0.0,0.0,,,0.0,0.0,True,False,0,0,False,False
Q8CIV8_152.0,0.0,0.0,0.0,,,0.0,0.0,True,False,0,0,False,False
Q8CIV8_302.0,0.0,0.0,0.0,,,0.0,0.0,True,False,0,0,False,False
Q8CIV8_340.0,0.0,0.0,0.0,,,0.0,0.0,True,False,0,0,False,False
Q8CIV8_419.0,0.0,0.0,0.0,,,0.0,0.0,True,False,0,0,False,False
Q8CJ19_1549.0,0.0,0.0,0.0,,,0.0,0.0,True,False,0,0,False,False
Q8CJ19_1751.0,0.0,0.0,0.0,,,0.0,0.0,True,False,0,0,False,False
Q8CJ19_25.0,0.0,0.0,0.0,,,0.0,0.0,True,False,0,0,False,False
Q8CJ19_36.0,0.0,0.0,0.0,,,0.0,0.0,True,False,0,0,False,False
Q8CJ40_1752.0,0.0,0.0,0.0,,,0.0,0.0,True,False,0,0,False,False
Q8CJ40_692.0,0.0,0.0,0.0,,,0.0,0.0,True,False,0,0,False,False
Q8CJ67_491.0,0.0,0.0,0.0,,,0.0,0.0,True,False,0,0,False,False
Q8CJG0_189.0,0.0,0.0,0.0,,,0.0,0.0,True,False,0,0,False,False
Q8CJG0_273.0,0.0,0.0,0.0,,,0.0,0.0,True,False,0,0,False,False
Q8CJG0_328.0,0.0,0.0,0.0,,,0.0,0.0,True,False,0,0,False,False
Q8CJG0_345.0,43.31040636698405,8.60989761352539,-2.330645721943189,0.00896955461836465,,-34.70050875345866,34.70050875345866,False,True,partial,partial,False,False
Q8CJG0_491.0,0.0,0.0,0.0,,,0.0,0.0,True,False,0,0,False,False
Q8CJG0_547.0,0.0,0.0,0.0,,,0.0,0.0,True,False,0,0,False,False
Q8CJG0_565.0,0.0,0.0,0.0,,,0.0,0.0,True,False,0,0,False,False
Q8CJG1_544.0,0.0,0.0,0.0,,,0.0,0.0,True,False,0,0,False,False
Q8CJG1_562.0,0.0,0.0,0.0,,,0.0,0.0,True,False,0,0,False,False
Q8CJH3_1409.0,18.351170857747395,8.811456680297852,-1.0584196685812293,0.06218489543856428,,-9.539714177449543,9.539714177449543,False,True,partial,partial,False,False
Q8CJH3_1421.0,7.4591490427653,3.8538265228271484,-0.9527194224130681,0.6797019201030382,,-3.6053225199381513,3.6053225199381513,False,True,partial,partial,False,False
Q8CJH3_1758.0,0.0,0.0,0.0,,,0.0,0.0,True,False,0,0,False,False
Q8CJH3_1785.0,0.0,0.0,0.0,,,0.0,0.0,True,False,0,0,False,False
Q8CJH3_1836.0,0.0,0.0,0.0,,,0.0,0.0,True,False,0,0,False,False
Q8CJH3_2062.0,0.0,0.0,0.0,,,0.0,0.0,True,False,0,0,False,False
Q8CJH3_911.0,0.0,0.0,0.0,,,0.0,0.0,True,False,0,0,False,False
Q8CJH3_950.0,0.0,0.0,0.0,,,0.0,0.0,True,False,0,0,False,False
Q8HW98_195.0,38.26602427164713,30.671460151672363,-0.31916716750603585,0.49769015711771525,,-7.59456411997477,7.59456411997477,False,True,partial,partial,False,False
Q8HW98_238.0,0.0,0.0,0.0,,,0.0,0.0,True,False,0,0,False,False
Q8JZK9_12.0,0.0,0.0,0.0,,,0.0,0.0,True,False,0,0,False,False
Q8JZK9_406.0,0.0,0.0,0.0,,,0.0,0.0,True,False,0,0,False,False
Q8JZK9_417.0,0.0,0.0,0.0,,,0.0,0.0,True,False,0,0,False,False
Q8JZK9_59.0,0.0,0.0,0.0,,,0.0,0.0,True,False,0,0,False,False
Q8JZK9_86.0,0.0,0.0,0.0,,,0.0,0.0,True,False,0,0,False,False
Q8JZM0_311.0,0.0,0.0,0.0,,,0.0,0.0,True,False,0,0,False,False
Q8JZM4_250.0,0.0,0.0,0.0,,,0.0,0.0,True,False,0,0,False,False
Q8JZM4_307.0,0.0,0.0,0.0,,,0.0,0.0,True,False,0,0,False,False
Q8JZM4_396.0,0.0,0.0,0.0,,,0.0,0.0,True,False,0,0,False,False
Q8JZM4_683.0,0.0,0.0,0.0,,,0.0,0.0,True,False,0,0,False,False
Q8JZN5_183.0,41.19132741292318,33.12353197733561,-0.31448410230852447,0.2841922992733104,,-8.06779543558757,8.06779543558757,False,True,partial,partial,False,False
Q8JZN5_275.0,0.0,0.0,0.0,,,0.0,0.0,True,False,0,0,False,False
Q8JZN5_331.0,0.0,0.0,0.0,,,0.0,0.0,True,False,0,0,False,False
Q8JZN5_617.0,0.0,0.0,0.0,,,0.0,0.0,True,False,0,0,False,False
Q8JZN7_216.0,0.0,0.0,0.0,,,0.0,0.0,True,False,0,0,False,False
Q8JZN7_521.0,0.0,0.0,0.0,,,0.0,0.0,True,False,0,0,False,False
Q8JZP9_110.0,0.0,0.0,0.0,,,0.0,0.0,True,False,0,0,False,False
Q8JZQ2_312.0,0.0,0.0,0.0,,,0.0,0.0,True,False,0,0,False,False
Q8JZQ2_401.0,0.0,0.0,0.0,,,0.0,0.0,True,False,0,0,False,False
Q8JZQ2_524.0,0.0,0.0,0.0,,,0.0,0.0,True,False,0,0,False,False
Q8JZQ2_625.0,0.0,0.0,0.0,,,0.0,0.0,True,False,0,0,False,False
Q8JZQ9_291.0,0.0,0.0,0.0,,,0.0,0.0,True,False,0,0,False,False
Q8JZQ9_373.0,0.0,0.0,0.0,,,0.0,0.0,True,False,0,0,False,False
Q8JZQ9_504.0,0.0,0.0,0.0,,,0.0,0.0,True,False,0,0,False,False
Q8JZQ9_516.0,0.0,0.0,0.0,,,0.0,0.0,True,False,0,0,False,False
Q8JZQ9_689.0,0.0,0.0,0.0,,,0.0,0.0,True,False,0,0,False,False
Q8JZR0_226.0,0.0,0.0,0.0,,,0.0,0.0,True,False,0,0,False,False
Q8JZR0_322.0,0.0,0.0,0.0,,,0.0,0.0,True,False,0,0,False,False
Q8JZR0_610.0,0.0,0.0,0.0,,,0.0,0.0,True,False,0,0,False,False
Q8JZR0_93.0,0.0,0.0,0.0,,,0.0,0.0,True,False,0,0,False,False
Q8JZR6_1055.0,0.0,0.0,0.0,,,0.0,0.0,True,False,0,0,False,False
Q8JZS0_62.0,0.0,0.0,0.0,,,0.0,0.0,True,False,0,0,False,False
Q8JZU2_262.0,0.0,0.0,0.0,,,0.0,0.0,True,False,0,0,False,False
Q8JZU2_70.0,0.0,0.0,0.0,,,0.0,0.0,True,False,0,0,False,False
Q8JZV7_107.0,25.4177983601888,6.733512242635091,-1.9164079470369624,0.1963572970446759,,-18.68428611755371,18.68428611755371,False,True,partial,partial,False,False
Q8JZV7_338.0,0.0,0.0,0.0,,,0.0,0.0,True,False,0,0,False,False
Q8JZV7_348.0,0.0,0.0,0.0,,,0.0,0.0,True,False,0,0,False,False
Q8JZW4_117.0,0.0,0.0,0.0,,,0.0,0.0,True,False,0,0,False,False
Q8JZW4_162.0,0.0,0.0,0.0,,,0.0,0.0,True,False,0,0,False,False
Q8JZW4_184.0,0.0,0.0,0.0,,,0.0,0.0,True,False,0,0,False,False
Q8JZW4_215.0,0.0,0.0,0.0,,,0.0,0.0,True,False,0,0,False,False
Q8JZW4_240.0,0.0,0.0,0.0,,,0.0,0.0,True,False,0,0,False,False
Q8JZW4_47.0,0.0,0.0,0.0,,,0.0,0.0,True,False,0,0,False,False
Q8JZW5_14.0,0.0,0.0,0.0,,,0.0,0.0,True,False,0,0,False,False
Q8JZW5_236.0,0.0,0.0,0.0,,,0.0,0.0,True,False,0,0,False,False
Q8JZW5_311.0,0.0,0.0,0.0,,,0.0,0.0,True,False,0,0,False,False
Q8JZW5_344.0,0.0,0.0,0.0,,,0.0,0.0,True,False,0,0,False,False
Q8JZW5_360.0,0.0,0.0,0.0,,,0.0,0.0,True,False,0,0,False,False
Q8JZW5_387.0,0.0,0.0,0.0,,,0.0,0.0,True,False,0,0,False,False
Q8JZW5_403.0,0.0,0.0,0.0,,,0.0,0.0,True,False,0,0,False,False
Q8JZX4_389.0,0.0,0.0,0.0,,,0.0,0.0,True,False,0,0,False,False
Q8JZZ7_1470.0,0.0,0.0,0.0,,,0.0,0.0,True,False,0,0,False,False
Q8JZZ7_152.0,0.0,0.0,0.0,,,0.0,0.0,True,False,0,0,False,False
Q8JZZ7_164.0,0.0,0.0,0.0,,,0.0,0.0,True,False,0,0,False,False
Q8JZZ7_811.0,0.0,0.0,0.0,,,0.0,0.0,True,False,0,0,False,False
Q8K009_707.0,0.0,0.0,0.0,,,0.0,0.0,True,False,0,0,False,False
Q8K010_1053.0,0.0,0.0,0.0,,,0.0,0.0,True,False,0,0,False,False
Q8K010_236.0,0.0,0.0,0.0,,,0.0,0.0,True,False,0,0,False,False
Q8K010_25.0,0.0,0.0,0.0,,,0.0,0.0,True,False,0,0,False,False
Q8K010_382.0,0.0,0.0,0.0,,,0.0,0.0,True,False,0,0,False,False
Q8K010_408.0,0.0,0.0,0.0,,,0.0,0.0,True,False,0,0,False,False
Q8K010_466.0,0.0,0.0,0.0,,,0.0,0.0,True,False,0,0,False,False
Q8K010_558.0,5.805884679158528,0.0,-32.434868770591606,0.08016156140915642,,-5.805884679158528,5.805884679158528,False,True,partial,0,False,False
Q8K010_587.0,0.0,0.0,0.0,,,0.0,0.0,True,False,0,0,False,False
Q8K010_910.0,0.0,0.0,0.0,,,0.0,0.0,True,False,0,0,False,False
Q8K012_129.0,0.0,0.0,0.0,,,0.0,0.0,True,False,0,0,False,False
Q8K070_259.0,0.0,0.0,0.0,,,0.0,0.0,True,False,0,0,False,False
Q8K070_75.0,0.0,0.0,0.0,,,0.0,0.0,True,False,0,0,False,False
Q8K070_99.0,17.108038743336994,38.550951639811196,1.1720920943205797,0.11091779811358476,,21.4429128964742,21.4429128964742,False,True,partial,partial,False,False
Q8K0C1_309.0,0.0,0.0,0.0,,,0.0,0.0,True,False,0,0,False,False
Q8K0C1_951.0,0.0,0.0,0.0,,,0.0,0.0,True,False,0,0,False,False
Q8K0C4_345.0,0.0,0.0,0.0,,,0.0,0.0,True,False,0,0,False,False
Q8K0C4_402.0,0.0,0.0,0.0,,,0.0,0.0,True,False,0,0,False,False
Q8K0C8_30.0,0.0,0.0,0.0,,,0.0,0.0,True,False,0,0,False,False
Q8K0C9_142.0,0.0,0.0,0.0,,,0.0,0.0,True,False,0,0,False,False
Q8K0C9_336.0,0.0,0.0,0.0,,,0.0,0.0,True,False,0,0,False,False
Q8K0C9_8.0,0.0,0.0,0.0,,,0.0,0.0,True,False,0,0,False,False
Q8K0C9_92.0,0.0,0.0,0.0,,,0.0,0.0,True,False,0,0,False,False
Q8K0D0_233.0,0.0,0.0,0.0,,,0.0,0.0,True,False,0,0,False,False
Q8K0D5_257.0,0.0,0.0,0.0,,,0.0,0.0,True,False,0,0,False,False
Q8K0D5_594.0,0.0,0.0,0.0,,,0.0,0.0,True,False,0,0,False,False
Q8K0D5_718.0,0.0,0.0,0.0,,,0.0,0.0,True,False,0,0,False,False
Q8K0D5_723.0,0.0,0.0,0.0,,,0.0,0.0,True,False,0,0,False,False
Q8K0E8_213.0,11.814702033996582,6.29974889755249,-0.9072170146738173,0.1921000854601199,,-5.514953136444092,5.514953136444092,False,True,partial,partial,False,False
Q8K0E8_217.0,0.0,0.0,0.0,,,0.0,0.0,True,False,0,0,False,False
Q8K0E8_231.0,0.0,0.0,0.0,,,0.0,0.0,True,False,0,0,False,False
Q8K0E8_306.0,0.0,2.079035441080729,30.953267206544385,0.36321746764912255,,2.079035441080729,2.079035441080729,False,True,0,partial,False,False
Q8K0E8_427.0,0.0,0.0,0.0,,,0.0,0.0,True,False,0,0,False,False
Q8K0F1_183.0,0.0,0.0,0.0,,,0.0,0.0,True,False,0,0,False,False
Q8K0F1_86.0,0.0,0.0,0.0,,,0.0,0.0,True,False,0,0,False,False
Q8K0G5_198.0,0.0,0.0,0.0,,,0.0,0.0,True,False,0,0,False,False
Q8K0G5_222.0,0.0,0.0,0.0,,,0.0,0.0,True,False,0,0,False,False
Q8K0G5_247.0,0.0,0.0,0.0,,,0.0,0.0,True,False,0,0,False,False
Q8K0G5_83.0,0.0,0.0,0.0,,,0.0,0.0,True,False,0,0,False,False
Q8K0H5_174.0,0.0,0.0,0.0,,,0.0,0.0,True,False,0,0,False,False
Q8K0L9_311.0,0.0,0.0,0.0,,,0.0,0.0,True,False,0,0,False,False
Q8K0S0_111.0,0.0,0.0,0.0,,,0.0,0.0,True,False,0,0,False,False
Q8K0S0_156.0,3.7509512106577554,4.351782480875651,0.21434994908126684,0.6995666525905274,,0.600831270217896,0.600831270217896,False,True,partial,partial,False,False
Q8K0S0_261.0,2.61849453051885,2.684198260307312,0.035753644525414484,0.8737445516624827,,0.06570372978846217,0.06570372978846217,False,True,partial,partial,False,False
Q8K0S0_267.0,0.0,0.0,0.0,,,0.0,0.0,True,False,0,0,False,False
Q8K0S5_282.0,0.0,0.0,0.0,,,0.0,0.0,True,False,0,0,False,False
Q8K0T0_104.0,0.0,0.0,0.0,,,0.0,0.0,True,False,0,0,False,False
Q8K0T0_471.0,0.0,0.0,0.0,,,0.0,0.0,True,False,0,0,False,False
Q8K0T0_64.0,3.484212080637614,2.96039617061615,-0.23504218670282914,0.4813134612017894,,-0.5238159100214639,0.5238159100214639,False,True,partial,partial,False,False
Q8K0T0_682.0,0.6215256452560425,2.297338843345642,1.8860778335717432,0.2047708956746181,,1.6758131980895996,1.6758131980895996,False,True,partial,partial,False,False
Q8K0T4_422.0,0.0,0.0,0.0,,,0.0,0.0,True,False,0,0,False,False
Q8K0T4_88.0,0.0,0.0,0.0,,,0.0,0.0,True,False,0,0,False,False
Q8K0T7_1135.0,0.0,0.0,0.0,,,0.0,0.0,True,False,0,0,False,False
Q8K0T7_1271.0,0.0,0.0,0.0,,,0.0,0.0,True,False,0,0,False,False
Q8K0T7_818.0,0.0,0.0,0.0,,,0.0,0.0,True,False,0,0,False,False
Q8K0U4_564.0,0.0,0.0,0.0,,,0.0,0.0,True,False,0,0,False,False
Q8K0U4_80.0,0.0,0.10194257895151775,26.603181529483088,0.36321746764912255,,0.10194257895151775,0.10194257895151775,False,True,0,partial,False,False
Q8K0V2_115.0,0.0,0.0,0.0,,,0.0,0.0,True,False,0,0,False,False
Q8K0V2_163.0,0.0,0.0,0.0,,,0.0,0.0,True,False,0,0,False,False
Q8K0V2_299.0,0.0,0.0,0.0,,,0.0,0.0,True,False,0,0,False,False
Q8K0V2_66.0,0.0,0.0,0.0,,,0.0,0.0,True,False,0,0,False,False
Q8K0V2_8.0,0.0,0.0,0.0,,,0.0,0.0,True,False,0,0,False,False
Q8K0W9_66.0,0.0,0.0,0.0,,,0.0,0.0,True,False,0,0,False,False
Q8K0Z7_109.0,0.0,0.0,0.0,,,0.0,0.0,True,False,0,0,False,False
Q8K0Z7_231.0,0.0,0.0,0.0,,,0.0,0.0,True,False,0,0,False,False
Q8K0Z7_249.0,0.0,0.0,0.0,,,0.0,0.0,True,False,0,0,False,False
Q8K124_136.0,0.0,0.0,0.0,,,0.0,0.0,True,False,0,0,False,False
Q8K126_336.0,0.0,0.0,0.0,,,0.0,0.0,True,False,0,0,False,False
Q8K183_112.0,1.3889396985371907,2.2438864707946777,0.6920157189871908,0.6779508528930744,,0.854946772257487,0.854946772257487,False,True,partial,partial,False,False
Q8K199_37.0,13.822742621103922,11.558744112650553,-0.2580592407084824,0.30589852148348606,,-2.263998508453369,2.263998508453369,False,True,partial,partial,False,False
Q8K1A6_758.0,0.0,0.0,0.0,,,0.0,0.0,True,False,0,0,False,False
Q8K1C0_274.0,0.0,0.0,0.0,,,0.0,0.0,True,False,0,0,False,False
Q8K1C0_305.0,0.0,0.0,0.0,,,0.0,0.0,True,False,0,0,False,False
Q8K1E0_91.0,0.0,0.0,0.0,,,0.0,0.0,True,False,0,0,False,False
Q8K1E6_110.0,0.0,0.0,0.0,,,0.0,0.0,True,False,0,0,False,False
Q8K1H7_35.0,0.0,0.0,0.0,,,0.0,0.0,True,False,0,0,False,False
Q8K1L5_90.0,0.0,0.0,0.0,,,0.0,0.0,True,False,0,0,False,False
Q8K1M6_300.0,0.0,0.0,0.0,,,0.0,0.0,True,False,0,0,False,False
Q8K1M6_345.0,0.0,0.0,0.0,,,0.0,0.0,True,False,0,0,False,False
Q8K1M6_361.0,0.0,0.0,0.0,,,0.0,0.0,True,False,0,0,False,False
Q8K1M6_367.0,34.492061932881676,17.36337153116862,-0.9902172653684589,0.08261175764706163,,-17.128690401713055,17.128690401713055,False,True,partial,partial,False,False
Q8K1M6_431.0,0.0,0.0,0.0,,,0.0,0.0,True,False,0,0,False,False
Q8K1M6_446.0,0.0,0.0,0.0,,,0.0,0.0,True,False,0,0,False,False
Q8K1M6_505.0,18.804792404174805,9.808157602945963,-0.9390463133833137,0.32142647700478305,,-8.996634801228842,8.996634801228842,False,True,partial,partial,False,False
Q8K1M6_644.0,0.0,0.0,0.0,,,0.0,0.0,True,False,0,0,False,False
Q8K1N1_708.0,3.319016138712565,0.0,-31.62810849895736,0.36321746764912255,,-3.319016138712565,3.319016138712565,False,True,partial,0,False,False
Q8K1N4_280.0,0.0,0.0,0.0,,,0.0,0.0,True,False,0,0,False,False
Q8K1N4_356.0,0.0,0.0,0.0,,,0.0,0.0,True,False,0,0,False,False
Q8K1N4_61.0,0.0,0.0,0.0,,,0.0,0.0,True,False,0,0,False,False
Q8K1R3_200.0,0.0,0.0,0.0,,,0.0,0.0,True,False,0,0,False,False
Q8K1R3_242.0,0.0,0.0,0.0,,,0.0,0.0,True,False,0,0,False,False
Q8K1R3_372.0,0.0,0.0,0.0,,,0.0,0.0,True,False,0,0,False,False
Q8K1R3_459.0,0.0,0.0,0.0,,,0.0,0.0,True,False,0,0,False,False
Q8K1R7_11.0,3.907550493876139,0.0,-31.86361737039398,0.36321746764912255,,-3.907550493876139,3.907550493876139,False,True,partial,0,False,False
Q8K1R7_260.0,0.0,0.0,0.0,,,0.0,0.0,True,False,0,0,False,False
Q8K1S1_330.0,8.71368678410848,0.0,-33.020636110262984,0.030587255418736366,,-8.71368678410848,8.71368678410848,False,True,partial,0,False,False
Q8K1S4_762.0,0.0,0.0,0.0,,,0.0,0.0,True,False,0,0,False,False
Q8K1S4_827.0,0.0,0.0,0.0,,,0.0,0.0,True,False,0,0,False,False
Q8K1X1_1028.0,0.0,0.0,0.0,,,0.0,0.0,True,False,0,0,False,False
Q8K1X1_1034.0,0.0,0.0,0.0,,,0.0,0.0,True,False,0,0,False,False
Q8K1X1_1070.0,0.0,0.0,0.0,,,0.0,0.0,True,False,0,0,False,False
Q8K1X1_1104.0,0.0,0.0,0.0,,,0.0,0.0,True,False,0,0,False,False
Q8K1X1_297.0,0.0,0.0,0.0,,,0.0,0.0,True,False,0,0,False,False
Q8K1X1_803.0,0.0,0.0,0.0,,,0.0,0.0,True,False,0,0,False,False
Q8K1X1_816.0,0.0,0.0,0.0,,,0.0,0.0,True,False,0,0,False,False
Q8K212_114.0,0.0,0.0,0.0,,,0.0,0.0,True,False,0,0,False,False
Q8K212_612.0,0.0,0.0,0.0,,,0.0,0.0,True,False,0,0,False,False
Q8K212_730.0,0.0,0.0,0.0,,,0.0,0.0,True,False,0,0,False,False
Q8K245_166.0,0.0,0.0,0.0,,,0.0,0.0,True,False,0,0,False,False
Q8K245_185.0,0.0,0.0,0.0,,,0.0,0.0,True,False,0,0,False,False
Q8K268_102.0,0.0,0.0,0.0,,,0.0,0.0,True,False,0,0,False,False
Q8K274_11.0,0.0,0.0,0.0,,,0.0,0.0,True,False,0,0,False,False
Q8K274_24.0,0.0,0.0,0.0,,,0.0,0.0,True,False,0,0,False,False
Q8K285_417.0,0.0,0.0,0.0,,,0.0,0.0,True,False,0,0,False,False
Q8K288_174.0,0.0,0.0,0.0,,,0.0,0.0,True,False,0,0,False,False
Q8K298_1034.0,0.0,0.0,0.0,,,0.0,0.0,True,False,0,0,False,False
Q8K298_1073.0,0.0,0.0,0.0,,,0.0,0.0,True,False,0,0,False,False
Q8K298_1078.0,0.0,0.0,0.0,,,0.0,0.0,True,False,0,0,False,False
Q8K298_807.0,0.0,0.0,0.0,,,0.0,0.0,True,False,0,0,False,False
Q8K298_816.0,0.0,0.0,0.0,,,0.0,0.0,True,False,0,0,False,False
Q8K298_970.0,0.0,0.0,0.0,,,0.0,0.0,True,False,0,0,False,False
Q8K298_975.0,0.0,0.0,0.0,,,0.0,0.0,True,False,0,0,False,False
Q8K2B3_238.0,0.0,0.0,0.0,,,0.0,0.0,True,False,0,0,False,False
Q8K2B3_266.0,4.597556233406067,2.30742613474528,-0.9945827551542561,0.09479460033834194,,-2.290130098660787,2.290130098660787,False,True,partial,partial,False,False
Q8K2B3_287.0,0.0,0.0,0.0,,,0.0,0.0,True,False,0,0,False,False
Q8K2B3_438.0,0.0,0.0,0.0,,,0.0,0.0,True,False,0,0,False,False
Q8K2B3_467.0,0.0,0.0,0.0,,,0.0,0.0,True,False,0,0,False,False
Q8K2B3_536.0,1.7331312596797943,1.5113575458526611,-0.19753591877887927,0.27642305566237785,,-0.22177371382713318,0.22177371382713318,False,True,partial,partial,False,False
Q8K2B3_654.0,1.0427181720733643,0.7403305768966675,-0.4941077548568227,0.6739458568427688,,-0.3023875951766968,0.3023875951766968,False,True,partial,partial,False,False
Q8K2B3_89.0,3.83000119527181,1.1882935365041096,-1.6884535817177104,0.048040904920594305,,-2.6417076587677,2.6417076587677,False,True,partial,partial,False,False
Q8K2C6_124.0,0.0,0.0,0.0,,,0.0,0.0,True,False,0,0,False,False
Q8K2C6_181.0,0.0,0.0,0.0,,,0.0,0.0,True,False,0,0,False,False
Q8K2C6_293.0,0.0,0.0,0.0,,,0.0,0.0,True,False,0,0,False,False
Q8K2D3_137.0,0.0,0.0,0.0,,,0.0,0.0,True,False,0,0,False,False
Q8K2D3_272.0,0.0,0.0,0.0,,,0.0,0.0,True,False,0,0,False,False
Q8K2D3_353.0,0.0,0.0,0.0,,,0.0,0.0,True,False,0,0,False,False
Q8K2F8_374.0,0.0,0.0,0.0,,,0.0,0.0,True,False,0,0,False,False
Q8K2G4_167.0,0.0,0.0,0.0,,,0.0,0.0,True,False,0,0,False,False
Q8K2H2_173.0,0.0,0.0,0.0,,,0.0,0.0,True,False,0,0,False,False
Q8K2I4_153.0,0.0,0.0,0.0,,,0.0,0.0,True,False,0,0,False,False
Q8K2J0_650.0,0.0,0.0,0.0,,,0.0,0.0,True,False,0,0,False,False
Q8K2K6_89.0,0.0,0.0,0.0,,,0.0,0.0,True,False,0,0,False,False
Q8K2L8_462.0,0.0,0.0,0.0,,,0.0,0.0,True,False,0,0,False,False
Q8K2L8_725.0,0.0,0.0,0.0,,,0.0,0.0,True,False,0,0,False,False
Q8K2L8_793.0,0.0,0.0,0.0,,,0.0,0.0,True,False,0,0,False,False
Q8K2M0_321.0,0.0,0.0,0.0,,,0.0,0.0,True,False,0,0,False,False
Q8K2Q0_147.0,0.0,0.0,0.0,,,0.0,0.0,True,False,0,0,False,False
Q8K2Q0_160.0,0.0,0.0,0.0,,,0.0,0.0,True,False,0,0,False,False
Q8K2Q0_47.0,16.666666666666668,0.0,-33.95624654312639,0.36321746764912255,,-16.666666666666668,16.666666666666668,False,True,partial,0,False,False
Q8K2Q5_16.0,42.179444313049316,2.3332719802856445,-4.176113696605474,0.08920424882201801,,-39.84617233276367,39.84617233276367,False,True,partial,partial,False,False
Q8K2Q7_288.0,0.0,0.0,0.0,,,0.0,0.0,True,False,0,0,False,False
Q8K2T1_227.0,0.0,0.0,0.0,,,0.0,0.0,True,False,0,0,False,False
Q8K2V6_366.0,0.0,0.0,0.0,,,0.0,0.0,True,False,0,0,False,False
Q8K2V6_773.0,0.0,0.0,0.0,,,0.0,0.0,True,False,0,0,False,False
Q8K2V6_894.0,0.0,0.0,0.0,,,0.0,0.0,True,False,0,0,False,False
Q8K2X8_12.0,0.0,0.0,0.0,,,0.0,0.0,True,False,0,0,False,False
Q8K2Y7_89.0,0.0,0.0,0.0,,,0.0,0.0,True,False,0,0,False,False
Q8K310_230.0,0.0,0.0,0.0,,,0.0,0.0,True,False,0,0,False,False
Q8K310_293.0,0.0,0.0,0.0,,,0.0,0.0,True,False,0,0,False,False
Q8K310_552.0,0.0,0.0,0.0,,,0.0,0.0,True,False,0,0,False,False
Q8K310_805.0,1.412462552388509,1.0633318424224854,-0.40962071810592526,0.7698485104627412,,-0.3491307099660237,0.3491307099660237,False,True,partial,partial,False,False
Q8K310_820.0,0.0,0.0,0.0,,,0.0,0.0,True,False,0,0,False,False
Q8K337_149.0,0.0,0.0,0.0,,,0.0,0.0,True,False,0,0,False,False
Q8K337_990.0,0.0,0.0,0.0,,,0.0,0.0,True,False,0,0,False,False
Q8K354_122.0,28.33863067626953,20.390432357788086,-0.4748776823220695,0.12190760405478825,,-7.948198318481445,7.948198318481445,False,True,partial,partial,False,False
Q8K354_150.0,0.0,0.0,0.0,,,0.0,0.0,True,False,0,0,False,False
Q8K354_160.0,0.0,0.0,0.0,,,0.0,0.0,True,False,0,0,False,False
Q8K354_226.0,0.0,0.0,0.0,,,0.0,0.0,True,False,0,0,False,False
Q8K363_138.0,0.0,0.0,0.0,,,0.0,0.0,True,False,0,0,False,False
Q8K370_838.0,0.0,0.0,0.0,,,0.0,0.0,True,False,0,0,False,False
Q8K394_140.0,0.0,0.0,0.0,,,0.0,0.0,True,False,0,0,False,False
Q8K394_626.0,0.0,0.0,0.0,,,0.0,0.0,True,False,0,0,False,False
Q8K394_795.0,0.0,0.0,0.0,,,0.0,0.0,True,False,0,0,False,False
Q8K3A0_78.0,0.0,0.0,0.0,,,0.0,0.0,True,False,0,0,False,False
Q8K3A9_127.0,0.0,0.0,0.0,,,0.0,0.0,True,False,0,0,False,False
Q8K3A9_219.0,0.0,0.0,0.0,,,0.0,0.0,True,False,0,0,False,False
Q8K3C0_6.0,0.0,0.0,0.0,,,0.0,0.0,True,False,0,0,False,False
Q8K3E5_133.0,0.0,0.0,0.0,,,0.0,0.0,True,False,0,0,False,False
Q8K3E5_290.0,0.0,0.0,0.0,,,0.0,0.0,True,False,0,0,False,False
Q8K3E5_319.0,0.0,0.0,0.0,,,0.0,0.0,True,False,0,0,False,False
Q8K3E5_392.0,0.0,0.0,0.0,,,0.0,0.0,True,False,0,0,False,False
Q8K3E5_413.0,0.0,0.0,0.0,,,0.0,0.0,True,False,0,0,False,False
Q8K3E5_478.0,0.0,0.0,0.0,,,0.0,0.0,True,False,0,0,False,False
Q8K3G9_328.0,0.0,0.0,0.0,,,0.0,0.0,True,False,0,0,False,False
Q8K3H0_328.0,0.0,0.0,0.0,,,0.0,0.0,True,False,0,0,False,False
Q8K3H0_341.0,0.0,0.0,0.0,,,0.0,0.0,True,False,0,0,False,False
Q8K3H0_548.0,0.0,0.0,0.0,,,0.0,0.0,True,False,0,0,False,False
Q8K3H0_569.0,0.0,0.0,0.0,,,0.0,0.0,True,False,0,0,False,False
Q8K3H0_602.0,0.0,0.0,0.0,,,0.0,0.0,True,False,0,0,False,False
Q8K3H0_615.0,0.0,0.0,0.0,,,0.0,0.0,True,False,0,0,False,False
Q8K3I9_142.0,0.0,0.0,0.0,,,0.0,0.0,True,False,0,0,False,False
Q8K3I9_198.0,0.0,0.0,0.0,,,0.0,0.0,True,False,0,0,False,False
Q8K3I9_287.0,0.0,0.0,0.0,,,0.0,0.0,True,False,0,0,False,False
Q8K3I9_451.0,0.0,0.0,0.0,,,0.0,0.0,True,False,0,0,False,False
Q8K3J1_119.0,0.0,0.0,0.0,,,0.0,0.0,True,False,0,0,False,False
Q8K3K8_222.0,0.0,0.0,0.0,,,0.0,0.0,True,False,0,0,False,False
Q8K3K8_523.0,0.0,0.0,0.0,,,0.0,0.0,True,False,0,0,False,False
Q8K3R3_333.0,0.0,0.0,0.0,,,0.0,0.0,True,False,0,0,False,False
Q8K3W0_129.0,0.0,0.0,0.0,,,0.0,0.0,True,False,0,0,False,False
Q8K3W0_34.0,0.0,0.0,0.0,,,0.0,0.0,True,False,0,0,False,False
Q8K3W0_44.0,0.0,0.0,0.0,,,0.0,0.0,True,False,0,0,False,False
Q8K3X4_364.0,0.0,0.0,0.0,,,0.0,0.0,True,False,0,0,False,False
Q8K3X4_424.0,0.0,0.0,0.0,,,0.0,0.0,True,False,0,0,False,False
Q8K3X4_709.0,1.9556734561920166,0.0,-30.865018354635335,0.17468788326076984,,-1.9556734561920166,1.9556734561920166,False,True,partial,0,False,False
Q8K3X4_737.0,0.0,0.0,0.0,,,0.0,0.0,True,False,0,0,False,False
Q8K400_149.0,0.0,0.0,0.0,,,0.0,0.0,True,False,0,0,False,False
Q8K400_327.0,0.0,0.0,0.0,,,0.0,0.0,True,False,0,0,False,False
Q8K400_511.0,0.0,0.0,0.0,,,0.0,0.0,True,False,0,0,False,False
Q8K400_600.0,0.0,0.0,0.0,,,0.0,0.0,True,False,0,0,False,False
Q8K400_698.0,0.0,0.0,0.0,,,0.0,0.0,True,False,0,0,False,False
Q8K400_801.0,0.0,0.0,0.0,,,0.0,0.0,True,False,0,0,False,False
Q8K400_934.0,0.0,0.0,0.0,,,0.0,0.0,True,False,0,0,False,False
Q8K400_998.0,0.0,0.0,0.0,,,0.0,0.0,True,False,0,0,False,False
Q8K406_174.0,0.0,0.0,0.0,,,0.0,0.0,True,False,0,0,False,False
Q8K406_39.0,0.0,0.0,0.0,,,0.0,0.0,True,False,0,0,False,False
Q8K406_438.0,0.0,0.0,0.0,,,0.0,0.0,True,False,0,0,False,False
Q8K406_517.0,0.0,0.0,0.0,,,0.0,0.0,True,False,0,0,False,False
Q8K406_52.0,15.095552126566568,10.594401597976685,-0.5108214225118873,0.023688015711236913,,-4.501150528589884,4.501150528589884,False,True,partial,partial,False,False
Q8K409_239.0,0.0,0.0,0.0,,,0.0,0.0,True,False,0,0,False,False
Q8K411_112.0,0.0,0.0,0.0,,,0.0,0.0,True,False,0,0,False,False
Q8K411_313.0,0.0,0.0,0.0,,,0.0,0.0,True,False,0,0,False,False
Q8K411_34.0,0.0,0.0,0.0,,,0.0,0.0,True,False,0,0,False,False
Q8K411_556.0,0.0,0.0,0.0,,,0.0,0.0,True,False,0,0,False,False
Q8K411_627.0,0.0,0.0,0.0,,,0.0,0.0,True,False,0,0,False,False
Q8K411_775.0,0.0,0.0,0.0,,,0.0,0.0,True,False,0,0,False,False
Q8K411_780.0,0.0,0.0,0.0,,,0.0,0.0,True,False,0,0,False,False
Q8K411_850.0,0.0,0.0,0.0,,,0.0,0.0,True,False,0,0,False,False
Q8K411_868.0,0.0,0.0,0.0,,,0.0,0.0,True,False,0,0,False,False
Q8K448_648.0,0.0,0.0,0.0,,,0.0,0.0,True,False,0,0,False,False
Q8K482_712.0,0.0,0.0,0.0,,,0.0,0.0,True,False,0,0,False,False
Q8K4B0_229.0,0.0,0.0,0.0,,,0.0,0.0,True,False,0,0,False,False
Q8K4G5_146.0,0.0,0.0,0.0,,,0.0,0.0,True,False,0,0,False,False
Q8K4G5_158.0,0.0,0.0,0.0,,,0.0,0.0,True,False,0,0,False,False
Q8K4G5_273.0,0.0,0.0,0.0,,,0.0,0.0,True,False,0,0,False,False
Q8K4I3_334.0,0.0,0.0,0.0,,,0.0,0.0,True,False,0,0,False,False
Q8K4I3_417.0,0.0,0.0,0.0,,,0.0,0.0,True,False,0,0,False,False
Q8K4I3_529.0,0.0,0.0,0.0,,,0.0,0.0,True,False,0,0,False,False
Q8K4I3_563.0,0.0,0.0,0.0,,,0.0,0.0,True,False,0,0,False,False
Q8K4I3_666.0,0.0,0.0,0.0,,,0.0,0.0,True,False,0,0,False,False
Q8K4P0_220.0,0.0,0.0,0.0,,,0.0,0.0,True,False,0,0,False,False
Q8K4Q0_1168.0,0.0,0.0,0.0,,,0.0,0.0,True,False,0,0,False,False
Q8K4Q0_1202.0,0.0,0.0,0.0,,,0.0,0.0,True,False,0,0,False,False
Q8K4Q0_362.0,0.0,0.0,0.0,,,0.0,0.0,True,False,0,0,False,False
Q8K4Q0_505.0,0.0,0.0,0.0,,,0.0,0.0,True,False,0,0,False,False
Q8K4Q0_617.0,0.0,0.0,0.0,,,0.0,0.0,True,False,0,0,False,False
Q8K4Q0_713.0,0.0,0.0,0.0,,,0.0,0.0,True,False,0,0,False,False
Q8K4Q0_86.0,0.0,0.0,0.0,,,0.0,0.0,True,False,0,0,False,False
Q8K4R4_182.0,0.0,0.0,0.0,,,0.0,0.0,True,False,0,0,False,False
Q8K4R4_9.0,0.0,0.0,0.0,,,0.0,0.0,True,False,0,0,False,False
Q8K4T5_187.0,0.0,0.0,0.0,,,0.0,0.0,True,False,0,0,False,False
Q8K4X7_228.0,0.0,0.0,0.0,,,0.0,0.0,True,False,0,0,False,False
Q8K4X7_253.0,0.0,0.0,0.0,,,0.0,0.0,True,False,0,0,False,False
Q8K4Z0_46.0,0.0,7.493193944295247,32.802933647016246,0.08758417444817229,,7.493193944295247,7.493193944295247,False,True,0,partial,False,False
Q8K4Z3_109.0,1.255621870358785,1.8587027390797932,0.5658939961670263,0.683821747028574,,0.6030808687210083,0.6030808687210083,False,True,partial,partial,False,False
Q8K4Z3_277.0,0.0,0.0,0.0,,,0.0,0.0,True,False,0,0,False,False
Q8K4Z5_244.0,0.0,0.0,0.0,,,0.0,0.0,True,False,0,0,False,False
Q8K596_49.0,50.0,50.0,0.0,1.0,,0.0,0.0,True,False,partial,partial,False,False
Q8K596_537.0,12.938774108886719,9.447157859802246,-0.45374866424055194,0.4312141568106851,,-3.4916162490844727,3.4916162490844727,False,True,partial,partial,False,False
Q8K596_577.0,0.0,0.0,0.0,,,0.0,0.0,True,False,0,0,False,False
Q8N7N5_250.0,0.0,0.0,0.0,,,0.0,0.0,True,False,0,0,False,False
Q8QZR5_115.0,35.87008921305338,39.32571538289388,0.1326916768156219,0.8755578238905757,,3.4556261698404995,3.4556261698404995,False,True,partial,partial,False,False
Q8QZR5_238.0,0.0,0.0,0.0,,,0.0,0.0,True,False,0,0,False,False
Q8QZR5_29.0,0.0,0.0,0.0,,,0.0,0.0,True,False,0,0,False,False
Q8QZR5_320.0,0.0,0.0,0.0,,,0.0,0.0,True,False,0,0,False,False
Q8QZR5_349.0,0.0,0.0,0.0,,,0.0,0.0,True,False,0,0,False,False
Q8QZR5_405.0,0.0,0.0,0.0,,,0.0,0.0,True,False,0,0,False,False
Q8QZR5_89.0,9.962507247924805,18.716370900472004,0.9097199499655815,0.5848211208230645,,8.7538636525472,8.7538636525472,False,True,partial,partial,False,False
Q8QZS1_130.0,0.0,0.0,0.0,,,0.0,0.0,True,False,0,0,False,False
Q8QZS1_335.0,0.0,0.0,0.0,,,0.0,0.0,True,False,0,0,False,False
Q8QZS1_44.0,0.0,0.0,0.0,,,0.0,0.0,True,False,0,0,False,False
Q8QZS1_94.0,0.0,0.0,0.0,,,0.0,0.0,True,False,0,0,False,False
Q8QZT1_116.0,0.0,0.0,0.0,,,0.0,0.0,True,False,0,0,False,False
Q8QZT1_123.0,0.0,0.0,0.0,,,0.0,0.0,True,False,0,0,False,False
Q8QZT1_193.0,0.4956166098515193,0.3709644873936971,-0.4179434535073803,0.01918468587817469,,-0.1246521224578222,0.1246521224578222,False,True,partial,partial,False,False
Q8QZT2_141.0,0.0,0.0,0.0,,,0.0,0.0,True,False,0,0,False,False
Q8QZT2_187.0,0.0,0.0,0.0,,,0.0,0.0,True,False,0,0,False,False
Q8QZT2_26.0,0.0,0.0,0.0,,,0.0,0.0,True,False,0,0,False,False
Q8QZV4_380.0,0.0,0.0,0.0,,,0.0,0.0,True,False,0,0,False,False
Q8QZV7_406.0,0.0,0.0,0.0,,,0.0,0.0,True,False,0,0,False,False
Q8QZY6_200.0,0.0,0.0,0.0,,,0.0,0.0,True,False,0,0,False,False
Q8QZZ7_167.0,0.0,0.0,0.0,,,0.0,0.0,True,False,0,0,False,False
Q8R001_278.0,0.0,0.0,0.0,,,0.0,0.0,True,False,0,0,False,False
Q8R010_23.0,0.0,0.0,0.0,,,0.0,0.0,True,False,0,0,False,False
Q8R010_306.0,0.0,0.0,0.0,,,0.0,0.0,True,False,0,0,False,False
Q8R016_269.0,0.0,0.0,0.0,,,0.0,0.0,True,False,0,0,False,False
Q8R016_326.0,0.0,0.0,0.0,,,0.0,0.0,True,False,0,0,False,False
Q8R016_40.0,0.0,0.0,0.0,,,0.0,0.0,True,False,0,0,False,False
Q8R050_374.0,0.0,0.0,0.0,,,0.0,0.0,True,False,0,0,False,False
Q8R050_464.0,0.0,0.0,0.0,,,0.0,0.0,True,False,0,0,False,False
Q8R050_590.0,0.0,0.0,0.0,,,0.0,0.0,True,False,0,0,False,False
Q8R050_601.0,0.0,0.0,0.0,,,0.0,0.0,True,False,0,0,False,False
Q8R059_329.0,0.0,0.0,0.0,,,0.0,0.0,True,False,0,0,False,False
Q8R071_19.0,0.0,0.0,0.0,,,0.0,0.0,True,False,0,0,False,False
Q8R071_216.0,0.0,0.0,0.0,,,0.0,0.0,True,False,0,0,False,False
Q8R071_228.0,0.0,0.0,0.0,,,0.0,0.0,True,False,0,0,False,False
Q8R071_340.0,0.0,0.0,0.0,,,0.0,0.0,True,False,0,0,False,False
Q8R081_257.0,0.0,0.0,0.0,,,0.0,0.0,True,False,0,0,False,False
Q8R081_258.0,0.0,0.0,0.0,,,0.0,0.0,True,False,0,0,False,False
Q8R081_401.0,0.0,0.0,0.0,,,0.0,0.0,True,False,0,0,False,False
Q8R081_449.0,0.0,0.0,0.0,,,0.0,0.0,True,False,0,0,False,False
Q8R081_469.0,0.0,0.0,0.0,,,0.0,0.0,True,False,0,0,False,False
Q8R081_578.0,1.1483351786931355,0.987926204999288,-0.2170686142631604,0.8739657137134701,,-0.16040897369384755,0.16040897369384755,False,True,partial,partial,False,False
Q8R086_300.0,0.0,0.0,0.0,,,0.0,0.0,True,False,0,0,False,False
Q8R086_509.0,0.0,0.0,0.0,,,0.0,0.0,True,False,0,0,False,False
Q8R088_70.0,0.0,0.0,0.0,,,0.0,0.0,True,False,0,0,False,False
Q8R0A0_116.0,0.0,0.0,0.0,,,0.0,0.0,True,False,0,0,False,False
Q8R0A7_125.0,0.0,0.0,0.0,,,0.0,0.0,True,False,0,0,False,False
Q8R0A7_313.0,0.0,0.0,0.0,,,0.0,0.0,True,False,0,0,False,False
Q8R0A7_337.0,0.0,0.0,0.0,,,0.0,0.0,True,False,0,0,False,False
Q8R0A7_376.0,0.0,0.0,0.0,,,0.0,0.0,True,False,0,0,False,False
Q8R0F5_186.0,0.0,0.0,0.0,,,0.0,0.0,True,False,0,0,False,False
Q8R0F6_301.0,0.0,0.0,0.0,,,0.0,0.0,True,False,0,0,False,False
Q8R0F6_325.0,0.0,0.0,0.0,,,0.0,0.0,True,False,0,0,False,False
Q8R0F6_367.0,0.0,0.0,0.0,,,0.0,0.0,True,False,0,0,False,False
Q8R0F8_109.0,0.0,0.0,0.0,,,0.0,0.0,True,False,0,0,False,False
Q8R0F8_126.0,0.0,0.0,0.0,,,0.0,0.0,True,False,0,0,False,False
Q8R0F8_19.0,0.0,0.0,0.0,,,0.0,0.0,True,False,0,0,False,False
Q8R0F8_97.0,0.0,0.0,0.0,,,0.0,0.0,True,False,0,0,False,False
Q8R0G7_44.0,0.0,0.0,0.0,,,0.0,0.0,True,False,0,0,False,False
Q8R0G9_199.0,0.0,0.0,0.0,,,0.0,0.0,True,False,0,0,False,False
Q8R0G9_456.0,0.0,0.0,0.0,,,0.0,0.0,True,False,0,0,False,False
Q8R0G9_529.0,0.0,0.0,0.0,,,0.0,0.0,True,False,0,0,False,False
Q8R0G9_640.0,0.0,0.0,0.0,,,0.0,0.0,True,False,0,0,False,False
Q8R0G9_676.0,0.0,0.0,0.0,,,0.0,0.0,True,False,0,0,False,False
Q8R0G9_699.0,0.0,0.0,0.0,,,0.0,0.0,True,False,0,0,False,False
Q8R0I4_120.0,0.0,0.0,0.0,,,0.0,0.0,True,False,0,0,False,False
Q8R0I4_128.0,0.0,0.0,0.0,,,0.0,0.0,True,False,0,0,False,False
Q8R0P4_122.0,0.0,0.0,0.0,,,0.0,0.0,True,False,0,0,False,False
Q8R0S2_213.0,0.0,0.0,0.0,,,0.0,0.0,True,False,0,0,False,False
Q8R0S2_258.0,0.0,0.0,0.0,,,0.0,0.0,True,False,0,0,False,False
Q8R0S2_357.0,0.0,0.0,0.0,,,0.0,0.0,True,False,0,0,False,False
Q8R0S2_634.0,0.0,0.0,0.0,,,0.0,0.0,True,False,0,0,False,False
Q8R0S2_888.0,0.0,0.0,0.0,,,0.0,0.0,True,False,0,0,False,False
Q8R0S2_904.0,32.27939065297445,33.43064785003662,0.050557968386870586,0.47297946424075765,,1.151257197062172,1.151257197062172,False,True,partial,partial,False,False
Q8R0S4_103.0,0.0,0.0,0.0,,,0.0,0.0,True,False,0,0,False,False
Q8R0S4_145.0,2.3756484985351562,1.2586311499277751,-0.9164658361212505,0.5820088210198335,,-1.117017348607381,1.117017348607381,False,True,partial,partial,False,False
Q8R0S4_511.0,0.0,0.0,0.0,,,0.0,0.0,True,False,0,0,False,False
Q8R0X7_285.0,0.0,0.0,0.0,,,0.0,0.0,True,False,0,0,False,False
Q8R0Y6_152.0,0.0,0.0,0.0,,,0.0,0.0,True,False,0,0,False,False
Q8R0Y6_17.0,0.0,0.0,0.0,,,0.0,0.0,True,False,0,0,False,False
Q8R0Y6_238.0,0.0,0.0,0.0,,,0.0,0.0,True,False,0,0,False,False
Q8R0Y6_404.0,0.0,0.0,0.0,,,0.0,0.0,True,False,0,0,False,False
Q8R0Y6_451.0,5.064372698465983,2.070239861806234,-1.2905856486869907,0.4987901089589992,,-2.9941328366597495,2.9941328366597495,False,True,partial,partial,False,False
Q8R0Y6_537.0,0.0,0.0,0.0,,,0.0,0.0,True,False,0,0,False,False
Q8R0Y6_587.0,0.0,0.0,0.0,,,0.0,0.0,True,False,0,0,False,False
Q8R0Y6_662.0,0.0,0.0,0.0,,,0.0,0.0,True,False,0,0,False,False
Q8R0Y6_686.0,0.0,0.0,0.0,,,0.0,0.0,True,False,0,0,False,False
Q8R0Y6_707.0,2.3868224223454795,0.0,-31.152444089660793,0.09396601830049855,,-2.3868224223454795,2.3868224223454795,False,True,partial,0,False,False
Q8R0Y6_762.0,0.0,0.0,0.0,,,0.0,0.0,True,False,0,0,False,False
Q8R0Y6_774.0,1.232189655303955,0.8579688469568888,-0.522227159132516,0.592063746362219,,-0.3742208083470663,0.3742208083470663,False,True,partial,partial,False,False
Q8R0Y8_235.0,0.0,0.0,0.0,,,0.0,0.0,True,False,0,0,False,False
Q8R104_215.0,0.0,0.0,0.0,,,0.0,0.0,True,False,0,0,False,False
Q8R123_243.0,0.0,0.0,0.0,,,0.0,0.0,True,False,0,0,False,False
Q8R123_280.0,0.0,0.0,0.0,,,0.0,0.0,True,False,0,0,False,False
Q8R123_314.0,0.0,0.0,0.0,,,0.0,0.0,True,False,0,0,False,False
Q8R123_401.0,3.962195078531901,0.0,-31.883652767364783,0.36321746764912255,,-3.962195078531901,3.962195078531901,False,True,partial,0,False,False
Q8R123_41.0,0.0,0.0,0.0,,,0.0,0.0,True,False,0,0,False,False
Q8R123_466.0,0.0,0.0,0.0,,,0.0,0.0,True,False,0,0,False,False
Q8R123_52.0,0.0,0.0,0.0,,,0.0,0.0,True,False,0,0,False,False
Q8R127_218.0,0.0,0.0,0.0,,,0.0,0.0,True,False,0,0,False,False
Q8R127_238.0,0.0,0.0,0.0,,,0.0,0.0,True,False,0,0,False,False
Q8R127_98.0,8.175453186035156,8.573249499003092,0.06854342430294462,0.9428684468200176,,0.3977963129679356,0.3977963129679356,False,True,partial,partial,False,False
Q8R143_78.0,0.0,0.0,0.0,,,0.0,0.0,True,False,0,0,False,False
Q8R146_292.0,0.0,0.0,0.0,,,0.0,0.0,True,False,0,0,False,False
Q8R146_30.0,0.0,33.333333333333336,34.95624654308311,0.17468781426411925,,33.333333333333336,33.333333333333336,False,True,0,partial,False,False
Q8R146_312.0,0.0,0.0,0.0,,,0.0,0.0,True,False,0,0,False,False
Q8R151_1583.0,0.0,0.0,0.0,,,0.0,0.0,True,False,0,0,False,False
Q8R151_1813.0,0.0,0.0,0.0,,,0.0,0.0,True,False,0,0,False,False
Q8R151_213.0,0.0,0.0,0.0,,,0.0,0.0,True,False,0,0,False,False
Q8R151_414.0,0.0,0.0,0.0,,,0.0,0.0,True,False,0,0,False,False
Q8R151_532.0,0.0,0.0,0.0,,,0.0,0.0,True,False,0,0,False,False
Q8R164_206.0,0.0,0.0,0.0,,,0.0,0.0,True,False,0,0,False,False
Q8R164_225.0,0.0,0.0,0.0,,,0.0,0.0,True,False,0,0,False,False
Q8R164_234.0,3.3374203046162925,4.465638558069865,0.42013309964377726,0.6893388717131255,,1.1282182534535727,1.1282182534535727,False,True,partial,partial,False,False
Q8R180_130.0,18.884460926055908,13.741497675577799,-0.45866035032683405,0.3793414407173019,,-5.142963250478109,5.142963250478109,False,True,partial,partial,False,False
Q8R180_387.0,0.0,0.0,0.0,,,0.0,0.0,True,False,0,0,False,False
Q8R1A4_193.0,0.0,0.0,0.0,,,0.0,0.0,True,False,0,0,False,False
Q8R1A4_1934.0,0.0,0.0,0.0,,,0.0,0.0,True,False,0,0,False,False
Q8R1A4_388.0,0.0,0.0,0.0,,,0.0,0.0,True,False,0,0,False,False
Q8R1A4_457.0,0.0,0.0,0.0,,,0.0,0.0,True,False,0,0,False,False
Q8R1A4_523.0,0.0,0.0,0.0,,,0.0,0.0,True,False,0,0,False,False
Q8R1B4_441.0,0.0,0.0,0.0,,,0.0,0.0,True,False,0,0,False,False
Q8R1B4_498.0,0.0,0.0,0.0,,,0.0,0.0,True,False,0,0,False,False
Q8R1B4_750.0,0.0,0.0,0.0,,,0.0,0.0,True,False,0,0,False,False
Q8R1C0_209.0,0.0,0.0,0.0,,,0.0,0.0,True,False,0,0,False,False
Q8R1F1_190.0,0.0,0.0,0.0,,,0.0,0.0,True,False,0,0,False,False
Q8R1F1_292.0,0.0,0.0,0.0,,,0.0,0.0,True,False,0,0,False,False
Q8R1F1_405.0,0.0,0.0,0.0,,,0.0,0.0,True,False,0,0,False,False
Q8R1F6_70.0,0.0,0.0,0.0,,,0.0,0.0,True,False,0,0,False,False
Q8R1F6_85.0,0.0,0.0,0.0,,,0.0,0.0,True,False,0,0,False,False
Q8R1F6_97.0,0.0,0.0,0.0,,,0.0,0.0,True,False,0,0,False,False
Q8R1F9_49.0,0.0,0.0,0.0,,,0.0,0.0,True,False,0,0,False,False
Q8R1G2_198.0,0.0,0.0,0.0,,,0.0,0.0,True,False,0,0,False,False
Q8R1H0_68.0,0.0,0.0,0.0,,,0.0,0.0,True,False,0,0,False,False
Q8R1L4_29.0,0.0,0.0,0.0,,,0.0,0.0,True,False,0,0,False,False
Q8R1Q8_117.0,0.0,0.0,0.0,,,0.0,0.0,True,False,0,0,False,False
Q8R1Q8_244.0,0.0,0.0,0.0,,,0.0,0.0,True,False,0,0,False,False
Q8R1Q8_247.0,0.0,0.0,0.0,,,0.0,0.0,True,False,0,0,False,False
Q8R1S0_116.0,0.0,0.0,0.0,,,0.0,0.0,True,False,0,0,False,False
Q8R1S4_278.0,0.0,0.0,0.0,,,0.0,0.0,True,False,0,0,False,False
Q8R1U1_240.0,0.0,0.0,0.0,,,0.0,0.0,True,False,0,0,False,False
Q8R1U1_25.0,0.0,0.0,0.0,,,0.0,0.0,True,False,0,0,False,False
Q8R1U1_589.0,0.0,0.0,0.0,,,0.0,0.0,True,False,0,0,False,False
Q8R1V4_41.0,6.488171259562175,20.054646809895832,1.6280527523099548,0.2521649147176482,,13.566475550333656,13.566475550333656,False,True,partial,partial,False,False
Q8R1X6_409.0,0.0,0.0,0.0,,,0.0,0.0,True,False,0,0,False,False
Q8R1X6_503.0,0.0,0.0,0.0,,,0.0,0.0,True,False,0,0,False,False
Q8R1X6_566.0,0.0,0.0,0.0,,,0.0,0.0,True,False,0,0,False,False
Q8R1Y2_83.0,0.0,0.0,0.0,,,0.0,0.0,True,False,0,0,False,False
Q8R238_245.0,0.0,0.0,0.0,,,0.0,0.0,True,False,0,0,False,False
Q8R2L5_101.0,0.0,0.0,0.0,,,0.0,0.0,True,False,0,0,False,False
Q8R2Q4_329.0,0.0,0.0,0.0,,,0.0,0.0,True,False,0,0,False,False
Q8R2Q4_611.0,0.0,0.0,0.0,,,0.0,0.0,True,False,0,0,False,False
Q8R2R3_118.0,0.0,0.0,0.0,,,0.0,0.0,True,False,0,0,False,False
Q8R2R3_131.0,0.0,0.0,0.0,,,0.0,0.0,True,False,0,0,False,False
Q8R2R3_203.0,0.0,0.0,0.0,,,0.0,0.0,True,False,0,0,False,False
Q8R2R6_192.0,0.0,0.0,0.0,,,0.0,0.0,True,False,0,0,False,False
Q8R2R6_326.0,0.0,0.0,0.0,,,0.0,0.0,True,False,0,0,False,False
Q8R2R9_209.0,0.0,0.0,0.0,,,0.0,0.0,True,False,0,0,False,False
Q8R2R9_236.0,0.0,0.0,0.0,,,0.0,0.0,True,False,0,0,False,False
Q8R2R9_29.0,11.312582651774088,0.0,-33.3972092818263,0.36321746764912255,,-11.312582651774088,11.312582651774088,False,True,partial,0,False,False
Q8R2U0_161.0,0.0,0.0,0.0,,,0.0,0.0,True,False,0,0,False,False
Q8R2U0_30.0,0.0,0.0,0.0,,,0.0,0.0,True,False,0,0,False,False
Q8R2U0_77.0,0.0,0.0,0.0,,,0.0,0.0,True,False,0,0,False,False
Q8R2U6_130.0,0.0,0.0,0.0,,,0.0,0.0,True,False,0,0,False,False
Q8R2Y0_102.0,0.0,0.0,0.0,,,0.0,0.0,True,False,0,0,False,False
Q8R2Y0_134.0,0.0,0.0,0.0,,,0.0,0.0,True,False,0,0,False,False
Q8R2Y0_304.0,0.0,0.0,0.0,,,0.0,0.0,True,False,0,0,False,False
Q8R2Y2_163.0,0.0,0.0,0.0,,,0.0,0.0,True,False,0,0,False,False
Q8R2Y2_274.0,0.0,0.0,0.0,,,0.0,0.0,True,False,0,0,False,False
Q8R2Y2_409.0,0.0,0.0,0.0,,,0.0,0.0,True,False,0,0,False,False
Q8R2Y8_113.0,0.0,0.0,0.0,,,0.0,0.0,True,False,0,0,False,False
Q8R2Y8_88.0,0.0,0.0,0.0,,,0.0,0.0,True,False,0,0,False,False
Q8R307_22.0,29.603336334228516,22.914488792419434,-0.36949967812870155,0.2712707470307936,,-6.688847541809082,6.688847541809082,False,True,partial,partial,False,False
Q8R307_421.0,0.0,0.0,0.0,,,0.0,0.0,True,False,0,0,False,False
Q8R307_741.0,20.460819880167644,0.0,-34.2521449050417,0.1862172953663752,,-20.460819880167644,20.460819880167644,False,True,partial,0,False,False
Q8R307_806.0,0.0,0.0,0.0,,,0.0,0.0,True,False,0,0,False,False
Q8R313_133.0,0.0,0.0,0.0,,,0.0,0.0,True,False,0,0,False,False
Q8R313_176.0,0.0,0.0,0.0,,,0.0,0.0,True,False,0,0,False,False
Q8R326_215.0,0.0,0.0,0.0,,,0.0,0.0,True,False,0,0,False,False
Q8R349_133.0,0.0,0.0,0.0,,,0.0,0.0,True,False,0,0,False,False
Q8R349_194.0,0.0,0.0,0.0,,,0.0,0.0,True,False,0,0,False,False
Q8R349_455.0,0.0,0.0,0.0,,,0.0,0.0,True,False,0,0,False,False
Q8R349_544.0,0.0,0.0,0.0,,,0.0,0.0,True,False,0,0,False,False
Q8R361_337.0,56.97859001159668,55.145615895589195,-0.047173725878316634,0.8832961582374905,,-1.8329741160074846,1.8329741160074846,False,True,partial,partial,False,False
Q8R361_415.0,0.0,0.0,0.0,,,0.0,0.0,True,False,0,0,False,False
Q8R366_184.0,20.523662567138672,7.900538285573323,-1.3772653545784412,0.00037261637228307555,,-12.62312428156535,12.62312428156535,False,True,partial,partial,False,False
Q8R3B1_188.0,0.0,0.0,0.0,,,0.0,0.0,True,False,0,0,False,False
Q8R3B1_367.0,0.0,0.0,0.0,,,0.0,0.0,True,False,0,0,False,False
Q8R3B1_393.0,0.0,0.0,0.0,,,0.0,0.0,True,False,0,0,False,False
Q8R3B1_499.0,0.0,0.0,0.0,,,0.0,0.0,True,False,0,0,False,False
Q8R3B7_142.0,0.0,0.0,0.0,,,0.0,0.0,True,False,0,0,False,False
Q8R3C0_108.0,0.0,0.0,0.0,,,0.0,0.0,True,False,0,0,False,False
Q8R3D1_131.0,0.0,0.0,0.0,,,0.0,0.0,True,False,0,0,False,False
Q8R3D1_145.0,0.0,0.0,0.0,,,0.0,0.0,True,False,0,0,False,False
Q8R3D1_282.0,0.0,0.0,0.0,,,0.0,0.0,True,False,0,0,False,False
Q8R3F5_118.0,0.0,0.0,0.0,,,0.0,0.0,True,False,0,0,False,False
Q8R3F5_270.0,0.0,0.0,0.0,,,0.0,0.0,True,False,0,0,False,False
Q8R3G1_58.0,0.0,0.0,0.0,,,0.0,0.0,True,False,0,0,False,False
Q8R3H7_97.0,0.0,0.0,0.0,,,0.0,0.0,True,False,0,0,False,False
Q8R3L2_138.0,0.0,0.0,0.0,,,0.0,0.0,True,False,0,0,False,False
Q8R3L2_83.0,0.0,0.0,0.0,,,0.0,0.0,True,False,0,0,False,False
Q8R3L5_331.0,0.0,0.0,0.0,,,0.0,0.0,True,False,0,0,False,False
Q8R3N6_140.0,0.0,0.0,0.0,,,0.0,0.0,True,False,0,0,False,False
Q8R3N6_251.0,0.0,0.0,0.0,,,0.0,0.0,True,False,0,0,False,False
Q8R3N6_445.0,0.0,0.0,0.0,,,0.0,0.0,True,False,0,0,False,False
Q8R3P0_145.0,0.0,0.0,0.0,,,0.0,0.0,True,False,0,0,False,False
Q8R3P0_217.0,0.0,0.0,0.0,,,0.0,0.0,True,False,0,0,False,False
Q8R3P0_275.0,0.0,0.0,0.0,,,0.0,0.0,True,False,0,0,False,False
Q8R3P0_66.0,0.0,0.0,0.0,,,0.0,0.0,True,False,0,0,False,False
Q8R3Q2_216.0,0.0,0.0,0.0,,,0.0,0.0,True,False,0,0,False,False
Q8R3Q2_366.0,0.0,0.0,0.0,,,0.0,0.0,True,False,0,0,False,False
Q8R3Q2_37.0,0.0,0.0,0.0,,,0.0,0.0,True,False,0,0,False,False
Q8R3Q2_49.0,0.0,0.0,0.0,,,0.0,0.0,True,False,0,0,False,False
Q8R3Q2_513.0,0.0,0.0,0.0,,,0.0,0.0,True,False,0,0,False,False
Q8R3Q2_53.0,0.0,0.0,0.0,,,0.0,0.0,True,False,0,0,False,False
Q8R3Q2_744.0,0.0,0.0,0.0,,,0.0,0.0,True,False,0,0,False,False
Q8R3Q2_812.0,0.0,0.0,0.0,,,0.0,0.0,True,False,0,0,False,False
Q8R3Q6_53.0,0.0,0.0,0.0,,,0.0,0.0,True,False,0,0,False,False
Q8R3Q6_74.0,0.0,0.0,0.0,,,0.0,0.0,True,False,0,0,False,False
Q8R3S6_114.0,0.0,0.0,0.0,,,0.0,0.0,True,False,0,0,False,False
Q8R3S6_27.0,0.0,0.0,0.0,,,0.0,0.0,True,False,0,0,False,False
Q8R3S6_589.0,0.0,0.0,0.0,,,0.0,0.0,True,False,0,0,False,False
Q8R3S6_747.0,0.0,0.0,0.0,,,0.0,0.0,True,False,0,0,False,False
Q8R3T5_120.0,0.0,0.0,0.0,,,0.0,0.0,True,False,0,0,False,False
Q8R3T5_144.0,0.0,0.0,0.0,,,0.0,0.0,True,False,0,0,False,False
Q8R3U1_113.0,0.0,0.0,0.0,,,0.0,0.0,True,False,0,0,False,False
Q8R3V5_172.0,0.0,0.0,0.0,,,0.0,0.0,True,False,0,0,False,False
Q8R3V5_267.0,2.0477144519488015,1.3799619376659393,-0.5693860743320832,0.21107787792521726,,-0.6677525142828622,0.6677525142828622,False,True,partial,partial,False,False
Q8R3Y8_207.0,0.0,0.0,0.0,,,0.0,0.0,True,False,0,0,False,False
Q8R3Y8_239.0,0.0,0.0,0.0,,,0.0,0.0,True,False,0,0,False,False
Q8R3Y8_527.0,0.0,0.0,0.0,,,0.0,0.0,True,False,0,0,False,False
Q8R3Z5_154.0,0.0,0.0,0.0,,,0.0,0.0,True,False,0,0,False,False
Q8R3Z5_572.0,0.0,0.0,0.0,,,0.0,0.0,True,False,0,0,False,False
Q8R409_79.0,0.0,0.0,0.0,,,0.0,0.0,True,False,0,0,False,False
Q8R420_1461.0,0.0,0.0,0.0,,,0.0,0.0,True,False,0,0,False,False
Q8R464_145.0,21.06101067860921,14.690771420796713,-0.5196645156147883,0.003740882805272363,,-6.370239257812498,6.370239257812498,False,True,partial,partial,False,False
Q8R464_199.0,21.56773614883423,14.04081932703654,-0.6192476283414486,0.005248385310824317,,-7.526916821797689,7.526916821797689,False,True,partial,partial,False,False
Q8R464_245.0,0.0,0.0,0.0,,,0.0,0.0,True,False,0,0,False,False
Q8R480_226.0,0.0,0.0,0.0,,,0.0,0.0,True,False,0,0,False,False
Q8R4E6_121.0,18.405616124471027,25.58808199564616,0.4753259669307312,0.7382998248375224,,7.182465871175133,7.182465871175133,False,True,partial,partial,False,False
Q8R4E6_256.0,0.0,0.0,0.0,,,0.0,0.0,True,False,0,0,False,False
Q8R4F1_195.0,0.0,0.0,0.0,,,0.0,0.0,True,False,0,0,False,False
Q8R4F1_61.0,22.748781204223633,14.39609956741333,-0.660111267578452,0.0031450141806929864,,-8.352681636810303,8.352681636810303,False,True,partial,partial,False,False
Q8R4H2_1128.0,0.0,0.0,0.0,,,0.0,0.0,True,False,0,0,False,False
Q8R4H2_1325.0,0.0,0.0,0.0,,,0.0,0.0,True,False,0,0,False,False
Q8R4H2_518.0,0.0,0.0,0.0,,,0.0,0.0,True,False,0,0,False,False
Q8R4H2_699.0,0.0,0.0,0.0,,,0.0,0.0,True,False,0,0,False,False
Q8R4H2_888.0,0.0,0.0,0.0,,,0.0,0.0,True,False,0,0,False,False
Q8R4H2_921.0,0.0,0.0,0.0,,,0.0,0.0,True,False,0,0,False,False
Q8R4I7_118.0,0.0,0.0,0.0,,,0.0,0.0,True,False,0,0,False,False
Q8R4I7_96.0,0.0,0.0,0.0,,,0.0,0.0,True,False,0,0,False,False
Q8R4N0_181.0,0.0,0.0,0.0,,,0.0,0.0,True,False,0,0,False,False
Q8R4N0_67.0,0.0,0.0,0.0,,,0.0,0.0,True,False,0,0,False,False
Q8R4N0_72.0,0.0,0.0,0.0,,,0.0,0.0,True,False,0,0,False,False
Q8R4S0_135.0,0.0,0.0,0.0,,,0.0,0.0,True,False,0,0,False,False
Q8R4T1_108.0,0.0,0.0,0.0,,,0.0,0.0,True,False,0,0,False,False
Q8R4U7_540.0,0.0,0.0,0.0,,,0.0,0.0,True,False,0,0,False,False
Q8R4U7_561.0,0.0,0.0,0.0,,,0.0,0.0,True,False,0,0,False,False
Q8R4U7_89.0,0.0,0.0,0.0,,,0.0,0.0,True,False,0,0,False,False
Q8R4U7_928.0,0.0,0.0,0.0,,,0.0,0.0,True,False,0,0,False,False
Q8R4U7_951.0,0.0,0.0,0.0,,,0.0,0.0,True,False,0,0,False,False
Q8R4V2_172.0,0.0,0.0,0.0,,,0.0,0.0,True,False,0,0,False,False
Q8R4V2_224.0,0.0,0.0,0.0,,,0.0,0.0,True,False,0,0,False,False
Q8R4X3_545.0,0.0,0.0,0.0,,,0.0,0.0,True,False,0,0,False,False
Q8R502_599.0,0.0,0.0,0.0,,,0.0,0.0,True,False,0,0,False,False
Q8R502_682.0,0.0,0.0,0.0,,,0.0,0.0,True,False,0,0,False,False
Q8R502_728.0,0.0,0.0,0.0,,,0.0,0.0,True,False,0,0,False,False
Q8R516_391.0,0.0,0.0,0.0,,,0.0,0.0,True,False,0,0,False,False
Q8R550_345.0,0.0,0.0,0.0,,,0.0,0.0,True,False,0,0,False,False
Q8R555_486.0,0.0,0.0,0.0,,,0.0,0.0,True,False,0,0,False,False
Q8R555_578.0,0.0,0.0,0.0,,,0.0,0.0,True,False,0,0,False,False
Q8R570_200.0,0.0,0.0,0.0,,,0.0,0.0,True,False,0,0,False,False
Q8R574_135.0,0.0,0.0,0.0,,,0.0,0.0,True,False,0,0,False,False
Q8R5A3_535.0,0.0,0.0,0.0,,,0.0,0.0,True,False,0,0,False,False
Q8R5A6_150.0,0.0,0.0,0.0,,,0.0,0.0,True,False,0,0,False,False
Q8R5H1_139.0,0.0,0.0,0.0,,,0.0,0.0,True,False,0,0,False,False
Q8R5H1_264.0,0.0,0.0,0.0,,,0.0,0.0,True,False,0,0,False,False
Q8R5H1_448.0,0.0,0.0,0.0,,,0.0,0.0,True,False,0,0,False,False
Q8R5H1_570.0,0.0,0.0,0.0,,,0.0,0.0,True,False,0,0,False,False
Q8R5H1_791.0,0.0,0.0,0.0,,,0.0,0.0,True,False,0,0,False,False
Q8R5H1_809.0,0.0,0.0,0.0,,,0.0,0.0,True,False,0,0,False,False
Q8R5H6_128.0,10.477579752604166,10.861765543619791,0.05195312451802244,0.9801920369408648,,0.384185791015625,0.384185791015625,False,True,partial,partial,False,False
Q8R5H6_14.0,0.0,0.0,0.0,,,0.0,0.0,True,False,0,0,False,False
Q8R5H6_28.0,0.0,0.0,0.0,,,0.0,0.0,True,False,0,0,False,False
Q8R5I6_115.0,0.0,0.0,0.0,,,0.0,0.0,True,False,0,0,False,False
Q8R5K4_1040.0,0.0,0.0,0.0,,,0.0,0.0,True,False,0,0,False,False
Q8R5L3_681.0,0.0,0.0,0.0,,,0.0,0.0,True,False,0,0,False,False
Q8R5L3_753.0,0.0,0.0,0.0,,,0.0,0.0,True,False,0,0,False,False
Q8R5M8_223.0,100.0,100.0,0.0,,,0.0,0.0,True,False,100,100,False,False
Q8R5M8_270.0,49.21749750773112,36.34906164805094,-0.4372531835660999,0.001330822745157253,,-12.868435859680176,12.868435859680176,False,True,partial,partial,False,False
Q8R5M8_316.0,0.0,0.0,0.0,,,0.0,0.0,True,False,0,0,False,False
Q8VBT0_106.0,0.0,0.0,0.0,,,0.0,0.0,True,False,0,0,False,False
Q8VBT9_109.0,0.0,0.0,0.0,,,0.0,0.0,True,False,0,0,False,False
Q8VBT9_138.0,0.0,0.0,0.0,,,0.0,0.0,True,False,0,0,False,False
Q8VBW6_34.0,0.0,0.0,0.0,,,0.0,0.0,True,False,0,0,False,False
Q8VBW6_384.0,0.0,0.0,0.0,,,0.0,0.0,True,False,0,0,False,False
Q8VBW6_483.0,0.0,0.0,0.0,,,0.0,0.0,True,False,0,0,False,False
Q8VBX0_246.0,0.0,0.0,0.0,,,0.0,0.0,True,False,0,0,False,False
Q8VBX6_1902.0,0.0,0.0,0.0,,,0.0,0.0,True,False,0,0,False,False
Q8VBX6_488.0,0.0,0.0,0.0,,,0.0,0.0,True,False,0,0,False,False
Q8VBX6_623.0,0.0,0.0,0.0,,,0.0,0.0,True,False,0,0,False,False
Q8VBY2_122.0,0.0,0.0,0.0,,,0.0,0.0,True,False,0,0,False,False
Q8VBY2_243.0,0.0,0.0,0.0,,,0.0,0.0,True,False,0,0,False,False
Q8VBY2_268.0,0.0,0.0,0.0,,,0.0,0.0,True,False,0,0,False,False
Q8VBY2_351.0,0.0,0.0,0.0,,,0.0,0.0,True,False,0,0,False,False
Q8VBY2_424.0,0.0,6.795849482218425,32.66200675356268,0.36321746764912255,,6.795849482218425,6.795849482218425,False,True,0,partial,False,False
Q8VBY2_486.0,0.0,0.0,0.0,,,0.0,0.0,True,False,0,0,False,False
Q8VBY2_83.0,0.0,0.0,0.0,,,0.0,0.0,True,False,0,0,False,False
Q8VBZ3_454.0,0.0,0.0,0.0,,,0.0,0.0,True,False,0,0,False,False
Q8VBZ3_645.0,0.0,0.0,0.0,,,0.0,0.0,True,False,0,0,False,False
Q8VC30_13.0,0.0,0.0,0.0,,,0.0,0.0,True,False,0,0,False,False
Q8VC30_382.0,0.0,0.0,0.0,,,0.0,0.0,True,False,0,0,False,False
Q8VC30_404.0,0.0,0.0,0.0,,,0.0,0.0,True,False,0,0,False,False
Q8VC42_11.0,0.0,0.0,0.0,,,0.0,0.0,True,False,0,0,False,False
Q8VC42_25.0,0.0,0.0,0.0,,,0.0,0.0,True,False,0,0,False,False
Q8VC42_333.0,0.0,0.0,0.0,,,0.0,0.0,True,False,0,0,False,False
Q8VC42_394.0,0.0,0.0,0.0,,,0.0,0.0,True,False,0,0,False,False
Q8VC42_635.0,0.0,0.0,0.0,,,0.0,0.0,True,False,0,0,False,False
Q8VC57_163.0,42.55070368448893,32.18981679280599,-0.4025786249507505,0.6117616946358482,,-10.360886891682938,10.360886891682938,False,True,partial,partial,False,False
Q8VC82_60.0,0.0,0.0,0.0,,,0.0,0.0,True,False,0,0,False,False
Q8VC88_184.0,0.0,0.0,0.0,,,0.0,0.0,True,False,0,0,False,False
Q8VCA8_148.0,0.0,0.0,0.0,,,0.0,0.0,True,False,0,0,False,False
Q8VCA8_156.0,0.0,0.0,0.0,,,0.0,0.0,True,False,0,0,False,False
Q8VCA8_277.0,0.0,0.0,0.0,,,0.0,0.0,True,False,0,0,False,False
Q8VCA8_301.0,0.0,0.0,0.0,,,0.0,0.0,True,False,0,0,False,False
Q8VCA8_59.0,0.0,0.0,0.0,,,0.0,0.0,True,False,0,0,False,False
Q8VCB1_370.0,0.0,0.0,0.0,,,0.0,0.0,True,False,0,0,False,False
Q8VCB1_501.0,0.0,0.0,0.0,,,0.0,0.0,True,False,0,0,False,False
Q8VCC8_880.0,0.0,0.0,0.0,,,0.0,0.0,True,False,0,0,False,False
Q8VCC9_44.0,0.0,0.0,0.0,,,0.0,0.0,True,False,0,0,False,False
Q8VCC9_595.0,30.814343134562176,30.498316129048664,-0.014872446792813333,0.9660740810737684,,-0.3160270055135115,0.3160270055135115,False,True,partial,partial,False,False
Q8VCC9_770.0,0.0,0.0,0.0,,,0.0,0.0,True,False,0,0,False,False
Q8VCE1_59.0,0.0,0.0,0.0,,,0.0,0.0,True,False,0,0,False,False
Q8VCF0_79.0,0.0,0.0,0.0,,,0.0,0.0,True,False,0,0,False,False
Q8VCG4_188.0,0.0,0.0,0.0,,,0.0,0.0,True,False,0,0,False,False
Q8VCH5_123.0,0.0,0.0,0.0,,,0.0,0.0,True,False,0,0,False,False
Q8VCH5_307.0,0.0,0.0,0.0,,,0.0,0.0,True,False,0,0,False,False
Q8VCH5_44.0,0.0,0.0,0.0,,,0.0,0.0,True,False,0,0,False,False
Q8VCH6_499.0,0.0,0.0,0.0,,,0.0,0.0,True,False,0,0,False,False
Q8VCH7_288.0,0.0,0.0,0.0,,,0.0,0.0,True,False,0,0,False,False
Q8VCI5_128.0,0.0,0.0,0.0,,,0.0,0.0,True,False,0,0,False,False
Q8VCJ6_18.0,2.633808135986328,0.0,-31.29450310850247,0.36321746764912255,,-2.633808135986328,2.633808135986328,False,True,partial,0,False,False
Q8VCK3_392.0,0.0,0.0,0.0,,,0.0,0.0,True,False,0,0,False,False
Q8VCM3_47.0,0.0,0.0,0.0,,,0.0,0.0,True,False,0,0,False,False
Q8VCM3_88.0,0.0,0.0,0.0,,,0.0,0.0,True,False,0,0,False,False
Q8VCM5_87.0,0.0,0.0,0.0,,,0.0,0.0,True,False,0,0,False,False
Q8VCM7_160.0,0.0,0.0,0.0,,,0.0,0.0,True,False,0,0,False,False
Q8VCM7_178.0,15.24465243021647,4.918442090352376,-1.632029936462095,0.3741650363221478,,-10.326210339864094,10.326210339864094,False,True,partial,partial,False,False
Q8VCM7_364.0,0.0,0.0,0.0,,,0.0,0.0,True,False,0,0,False,False
Q8VCN9_209.0,0.0,0.0,0.0,,,0.0,0.0,True,False,0,0,False,False
Q8VCN9_214.0,0.0,0.0,0.0,,,0.0,0.0,True,False,0,0,False,False
Q8VCQ3_155.0,0.0,0.0,0.0,,,0.0,0.0,True,False,0,0,False,False
Q8VCQ3_33.0,0.0,0.0,0.0,,,0.0,0.0,True,False,0,0,False,False
Q8VCR7_138.0,0.0,0.0,0.0,,,0.0,0.0,True,False,0,0,False,False
Q8VCR7_190.0,0.0,0.0,0.0,,,0.0,0.0,True,False,0,0,False,False
Q8VCS3_389.0,0.0,0.0,0.0,,,0.0,0.0,True,False,0,0,False,False
Q8VCS6_71.0,0.0,0.0,0.0,,,0.0,0.0,True,False,0,0,False,False
Q8VCT3_151.0,0.0,0.0,0.0,,,0.0,0.0,True,False,0,0,False,False
Q8VCT3_181.0,0.0,0.0,0.0,,,0.0,0.0,True,False,0,0,False,False
Q8VCT3_254.0,0.0,0.0,0.0,,,0.0,0.0,True,False,0,0,False,False
Q8VCT3_419.0,0.0,0.0,0.0,,,0.0,0.0,True,False,0,0,False,False
Q8VCT3_85.0,0.0,0.0,0.0,,,0.0,0.0,True,False,0,0,False,False
Q8VCV1_152.0,0.0,0.0,0.0,,,0.0,0.0,True,False,0,0,False,False
Q8VCW8_194.0,0.0,0.0,0.0,,,0.0,0.0,True,False,0,0,False,False
Q8VCW8_254.0,0.0,0.0,0.0,,,0.0,0.0,True,False,0,0,False,False
Q8VCW8_467.0,9.766967932383219,14.575175285339355,0.5775305686841,0.20267736763300892,,4.808207352956137,4.808207352956137,False,True,partial,partial,False,False
Q8VCW8_503.0,0.0,0.0,0.0,,,0.0,0.0,True,False,0,0,False,False
Q8VCW8_553.0,0.0,0.0,0.0,,,0.0,0.0,True,False,0,0,False,False
Q8VCX5_465.0,0.0,0.0,0.0,,,0.0,0.0,True,False,0,0,False,False
Q8VCX6_220.0,0.0,0.0,0.0,,,0.0,0.0,True,False,0,0,False,False
Q8VCZ6_59.0,0.0,0.0,0.0,,,0.0,0.0,True,False,0,0,False,False
Q8VD04_104.0,0.0,0.0,0.0,,,0.0,0.0,True,False,0,0,False,False
Q8VD04_515.0,0.0,0.0,0.0,,,0.0,0.0,True,False,0,0,False,False
Q8VD04_709.0,0.0,0.0,0.0,,,0.0,0.0,True,False,0,0,False,False
Q8VD04_792.0,0.0,0.0,0.0,,,0.0,0.0,True,False,0,0,False,False
Q8VD26_61.0,0.0,0.0,0.0,,,0.0,0.0,True,False,0,0,False,False
Q8VD33_142.0,0.0,0.0,0.0,,,0.0,0.0,True,False,0,0,False,False
Q8VD33_67.0,0.0,0.0,0.0,,,0.0,0.0,True,False,0,0,False,False
Q8VD37_610.0,0.0,0.0,0.0,,,0.0,0.0,True,False,0,0,False,False
Q8VD37_611.0,0.0,0.0,0.0,,,0.0,0.0,True,False,0,0,False,False
Q8VD62_220.0,0.0,0.0,0.0,,,0.0,0.0,True,False,0,0,False,False
Q8VD62_246.0,0.0,0.0,0.0,,,0.0,0.0,True,False,0,0,False,False
Q8VD62_269.0,0.0,0.0,0.0,,,0.0,0.0,True,False,0,0,False,False
Q8VD63_126.0,0.0,0.0,0.0,,,0.0,0.0,True,False,0,0,False,False
Q8VD63_195.0,0.0,0.0,0.0,,,0.0,0.0,True,False,0,0,False,False
Q8VD63_75.0,0.0,0.0,0.0,,,0.0,0.0,True,False,0,0,False,False
Q8VD65_1011.0,0.0,0.0,0.0,,,0.0,0.0,True,False,0,0,False,False
Q8VD65_1180.0,0.0,0.0,0.0,,,0.0,0.0,True,False,0,0,False,False
Q8VD65_358.0,0.0,0.0,0.0,,,0.0,0.0,True,False,0,0,False,False
Q8VD65_84.0,0.0,0.0,0.0,,,0.0,0.0,True,False,0,0,False,False
Q8VD65_899.0,0.0,0.0,0.0,,,0.0,0.0,True,False,0,0,False,False
Q8VD66_38.0,0.0,0.0,0.0,,,0.0,0.0,True,False,0,0,False,False
Q8VD75_220.0,0.0,0.0,0.0,,,0.0,0.0,True,False,0,0,False,False
Q8VD75_430.0,0.0,0.0,0.0,,,0.0,0.0,True,False,0,0,False,False
Q8VD75_605.0,0.0,0.0,0.0,,,0.0,0.0,True,False,0,0,False,False
Q8VD75_63.0,0.0,0.0,0.0,,,0.0,0.0,True,False,0,0,False,False
Q8VD75_659.0,0.0,0.0,0.0,,,0.0,0.0,True,False,0,0,False,False
Q8VD75_717.0,0.0,0.0,0.0,,,0.0,0.0,True,False,0,0,False,False
Q8VD75_819.0,0.0,0.0,0.0,,,0.0,0.0,True,False,0,0,False,False
Q8VD75_898.0,0.0,0.0,0.0,,,0.0,0.0,True,False,0,0,False,False
Q8VDC0_176.0,0.0,0.0,0.0,,,0.0,0.0,True,False,0,0,False,False
Q8VDC0_625.0,0.0,0.0,0.0,,,0.0,0.0,True,False,0,0,False,False
Q8VDD5_1379.0,0.0,0.0,0.0,,,0.0,0.0,True,False,0,0,False,False
Q8VDD5_172.0,1.946076234181722,3.572817325592041,0.8764939256676103,0.6000319836988289,,1.626741091410319,1.626741091410319,False,True,partial,partial,False,False
Q8VDD5_816.0,0.0,0.0,0.0,,,0.0,0.0,True,False,0,0,False,False
Q8VDD5_896.0,0.0,0.0,0.0,,,0.0,0.0,True,False,0,0,False,False
Q8VDD5_917.0,0.0,0.0,0.0,,,0.0,0.0,True,False,0,0,False,False
Q8VDD5_931.0,0.0,0.0,0.0,,,0.0,0.0,True,False,0,0,False,False
Q8VDD5_988.0,0.0,0.0,0.0,,,0.0,0.0,True,False,0,0,False,False
Q8VDD8_145.0,0.0,0.0,0.0,,,0.0,0.0,True,False,0,0,False,False
Q8VDD9_1382.0,0.0,0.0,0.0,,,0.0,0.0,True,False,0,0,False,False
Q8VDD9_1612.0,0.0,0.0,0.0,,,0.0,0.0,True,False,0,0,False,False
Q8VDG3_128.0,0.0,0.0,0.0,,,0.0,0.0,True,False,0,0,False,False
Q8VDG3_198.0,0.0,0.0,0.0,,,0.0,0.0,True,False,0,0,False,False
Q8VDH1_66.0,0.0,0.0,0.0,,,0.0,0.0,True,False,0,0,False,False
Q8VDI7_134.0,0.0,0.0,0.0,,,0.0,0.0,True,False,0,0,False,False
Q8VDI7_19.0,0.0,0.0,0.0,,,0.0,0.0,True,False,0,0,False,False
Q8VDJ3_104.0,0.0,0.0,0.0,,,0.0,0.0,True,False,0,0,False,False
Q8VDJ3_53.0,0.0,0.0,0.0,,,0.0,0.0,True,False,0,0,False,False
Q8VDJ3_855.0,0.0,0.0,0.0,,,0.0,0.0,True,False,0,0,False,False
Q8VDK1_141.0,0.0,0.0,0.0,,,0.0,0.0,True,False,0,0,False,False
Q8VDK1_161.0,0.0,0.0,0.0,,,0.0,0.0,True,False,0,0,False,False
Q8VDK1_199.0,0.0,0.0,0.0,,,0.0,0.0,True,False,0,0,False,False
Q8VDK1_281.0,0.0,0.0,0.0,,,0.0,0.0,True,False,0,0,False,False
Q8VDK1_63.0,0.0,0.0,0.0,,,0.0,0.0,True,False,0,0,False,False
Q8VDL4_178.0,0.0,0.0,0.0,,,0.0,0.0,True,False,0,0,False,False
Q8VDL4_415.0,26.746793111165363,11.78289794921875,-1.1826715184876233,0.08819800728427216,,-14.963895161946613,14.963895161946613,False,True,partial,partial,False,False
Q8VDM4_251.0,0.0,0.0,0.0,,,0.0,0.0,True,False,0,0,False,False
Q8VDM4_448.0,0.0,0.0,0.0,,,0.0,0.0,True,False,0,0,False,False
Q8VDM4_459.0,0.0,0.0,0.0,,,0.0,0.0,True,False,0,0,False,False
Q8VDM4_598.0,0.0,0.0,0.0,,,0.0,0.0,True,False,0,0,False,False
Q8VDM4_616.0,0.0,0.0,0.0,,,0.0,0.0,True,False,0,0,False,False
Q8VDM4_779.0,0.0,0.0,0.0,,,0.0,0.0,True,False,0,0,False,False
Q8VDM6_292.0,0.0,0.0,0.0,,,0.0,0.0,True,False,0,0,False,False
Q8VDM6_378.0,0.0,0.0,0.0,,,0.0,0.0,True,False,0,0,False,False
Q8VDM6_392.0,0.0,0.0,0.0,,,0.0,0.0,True,False,0,0,False,False
Q8VDM6_422.0,0.0,0.0,0.0,,,0.0,0.0,True,False,0,0,False,False
Q8VDM6_488.0,0.0,0.0,0.0,,,0.0,0.0,True,False,0,0,False,False
Q8VDM6_533.0,0.0,0.0,0.0,,,0.0,0.0,True,False,0,0,False,False
Q8VDN2_211.0,0.0,0.0,0.0,,,0.0,0.0,True,False,0,0,False,False
Q8VDN2_249.0,2.486112356185913,0.4908539851506551,-2.340525662516577,0.2862416048789441,,-1.995258371035258,1.995258371035258,False,True,partial,partial,False,False
Q8VDN2_459.0,0.0,0.0,0.0,,,0.0,0.0,True,False,0,0,False,False
Q8VDN2_518.0,8.124678134918213,6.303065856297811,-0.36625692417158723,0.10090004550325606,,-1.8216122786204023,1.8216122786204023,False,True,partial,partial,False,False
Q8VDN2_663.0,3.08186928431193,3.5390334129333496,0.19954971054373977,0.15806706738168197,,0.4571641286214194,0.4571641286214194,False,True,partial,partial,False,False
Q8VDP2_69.0,0.0,0.0,0.0,,,0.0,0.0,True,False,0,0,False,False
Q8VDP4_238.0,0.0,0.0,0.0,,,0.0,0.0,True,False,0,0,False,False
Q8VDP4_387.0,0.0,0.0,0.0,,,0.0,0.0,True,False,0,0,False,False
Q8VDP4_514.0,0.0,0.0,0.0,,,0.0,0.0,True,False,0,0,False,False
Q8VDP4_753.0,0.0,0.0,0.0,,,0.0,0.0,True,False,0,0,False,False
Q8VDQ1_187.0,0.0,0.0,0.0,,,0.0,0.0,True,False,0,0,False,False
Q8VDQ8_148.0,0.0,0.0,0.0,,,0.0,0.0,True,False,0,0,False,False
Q8VDQ8_164.0,0.0,0.0,0.0,,,0.0,0.0,True,False,0,0,False,False
Q8VDQ8_221.0,0.0,0.0,0.0,,,0.0,0.0,True,False,0,0,False,False
Q8VDQ8_246.0,0.0,0.0,0.0,,,0.0,0.0,True,False,0,0,False,False
Q8VDQ8_81.0,0.0,0.0,0.0,,,0.0,0.0,True,False,0,0,False,False
Q8VDS4_100.0,0.0,0.0,0.0,,,0.0,0.0,True,False,0,0,False,False
Q8VDS4_151.0,48.6396369934082,51.72574043273926,0.08874993009636024,0.8776590734024379,,3.0861034393310547,3.0861034393310547,False,True,partial,partial,False,False
Q8VDS4_220.0,0.0,0.0,0.0,,,0.0,0.0,True,False,0,0,False,False
Q8VDS8_107.0,0.0,0.0,0.0,,,0.0,0.0,True,False,0,0,False,False
Q8VDT9_53.0,0.0,0.0,0.0,,,0.0,0.0,True,False,0,0,False,False
Q8VDU5_624.0,0.0,0.0,0.0,,,0.0,0.0,True,False,0,0,False,False
Q8VDZ4_245.0,0.0,0.0,0.0,,,0.0,0.0,True,False,0,0,False,False
Q8VE09_169.0,0.0,0.0,0.0,,,0.0,0.0,True,False,0,0,False,False
Q8VE09_472.0,0.0,0.0,0.0,,,0.0,0.0,True,False,0,0,False,False
Q8VE09_84.0,0.0,0.0,0.0,,,0.0,0.0,True,False,0,0,False,False
Q8VE09_94.0,0.0,0.0,0.0,,,0.0,0.0,True,False,0,0,False,False
Q8VE11_156.0,0.0,0.0,0.0,,,0.0,0.0,True,False,0,0,False,False
Q8VE11_192.0,0.0,0.0,0.0,,,0.0,0.0,True,False,0,0,False,False
Q8VE11_201.0,0.0,0.0,0.0,,,0.0,0.0,True,False,0,0,False,False
Q8VE11_383.0,0.0,0.0,0.0,,,0.0,0.0,True,False,0,0,False,False
Q8VE11_592.0,0.0,0.0,0.0,,,0.0,0.0,True,False,0,0,False,False
Q8VE11_88.0,0.0,0.0,0.0,,,0.0,0.0,True,False,0,0,False,False
Q8VE19_21.0,0.0,0.0,0.0,,,0.0,0.0,True,False,0,0,False,False
Q8VE19_276.0,0.0,0.0,0.0,,,0.0,0.0,True,False,0,0,False,False
Q8VE19_321.0,0.0,0.0,0.0,,,0.0,0.0,True,False,0,0,False,False
Q8VE19_377.0,0.0,0.0,0.0,,,0.0,0.0,True,False,0,0,False,False
Q8VE19_748.0,0.0,0.0,0.0,,,0.0,0.0,True,False,0,0,False,False
Q8VE33_164.0,0.0,0.0,0.0,,,0.0,0.0,True,False,0,0,False,False
Q8VE33_75.0,0.0,0.0,0.0,,,0.0,0.0,True,False,0,0,False,False
Q8VE38_68.0,0.0,0.0,0.0,,,0.0,0.0,True,False,0,0,False,False
Q8VE62_167.0,0.0,0.0,0.0,,,0.0,0.0,True,False,0,0,False,False
Q8VE62_279.0,0.0,0.0,0.0,,,0.0,0.0,True,False,0,0,False,False
Q8VE62_391.0,0.0,0.0,0.0,,,0.0,0.0,True,False,0,0,False,False
Q8VE80_106.0,0.0,0.0,0.0,,,0.0,0.0,True,False,0,0,False,False
Q8VE85_32.0,0.0,0.0,0.0,,,0.0,0.0,True,False,0,0,False,False
Q8VE88_384.0,0.0,0.0,0.0,,,0.0,0.0,True,False,0,0,False,False
Q8VE88_421.0,0.0,0.0,0.0,,,0.0,0.0,True,False,0,0,False,False
Q8VE88_434.0,0.0,0.0,0.0,,,0.0,0.0,True,False,0,0,False,False
Q8VE88_490.0,0.0,0.0,0.0,,,0.0,0.0,True,False,0,0,False,False
Q8VE95_100.0,0.0,0.0,0.0,,,0.0,0.0,True,False,0,0,False,False
Q8VE95_109.0,0.0,0.0,0.0,,,0.0,0.0,True,False,0,0,False,False
Q8VE95_132.0,0.0,0.0,0.0,,,0.0,0.0,True,False,0,0,False,False
Q8VEA4_74.0,0.0,0.0,0.0,,,0.0,0.0,True,False,0,0,False,False
Q8VEA4_87.0,0.0,0.0,0.0,,,0.0,0.0,True,False,0,0,False,False
Q8VEA4_97.0,0.0,0.0,0.0,,,0.0,0.0,True,False,0,0,False,False
Q8VEB3_156.0,0.0,0.0,0.0,,,0.0,0.0,True,False,0,0,False,False
Q8VEB6_248.0,0.0,0.0,0.0,,,0.0,0.0,True,False,0,0,False,False
Q8VED9_101.0,0.0,0.0,0.0,,,0.0,0.0,True,False,0,0,False,False
Q8VED9_130.0,2.270038684209188,0.9600701729456583,-1.2415051186199886,0.09138159800624028,,-1.3099685112635298,1.3099685112635298,False,True,partial,partial,False,False
Q8VED9_41.0,0.0,0.0,0.0,,,0.0,0.0,True,False,0,0,False,False
Q8VEE0_186.0,0.0,0.0,0.0,,,0.0,0.0,True,False,0,0,False,False
Q8VEE4_332.0,0.0,0.0,0.0,,,0.0,0.0,True,False,0,0,False,False
Q8VEF1_578.0,0.0,0.0,0.0,,,0.0,0.0,True,False,0,0,False,False
Q8VEH3_158.0,0.0,0.0,0.0,,,0.0,0.0,True,False,0,0,False,False
Q8VEH3_159.0,0.0,0.0,0.0,,,0.0,0.0,True,False,0,0,False,False
Q8VEH5_106.0,0.0,0.0,0.0,,,0.0,0.0,True,False,0,0,False,False
Q8VEH5_125.0,0.0,0.0,0.0,,,0.0,0.0,True,False,0,0,False,False
Q8VEH5_414.0,0.0,0.0,0.0,,,0.0,0.0,True,False,0,0,False,False
Q8VEH5_558.0,0.0,0.0,0.0,,,0.0,0.0,True,False,0,0,False,False
Q8VEH8_261.0,0.0,0.0,0.0,,,0.0,0.0,True,False,0,0,False,False
Q8VEJ9_403.0,0.0,0.0,0.0,,,0.0,0.0,True,False,0,0,False,False
Q8VEK3_365.0,0.0,0.0,0.0,,,0.0,0.0,True,False,0,0,False,False
Q8VEK3_449.0,0.0,0.0,0.0,,,0.0,0.0,True,False,0,0,False,False
Q8VEK3_473.0,2.79367196559906,1.169413685798645,-1.25637724740641,0.20556022757933937,,-1.624258279800415,1.624258279800415,False,True,partial,partial,False,False
Q8VEK3_538.0,0.0,0.0,0.0,,,0.0,0.0,True,False,0,0,False,False
Q8VEK3_570.0,0.0,0.0,0.0,,,0.0,0.0,True,False,0,0,False,False
Q8VEK3_583.0,0.0,0.0,0.0,,,0.0,0.0,True,False,0,0,False,False
Q8VEL9_254.0,0.0,0.0,0.0,,,0.0,0.0,True,False,0,0,False,False
Q8VEL9_335.0,0.0,0.0,0.0,,,0.0,0.0,True,False,0,0,False,False
Q8VEM1_89.0,0.0,0.0,0.0,,,0.0,0.0,True,False,0,0,False,False
Q8VEM8_131.0,0.0,0.0,0.0,,,0.0,0.0,True,False,0,0,False,False
Q8VH51_157.0,0.0,0.0,0.0,,,0.0,0.0,True,False,0,0,False,False
Q8VH51_303.0,0.0,0.0,0.0,,,0.0,0.0,True,False,0,0,False,False
Q8VH51_478.0,0.0,0.0,0.0,,,0.0,0.0,True,False,0,0,False,False
Q8VHE0_295.0,0.0,0.0,0.0,,,0.0,0.0,True,False,0,0,False,False
Q8VHE0_366.0,0.0,0.0,0.0,,,0.0,0.0,True,False,0,0,False,False
Q8VHE0_671.0,0.0,0.0,0.0,,,0.0,0.0,True,False,0,0,False,False
Q8VHG2_255.0,0.0,0.0,0.0,,,0.0,0.0,True,False,0,0,False,False
Q8VHG2_596.0,0.0,0.0,0.0,,,0.0,0.0,True,False,0,0,False,False
Q8VHH5_298.0,0.0,0.0,0.0,,,0.0,0.0,True,False,0,0,False,False
Q8VHI3_412.0,0.0,0.0,0.0,,,0.0,0.0,True,False,0,0,False,False
Q8VHJ5_387.0,0.0,0.0,0.0,,,0.0,0.0,True,False,0,0,False,False
Q8VHJ5_507.0,0.0,0.0,0.0,,,0.0,0.0,True,False,0,0,False,False
Q8VHJ5_730.0,0.0,0.0,0.0,,,0.0,0.0,True,False,0,0,False,False
Q8VHJ5_760.0,0.0,0.0,0.0,,,0.0,0.0,True,False,0,0,False,False
Q8VHK5_177.0,0.0,0.0,0.0,,,0.0,0.0,True,False,0,0,False,False
Q8VHK5_350.0,0.0,0.0,0.0,,,0.0,0.0,True,False,0,0,False,False
Q8VHK9_227.0,0.0,0.0,0.0,,,0.0,0.0,True,False,0,0,False,False
Q8VHK9_254.0,0.0,0.0,0.0,,,0.0,0.0,True,False,0,0,False,False
Q8VHL0_20.0,0.0,0.0,0.0,,,0.0,0.0,True,False,0,0,False,False
Q8VHL1_119.0,0.0,0.0,0.0,,,0.0,0.0,True,False,0,0,False,False
Q8VHL1_200.0,0.0,0.0,0.0,,,0.0,0.0,True,False,0,0,False,False
Q8VHL1_288.0,0.0,0.0,0.0,,,0.0,0.0,True,False,0,0,False,False
Q8VHL1_303.0,0.0,0.0,0.0,,,0.0,0.0,True,False,0,0,False,False
Q8VHM5_226.0,0.0,0.0,0.0,,,0.0,0.0,True,False,0,0,False,False
Q8VHM5_292.0,0.0,0.0,0.0,,,0.0,0.0,True,False,0,0,False,False
Q8VHM5_99.0,0.0,0.0,0.0,,,0.0,0.0,True,False,0,0,False,False
Q8VHP7_345.0,0.0,0.0,0.0,,,0.0,0.0,True,False,0,0,False,False
Q8VHQ3_144.0,0.0,0.0,0.0,,,0.0,0.0,True,False,0,0,False,False
Q8VHQ9_200.0,0.0,0.0,0.0,,,0.0,0.0,True,False,0,0,False,False
Q8VHQ9_259.0,11.387665430704752,14.423303604125977,0.34092963386755826,0.6917964649370021,,3.0356381734212246,3.0356381734212246,False,True,partial,partial,False,False
Q8VHQ9_498.0,0.0,0.0,0.0,,,0.0,0.0,True,False,0,0,False,False
Q8VHQ9_529.0,0.0,0.0,0.0,,,0.0,0.0,True,False,0,0,False,False
Q8VHQ9_576.0,0.0,0.0,0.0,,,0.0,0.0,True,False,0,0,False,False
Q8VHQ9_58.0,0.0,0.0,0.0,,,0.0,0.0,True,False,0,0,False,False
Q8VHQ9_80.0,0.0,0.0,0.0,,,0.0,0.0,True,False,0,0,False,False
Q8VHR5_309.0,0.0,0.0,0.0,,,0.0,0.0,True,False,0,0,False,False
Q8VHR5_421.0,0.0,0.0,0.0,,,0.0,0.0,True,False,0,0,False,False
Q8VHR5_442.0,0.0,0.0,0.0,,,0.0,0.0,True,False,0,0,False,False
Q8VHW2_90.0,0.0,0.0,0.0,,,0.0,0.0,True,False,0,0,False,False
Q8VHW4_224.0,0.0,0.0,0.0,,,0.0,0.0,True,False,0,0,False,False
Q8VHX6_1349.0,0.0,0.0,0.0,,,0.0,0.0,True,False,0,0,False,False
Q8VHY0_1598.0,0.0,0.0,0.0,,,0.0,0.0,True,False,0,0,False,False
Q8VHY0_534.0,0.0,0.0,0.0,,,0.0,0.0,True,False,0,0,False,False
Q8VHY0_619.0,51.59433650970459,26.972665786743164,-0.9357145958866327,0.28198695025477216,,-24.621670722961426,24.621670722961426,False,True,partial,partial,False,False
Q8VI63_105.0,0.0,0.0,0.0,,,0.0,0.0,True,False,0,0,False,False
Q8VI75_350.0,13.335203170776367,25.29692808787028,0.9237223975078765,0.34379658871470864,,11.961724917093914,11.961724917093914,False,True,partial,partial,False,False
Q8VI75_459.0,0.0,0.0,0.0,,,0.0,0.0,True,False,0,0,False,False
Q8VI75_709.0,0.0,0.0,0.0,,,0.0,0.0,True,False,0,0,False,False
Q8VI75_784.0,0.0,0.0,0.0,,,0.0,0.0,True,False,0,0,False,False
Q8VI75_799.0,0.0,0.0,0.0,,,0.0,0.0,True,False,0,0,False,False
Q8VI75_871.0,0.0,0.0,0.0,,,0.0,0.0,True,False,0,0,False,False
Q8VI75_933.0,0.0,0.0,0.0,,,0.0,0.0,True,False,0,0,False,False
Q8VI75_963.0,0.0,0.0,0.0,,,0.0,0.0,True,False,0,0,False,False
Q8VIJ6_423.0,0.0,0.0,0.0,,,0.0,0.0,True,False,0,0,False,False
Q8VIJ8_278.0,0.0,0.0,0.0,,,0.0,0.0,True,False,0,0,False,False
Q8VIM9_28.0,0.0,0.0,0.0,,,0.0,0.0,True,False,0,0,False,False
Q8VIM9_370.0,0.0,0.0,0.0,,,0.0,0.0,True,False,0,0,False,False
Q8WTY4_235.0,0.0,0.0,0.0,,,0.0,0.0,True,False,0,0,False,False
Q8WTY4_247.0,0.0,0.0,0.0,,,0.0,0.0,True,False,0,0,False,False
Q8WTY4_271.0,0.0,0.0,0.0,,,0.0,0.0,True,False,0,0,False,False
Q8WUR0_13.0,0.0,0.0,0.0,,,0.0,0.0,True,False,0,0,False,False
Q91UZ1_1047.0,0.0,0.0,0.0,,,0.0,0.0,True,False,0,0,False,False
Q91UZ1_146.0,0.0,0.0,0.0,,,0.0,0.0,True,False,0,0,False,False
Q91UZ1_293.0,0.0,0.0,0.0,,,0.0,0.0,True,False,0,0,False,False
Q91UZ1_356.0,0.0,0.0,0.0,,,0.0,0.0,True,False,0,0,False,False
Q91UZ1_380.0,0.0,0.0,0.0,,,0.0,0.0,True,False,0,0,False,False
Q91UZ1_412.0,0.0,0.0,0.0,,,0.0,0.0,True,False,0,0,False,False
Q91UZ1_424.0,0.0,0.0,0.0,,,0.0,0.0,True,False,0,0,False,False
Q91UZ1_62.0,0.0,0.0,0.0,,,0.0,0.0,True,False,0,0,False,False
Q91UZ1_958.0,0.0,0.0,0.0,,,0.0,0.0,True,False,0,0,False,False
Q91UZ1_991.0,0.0,0.0,0.0,,,0.0,0.0,True,False,0,0,False,False
Q91V09_377.0,0.0,0.0,0.0,,,0.0,0.0,True,False,0,0,False,False
Q91V09_413.0,0.0,0.0,0.0,,,0.0,0.0,True,False,0,0,False,False
Q91V12_101.0,0.0,0.0,0.0,,,0.0,0.0,True,False,0,0,False,False
Q91V12_118.0,0.0,0.0,0.0,,,0.0,0.0,True,False,0,0,False,False
Q91V12_289.0,0.0,0.0,0.0,,,0.0,0.0,True,False,0,0,False,False
Q91V14_325.0,10.42750851313273,6.5551064014434814,-0.6697033866320589,0.0017488608350799452,,-3.872402111689249,3.872402111689249,False,True,partial,partial,False,False
Q91V14_345.0,0.0,0.0,0.0,,,0.0,0.0,True,False,0,0,False,False
Q91V14_765.0,0.0,0.0,0.0,,,0.0,0.0,True,False,0,0,False,False
Q91V36_284.0,0.0,0.0,0.0,,,0.0,0.0,True,False,0,0,False,False
Q91V36_32.0,0.0,0.0,0.0,,,0.0,0.0,True,False,0,0,False,False
Q91V36_425.0,0.0,0.0,0.0,,,0.0,0.0,True,False,0,0,False,False
Q91V41_26.0,0.0,0.0,0.0,,,0.0,0.0,True,False,0,0,False,False
Q91V41_40.0,0.0,0.0,0.0,,,0.0,0.0,True,False,0,0,False,False
Q91V57_268.0,0.0,0.0,0.0,,,0.0,0.0,True,False,0,0,False,False
Q91V76_140.0,0.0,0.0,0.0,,,0.0,0.0,True,False,0,0,False,False
Q91V76_154.0,0.0,0.0,0.0,,,0.0,0.0,True,False,0,0,False,False
Q91V76_187.0,0.0,0.0,0.0,,,0.0,0.0,True,False,0,0,False,False
Q91V76_226.0,10.046104907989502,6.213672955830892,-0.6931180304554362,0.4145047405407323,,-3.8324319521586103,3.8324319521586103,False,True,partial,partial,False,False
Q91V76_249.0,1.9253257115681965,1.3484152952829997,-0.5138376327737896,0.6488710446826167,,-0.5769104162851968,0.5769104162851968,False,True,partial,partial,False,False
Q91V76_54.0,0.0,0.0,0.0,,,0.0,0.0,True,False,0,0,False,False
Q91V92_1030.0,0.0,0.0,0.0,,,0.0,0.0,True,False,0,0,False,False
Q91V92_20.0,2.989464044570923,3.1942991813023887,0.09561258417123784,0.889079130231106,,0.2048351367314658,0.2048351367314658,False,True,partial,partial,False,False
Q91V92_229.0,0.0,0.0,0.0,,,0.0,0.0,True,False,0,0,False,False
Q91V92_509.0,0.0,0.0,0.0,,,0.0,0.0,True,False,0,0,False,False
Q91V92_623.0,0.0,0.0,0.0,,,0.0,0.0,True,False,0,0,False,False
Q91V92_835.0,0.0,0.0,0.0,,,0.0,0.0,True,False,0,0,False,False
Q91V93_62.0,0.0,0.0,0.0,,,0.0,0.0,True,False,0,0,False,False
Q91VB2_435.0,0.0,0.0,0.0,,,0.0,0.0,True,False,0,0,False,False
Q91VC7_100.0,0.0,0.0,0.0,,,0.0,0.0,True,False,0,0,False,False
Q91VC7_59.0,0.0,0.0,0.0,,,0.0,0.0,True,False,0,0,False,False
Q91VD9_226.0,0.0,0.0,0.0,,,0.0,0.0,True,False,0,0,False,False
Q91VD9_367.0,0.0,0.0,0.0,,,0.0,0.0,True,False,0,0,False,False
Q91VD9_463.0,0.0,0.0,0.0,,,0.0,0.0,True,False,0,0,False,False
Q91VD9_554.0,0.0,0.0,0.0,,,0.0,0.0,True,False,0,0,False,False
Q91VD9_564.0,0.0,0.0,0.0,,,0.0,0.0,True,False,0,0,False,False
Q91VD9_727.0,0.0,0.0,0.0,,,0.0,0.0,True,False,0,0,False,False
Q91VD9_75.0,4.637667218844096,4.153953750928243,-0.1589141477465967,0.4192639600395104,,-0.48371346791585346,0.48371346791585346,False,True,partial,partial,False,False
Q91VD9_78.0,4.646260897318522,3.365856488545736,-0.4650965014857593,0.03947831203152266,,-1.2804044087727866,1.2804044087727866,False,True,partial,partial,False,False
Q91VD9_92.0,3.3701133728027344,3.4861590464909873,0.04884126455249366,0.8056644450294294,,0.11604567368825291,0.11604567368825291,False,True,partial,partial,False,False
Q91VE0_168.0,0.0,0.0,0.0,,,0.0,0.0,True,False,0,0,False,False
Q91VE0_323.0,0.0,0.0,0.0,,,0.0,0.0,True,False,0,0,False,False
Q91VE0_403.0,0.0,0.0,0.0,,,0.0,0.0,True,False,0,0,False,False
Q91VE0_560.0,0.0,0.0,0.0,,,0.0,0.0,True,False,0,0,False,False
Q91VE0_624.0,0.0,0.0,0.0,,,0.0,0.0,True,False,0,0,False,False
Q91VF2_31.0,0.0,0.0,0.0,,,0.0,0.0,True,False,0,0,False,False
Q91VF2_82.0,28.52789370218913,29.387348810831707,0.04282197920081165,0.963570928921793,,0.8594551086425781,0.8594551086425781,False,True,partial,partial,False,False
Q91VH2_502.0,0.0,0.0,0.0,,,0.0,0.0,True,False,0,0,False,False
Q91VH6_191.0,0.0,0.0,0.0,,,0.0,0.0,True,False,0,0,False,False
Q91VI7_129.0,0.0,0.0,0.0,,,0.0,0.0,True,False,0,0,False,False
Q91VI7_147.0,0.0,0.0,0.0,,,0.0,0.0,True,False,0,0,False,False
Q91VI7_194.0,0.0,0.0,0.0,,,0.0,0.0,True,False,0,0,False,False
Q91VI7_204.0,0.0,0.0,0.0,,,0.0,0.0,True,False,0,0,False,False
Q91VI7_211.0,0.0,0.0,0.0,,,0.0,0.0,True,False,0,0,False,False
Q91VI7_215.0,0.0,0.0,0.0,,,0.0,0.0,True,False,0,0,False,False
Q91VI7_33.0,0.0,0.0,0.0,,,0.0,0.0,True,False,0,0,False,False
Q91VI7_357.0,0.0,0.0,0.0,,,0.0,0.0,True,False,0,0,False,False
Q91VI7_375.0,0.0,0.0,0.0,,,0.0,0.0,True,False,0,0,False,False
Q91VI7_40.0,0.0,0.0,0.0,,,0.0,0.0,True,False,0,0,False,False
Q91VI7_80.0,0.0,0.0,0.0,,,0.0,0.0,True,False,0,0,False,False
Q91VI7_90.0,0.0,0.0,0.0,,,0.0,0.0,True,False,0,0,False,False
Q91VM3_148.0,0.0,0.0,0.0,,,0.0,0.0,True,False,0,0,False,False
Q91VM3_343.0,0.0,0.0,0.0,,,0.0,0.0,True,False,0,0,False,False
Q91VM9_156.0,0.0,0.0,0.0,,,0.0,0.0,True,False,0,0,False,False
Q91VM9_67.0,0.0,0.0,0.0,,,0.0,0.0,True,False,0,0,False,False
Q91VN4_235.0,2.894660552342733,1.9944876929124196,-0.5373759564095711,0.01567136333507726,,-0.9001728594303133,0.9001728594303133,False,True,partial,partial,False,False
Q91VN4_256.0,0.0,0.0,0.0,,,0.0,0.0,True,False,0,0,False,False
Q91VN4_266.0,10.546937147776285,7.463205178578694,-0.49895684371196936,0.05748292689934436,,-3.083731969197591,3.083731969197591,False,True,partial,partial,False,False
Q91VN4_98.0,0.0,0.0,0.0,,,0.0,0.0,True,False,0,0,False,False
Q91VR2_103.0,3.485253612200419,1.2164248526096344,-1.5186164427549025,0.005546294005989961,,-2.2688287595907846,2.2688287595907846,False,True,partial,partial,False,False
Q91VR5_110.0,0.0,0.0,0.0,,,0.0,0.0,True,False,0,0,False,False
Q91VR5_111.0,0.0,0.0,0.0,,,0.0,0.0,True,False,0,0,False,False
Q91VR5_139.0,0.0,0.0,0.0,,,0.0,0.0,True,False,0,0,False,False
Q91VR5_231.0,0.0,0.0,0.0,,,0.0,0.0,True,False,0,0,False,False
Q91VR5_396.0,0.0,0.0,0.0,,,0.0,0.0,True,False,0,0,False,False
Q91VR5_513.0,0.0,0.0,0.0,,,0.0,0.0,True,False,0,0,False,False
Q91VR5_519.0,0.0,0.0,0.0,,,0.0,0.0,True,False,0,0,False,False
Q91VR5_542.0,0.0,0.0,0.0,,,0.0,0.0,True,False,0,0,False,False
Q91VR5_571.0,0.0,0.0,0.0,,,0.0,0.0,True,False,0,0,False,False
Q91VR5_631.0,0.0,0.0,0.0,,,0.0,0.0,True,False,0,0,False,False
Q91VR8_43.0,0.0,0.0,0.0,,,0.0,0.0,True,False,0,0,False,False
Q91VS7_50.0,0.0,0.0,0.0,,,0.0,0.0,True,False,0,0,False,False
Q91VT4_115.0,0.0,0.0,0.0,,,0.0,0.0,True,False,0,0,False,False
Q91VT4_5.0,0.0,0.0,0.0,,,0.0,0.0,True,False,0,0,False,False
Q91VU0_185.0,0.0,0.0,0.0,,,0.0,0.0,True,False,0,0,False,False
Q91VU0_86.0,1.4999394416809082,2.0206990242004395,0.42995019851689936,0.8405565586615842,,0.5207595825195312,0.5207595825195312,False,True,partial,partial,False,False
Q91VU6_460.0,0.0,0.0,0.0,,,0.0,0.0,True,False,0,0,False,False
Q91VW5_1744.0,0.0,0.0,0.0,,,0.0,0.0,True,False,0,0,False,False
Q91VZ6_33.0,0.0,0.0,0.0,,,0.0,0.0,True,False,0,0,False,False
Q91VZ6_85.0,0.0,0.0,0.0,,,0.0,0.0,True,False,0,0,False,False
Q91W18_69.0,0.0,0.0,0.0,,,0.0,0.0,True,False,0,0,False,False
Q91W29_41.0,0.0,0.0,0.0,,,0.0,0.0,True,False,0,0,False,False
Q91W34_12.0,0.0,0.0,0.0,,,0.0,0.0,True,False,0,0,False,False
Q91W39_200.0,0.0,0.0,0.0,,,0.0,0.0,True,False,0,0,False,False
Q91W43_117.0,0.0,0.0,0.0,,,0.0,0.0,True,False,0,0,False,False
Q91W43_230.0,0.0,0.0,0.0,,,0.0,0.0,True,False,0,0,False,False
Q91W43_265.0,0.0,0.0,0.0,,,0.0,0.0,True,False,0,0,False,False
Q91W43_563.0,0.0,0.0,0.0,,,0.0,0.0,True,False,0,0,False,False
Q91W43_608.0,0.0,0.0,0.0,,,0.0,0.0,True,False,0,0,False,False
Q91W43_649.0,0.0,0.0,0.0,,,0.0,0.0,True,False,0,0,False,False
Q91W50_106.0,0.0,0.0,0.0,,,0.0,0.0,True,False,0,0,False,False
Q91W50_129.0,0.0,0.0,0.0,,,0.0,0.0,True,False,0,0,False,False
Q91W50_42.0,0.0,0.0,0.0,,,0.0,0.0,True,False,0,0,False,False
Q91W50_464.0,0.0,0.0,0.0,,,0.0,0.0,True,False,0,0,False,False
Q91W50_506.0,0.0,0.0,0.0,,,0.0,0.0,True,False,0,0,False,False
Q91W50_53.0,0.0,0.0,0.0,,,0.0,0.0,True,False,0,0,False,False
Q91W50_680.0,0.0,0.0,0.0,,,0.0,0.0,True,False,0,0,False,False
Q91W59_221.0,0.0,0.0,0.0,,,0.0,0.0,True,False,0,0,False,False
Q91W61_139.0,0.0,0.0,0.0,,,0.0,0.0,True,False,0,0,False,False
Q91W61_150.0,0.0,0.0,0.0,,,0.0,0.0,True,False,0,0,False,False
Q91W61_218.0,0.0,0.0,0.0,,,0.0,0.0,True,False,0,0,False,False
Q91W61_244.0,0.0,0.0,0.0,,,0.0,0.0,True,False,0,0,False,False
Q91W86_231.0,0.0,0.0,0.0,,,0.0,0.0,True,False,0,0,False,False
Q91W86_317.0,0.0,0.0,0.0,,,0.0,0.0,True,False,0,0,False,False
Q91W86_44.0,0.0,0.0,0.0,,,0.0,0.0,True,False,0,0,False,False
Q91W86_460.0,0.0,0.0,0.0,,,0.0,0.0,True,False,0,0,False,False
Q91W86_568.0,0.0,0.0,0.0,,,0.0,0.0,True,False,0,0,False,False
Q91W86_660.0,0.0,0.0,0.0,,,0.0,0.0,True,False,0,0,False,False
Q91W86_890.0,0.0,0.0,0.0,,,0.0,0.0,True,False,0,0,False,False
Q91W89_29.0,0.0,0.0,0.0,,,0.0,0.0,True,False,0,0,False,False
Q91W89_321.0,0.0,0.0,0.0,,,0.0,0.0,True,False,0,0,False,False
Q91W89_614.0,0.0,0.0,0.0,,,0.0,0.0,True,False,0,0,False,False
Q91W89_792.0,0.0,0.0,0.0,,,0.0,0.0,True,False,0,0,False,False
Q91W90_107.0,16.60180679957072,0.0,-33.95062120974549,0.01009312232476653,,-16.60180679957072,16.60180679957072,False,True,partial,0,False,False
Q91W90_366.0,0.0,0.0,0.0,,,0.0,0.0,True,False,0,0,False,False
Q91W96_536.0,0.0,0.0,0.0,,,0.0,0.0,True,False,0,0,False,False
Q91W96_553.0,0.0,0.0,0.0,,,0.0,0.0,True,False,0,0,False,False
Q91W98_126.0,0.0,0.0,0.0,,,0.0,0.0,True,False,0,0,False,False
Q91WB4_158.0,0.0,0.0,0.0,,,0.0,0.0,True,False,0,0,False,False
Q91WC0_36.0,0.0,0.0,0.0,,,0.0,0.0,True,False,0,0,False,False
Q91WC0_389.0,0.0,2.311875343322754,31.10641646420558,0.36321746764912255,,2.311875343322754,2.311875343322754,False,True,0,partial,False,False
Q91WC3_108.0,0.0,0.0,0.0,,,0.0,0.0,True,False,0,0,False,False
Q91WC3_142.0,0.0,0.0,0.0,,,0.0,0.0,True,False,0,0,False,False
Q91WC3_254.0,0.0,0.0,0.0,,,0.0,0.0,True,False,0,0,False,False
Q91WC3_274.0,41.76797294616699,33.80757109324137,-0.3050507598804057,0.39089801343725417,,-7.960401852925621,7.960401852925621,False,True,partial,partial,False,False
Q91WC3_336.0,0.0,0.0,0.0,,,0.0,0.0,True,False,0,0,False,False
Q91WC3_502.0,1.3862824042638142,0.5843102137247721,-1.2464147693769492,0.24697015814593043,,-0.8019721905390421,0.8019721905390421,False,True,partial,partial,False,False
Q91WC3_509.0,0.0,0.0,0.0,,,0.0,0.0,True,False,0,0,False,False
Q91WC3_55.0,1.6044624249140422,1.5293272733688354,-0.06919282937384022,0.8864802293555798,,-0.07513515154520678,0.07513515154520678,False,True,partial,partial,False,False
Q91WC3_625.0,0.0,0.0,0.0,,,0.0,0.0,True,False,0,0,False,False
Q91WC3_78.0,4.5919764041900635,2.8992594480514526,-0.6634307859467141,0.14321001886801493,,-1.6927169561386108,1.6927169561386108,False,True,partial,partial,False,False
Q91WC9_168.0,0.0,0.0,0.0,,,0.0,0.0,True,False,0,0,False,False
Q91WC9_574.0,0.0,0.0,0.0,,,0.0,0.0,True,False,0,0,False,False
Q91WD5_146.0,0.0,0.0,0.0,,,0.0,0.0,True,False,0,0,False,False
Q91WD5_347.0,0.5746012528737386,0.7630831797917684,0.4092791872544852,0.7636014104753449,,0.18848192691802979,0.18848192691802979,False,True,partial,partial,False,False
Q91WD9_269.0,0.0,0.0,0.0,,,0.0,0.0,True,False,0,0,False,False
Q91WE2_44.0,0.0,0.0,0.0,,,0.0,0.0,True,False,0,0,False,False
Q91WG4_204.0,0.0,0.0,0.0,,,0.0,0.0,True,False,0,0,False,False
Q91WG4_227.0,0.0,0.0,0.0,,,0.0,0.0,True,False,0,0,False,False
Q91WG4_586.0,0.0,0.0,0.0,,,0.0,0.0,True,False,0,0,False,False
Q91WG4_699.0,0.0,0.0,0.0,,,0.0,0.0,True,False,0,0,False,False
Q91WG7_117.0,0.0,0.0,0.0,,,0.0,0.0,True,False,0,0,False,False
Q91WG7_163.0,0.0,0.0,0.0,,,0.0,0.0,True,False,0,0,False,False
Q91WG7_396.0,5.815402984619141,0.0,-32.43723202250503,0.36321746764912255,,-5.815402984619141,5.815402984619141,False,True,partial,0,False,False
Q91WG7_755.0,0.0,0.0,0.0,,,0.0,0.0,True,False,0,0,False,False
Q91WG8_520.0,0.0,0.0,0.0,,,0.0,0.0,True,False,0,0,False,False
Q91WJ7_418.0,0.0,0.0,0.0,,,0.0,0.0,True,False,0,0,False,False
Q91WJ8_128.0,0.0,0.0,0.0,,,0.0,0.0,True,False,0,0,False,False
Q91WJ8_144.0,1.0018165111541748,0.9159605900446574,-0.12926086250454807,0.9233231025746046,,-0.08585592110951745,0.08585592110951745,False,True,partial,partial,False,False
Q91WJ8_328.0,0.0,0.0,0.0,,,0.0,0.0,True,False,0,0,False,False
Q91WK0_194.0,0.0,0.0,0.0,,,0.0,0.0,True,False,0,0,False,False
Q91WK1_114.0,0.0,0.0,0.0,,,0.0,0.0,True,False,0,0,False,False
Q91WK5_135.0,2.1426233450571694,4.177093982696533,0.963121344716283,0.32377536909627247,,2.0344706376393638,2.0344706376393638,False,True,partial,partial,False,False
Q91WL8_299.0,0.0,22.062018076578777,34.36084571339089,0.08480226931272979,,22.062018076578777,22.062018076578777,False,True,0,partial,False,False
Q91WM1_142.0,0.0,0.0,0.0,,,0.0,0.0,True,False,0,0,False,False
Q91WM1_218.0,3.7409051259358725,4.298051834106445,0.20029550379901434,0.924076267291746,,0.5571467081705728,0.5571467081705728,False,True,partial,partial,False,False
Q91WM1_254.0,0.0,0.0,0.0,,,0.0,0.0,True,False,0,0,False,False
Q91WM1_83.0,0.0,0.0,0.0,,,0.0,0.0,True,False,0,0,False,False
Q91WQ3_250.0,0.0,0.0,0.0,,,0.0,0.0,True,False,0,0,False,False
Q91WQ3_442.0,0.0,0.0,0.0,,,0.0,0.0,True,False,0,0,False,False
Q91WQ3_501.0,0.0,0.0,0.0,,,0.0,0.0,True,False,0,0,False,False
Q91WQ3_519.0,0.0,0.0,0.0,,,0.0,0.0,True,False,0,0,False,False
Q91WS0_72.0,0.0,0.0,0.0,,,0.0,0.0,True,False,0,0,False,False
Q91WS0_83.0,4.184406598409017,2.6310128768285117,-0.6694047353108926,0.32089074430394643,,-1.553393721580505,1.553393721580505,False,True,partial,partial,False,False
Q91WT9_241.0,0.0,0.0,0.0,,,0.0,0.0,True,False,0,0,False,False
Q91WT9_476.0,0.0,0.0,0.0,,,0.0,0.0,True,False,0,0,False,False
Q91WT9_8.0,0.0,0.0,0.0,,,0.0,0.0,True,False,0,0,False,False
Q91WU5_227.0,0.0,0.0,0.0,,,0.0,0.0,True,False,0,0,False,False
Q91WU5_251.0,0.0,0.0,0.0,,,0.0,0.0,True,False,0,0,False,False
Q91WU5_33.0,0.0,0.0,0.0,,,0.0,0.0,True,False,0,0,False,False
Q91WU5_62.0,0.0,0.0,0.0,,,0.0,0.0,True,False,0,0,False,False
Q91WU5_86.0,0.0,0.0,0.0,,,0.0,0.0,True,False,0,0,False,False
Q91WV0_94.0,0.0,0.0,0.0,,,0.0,0.0,True,False,0,0,False,False
Q91X20_357.0,0.0,0.0,0.0,,,0.0,0.0,True,False,0,0,False,False
Q91X51_172.0,0.0,0.0,0.0,,,0.0,0.0,True,False,0,0,False,False
Q91X58_57.0,0.0,0.0,0.0,,,0.0,0.0,True,False,0,0,False,False
Q91X72_148.0,39.445472399393715,40.03693453470866,0.02147180170626996,0.9388613668712622,,0.5914621353149414,0.5914621353149414,False,True,partial,partial,False,False
Q91X72_153.0,21.853429317474365,14.834093570709229,-0.5589429158629529,0.41033108666572293,,-7.019335746765137,7.019335746765137,False,True,partial,partial,False,False
Q91X72_199.0,0.0,0.0,0.0,,,0.0,0.0,True,False,0,0,False,False
Q91X72_230.0,19.242982546488445,15.21906852722168,-0.33845236309706217,0.14339987877247998,,-4.0239140192667655,4.0239140192667655,False,True,partial,partial,False,False
Q91X72_255.0,10.805297374725342,13.675273021062216,0.3398308586365356,0.6006019065906938,,2.869975646336874,2.869975646336874,False,True,partial,partial,False,False
Q91X72_364.0,23.610597292582195,20.69270356496175,-0.19031238878226656,0.5919973828437994,,-2.917893727620445,2.917893727620445,False,True,partial,partial,False,False
Q91X72_406.0,22.907320658365887,17.140062650044758,-0.4184363417177246,0.0003049684726635041,,-5.767258008321129,5.767258008321129,False,True,partial,partial,False,False
Q91X72_458.0,0.0,0.0,0.0,,,0.0,0.0,True,False,0,0,False,False
Q91X84_348.0,0.0,0.0,0.0,,,0.0,0.0,True,False,0,0,False,False
Q91X91_111.0,0.0,0.0,0.0,,,0.0,0.0,True,False,0,0,False,False
Q91X97_185.0,0.0,0.0,0.0,,,0.0,0.0,True,False,0,0,False,False
Q91X97_38.0,17.08251889546712,16.66646973292033,-0.03557217547280526,0.7930938631384524,,-0.41604916254679125,0.41604916254679125,False,True,partial,partial,False,False
Q91XD6_271.0,0.0,0.0,0.0,,,0.0,0.0,True,False,0,0,False,False
Q91XD6_291.0,0.0,0.0,0.0,,,0.0,0.0,True,False,0,0,False,False
Q91XD7_105.0,0.0,0.0,0.0,,,0.0,0.0,True,False,0,0,False,False
Q91XD7_278.0,0.0,0.0,0.0,,,0.0,0.0,True,False,0,0,False,False
Q91XD7_343.0,68.38572057088216,50.184895833333336,-0.44644189042979343,0.13997407825559197,,-18.20082473754882,18.20082473754882,False,True,partial,partial,False,False
Q91XD7_46.0,0.0,0.0,0.0,,,0.0,0.0,True,False,0,0,False,False
Q91XD7_98.0,5.314618905385335,3.662100632985433,-0.5372948078836396,0.3653751797075606,,-1.652518272399902,1.652518272399902,False,True,partial,partial,False,False
Q91XE4_175.0,0.0,0.0,0.0,,,0.0,0.0,True,False,0,0,False,False
Q91XI1_302.0,0.0,0.0,0.0,,,0.0,0.0,True,False,0,0,False,False
Q91XI1_472.0,0.0,0.0,0.0,,,0.0,0.0,True,False,0,0,False,False
Q91XI1_50.0,0.0,0.0,0.0,,,0.0,0.0,True,False,0,0,False,False
Q91XL9_520.0,0.0,0.0,0.0,,,0.0,0.0,True,False,0,0,False,False
Q91XL9_739.0,0.0,0.0,0.0,,,0.0,0.0,True,False,0,0,False,False
Q91XL9_769.0,0.0,0.0,0.0,,,0.0,0.0,True,False,0,0,False,False
Q91XL9_778.0,0.0,0.0,0.0,,,0.0,0.0,True,False,0,0,False,False
Q91XM9_149.0,0.0,0.0,0.0,,,0.0,0.0,True,False,0,0,False,False
Q91XM9_369.0,0.0,0.0,0.0,,,0.0,0.0,True,False,0,0,False,False
Q91XM9_690.0,0.0,0.0,0.0,,,0.0,0.0,True,False,0,0,False,False
Q91XU0_497.0,0.0,0.0,0.0,,,0.0,0.0,True,False,0,0,False,False
Q91XU3_104.0,0.0,0.0,0.0,,,0.0,0.0,True,False,0,0,False,False
Q91XU3_176.0,0.0,0.0,0.0,,,0.0,0.0,True,False,0,0,False,False
Q91XY8_784.0,0.0,0.0,0.0,,,0.0,0.0,True,False,0,0,False,False
Q91Y09_110.0,0.0,0.0,0.0,,,0.0,0.0,True,False,0,0,False,False
Q91Y18_759.0,0.0,0.0,0.0,,,0.0,0.0,True,False,0,0,False,False
Q91Y18_96.0,0.0,0.0,0.0,,,0.0,0.0,True,False,0,0,False,False
Q91Y86_245.0,0.0,0.0,0.0,,,0.0,0.0,True,False,0,0,False,False
Q91YD9_112.0,0.0,0.0,0.0,,,0.0,0.0,True,False,0,0,False,False
Q91YD9_236.0,0.0,0.0,0.0,,,0.0,0.0,True,False,0,0,False,False
Q91YD9_35.0,0.0,0.0,0.0,,,0.0,0.0,True,False,0,0,False,False
Q91YD9_427.0,0.0,0.0,0.0,,,0.0,0.0,True,False,0,0,False,False
Q91YE3_178.0,0.0,0.0,0.0,,,0.0,0.0,True,False,0,0,False,False
Q91YE3_58.0,0.0,0.0,0.0,,,0.0,0.0,True,False,0,0,False,False
Q91YE6_218.0,0.0,0.0,0.0,,,0.0,0.0,True,False,0,0,False,False
Q91YE6_545.0,0.0,0.0,0.0,,,0.0,0.0,True,False,0,0,False,False
Q91YE6_639.0,0.0,0.0,0.0,,,0.0,0.0,True,False,0,0,False,False
Q91YE6_864.0,0.0,0.0,0.0,,,0.0,0.0,True,False,0,0,False,False
Q91YE6_90.0,0.0,0.0,0.0,,,0.0,0.0,True,False,0,0,False,False
Q91YE7_766.0,0.0,0.0,0.0,,,0.0,0.0,True,False,0,0,False,False
Q91YH5_429.0,0.0,0.0,0.0,,,0.0,0.0,True,False,0,0,False,False
Q91YJ2_172.0,0.0,0.0,0.0,,,0.0,0.0,True,False,0,0,False,False
Q91YJ2_342.0,0.0,0.0,0.0,,,0.0,0.0,True,False,0,0,False,False
Q91YJ3_119.0,0.0,0.0,0.0,,,0.0,0.0,True,False,0,0,False,False
Q91YJ3_90.0,0.0,0.0,0.0,,,0.0,0.0,True,False,0,0,False,False
Q91YL2_234.0,0.0,0.0,0.0,,,0.0,0.0,True,False,0,0,False,False
Q91YL2_29.0,0.0,0.0,0.0,,,0.0,0.0,True,False,0,0,False,False
Q91YL2_32.0,0.0,0.0,0.0,,,0.0,0.0,True,False,0,0,False,False
Q91YL3_317.0,0.0,0.0,0.0,,,0.0,0.0,True,False,0,0,False,False
Q91YL3_35.0,0.0,0.0,0.0,,,0.0,0.0,True,False,0,0,False,False
Q91YM2_620.0,0.0,0.0,0.0,,,0.0,0.0,True,False,0,0,False,False
Q91YM2_730.0,0.0,0.0,0.0,,,0.0,0.0,True,False,0,0,False,False
Q91YM2_86.0,0.0,0.0,0.0,,,0.0,0.0,True,False,0,0,False,False
Q91YM2_924.0,0.0,0.0,0.0,,,0.0,0.0,True,False,0,0,False,False
Q91YN0_299.0,0.0,0.0,0.0,,,0.0,0.0,True,False,0,0,False,False
Q91YN0_55.0,0.0,0.0,0.0,,,0.0,0.0,True,False,0,0,False,False
Q91YN5_293.0,0.0,0.0,0.0,,,0.0,0.0,True,False,0,0,False,False
Q91YN9_162.0,0.0,0.0,0.0,,,0.0,0.0,True,False,0,0,False,False
Q91YP0_259.0,0.0,0.0,0.0,,,0.0,0.0,True,False,0,0,False,False
Q91YP0_377.0,0.0,0.0,0.0,,,0.0,0.0,True,False,0,0,False,False
Q91YP2_153.0,0.0,0.0,0.0,,,0.0,0.0,True,False,0,0,False,False
Q91YP2_199.0,0.0,0.0,0.0,,,0.0,0.0,True,False,0,0,False,False
Q91YP2_272.0,0.0,0.0,0.0,,,0.0,0.0,True,False,0,0,False,False
Q91YQ1_120.0,0.0,0.0,0.0,,,0.0,0.0,True,False,0,0,False,False
Q91YQ5_478.0,4.266185283660889,5.21156644821167,0.28877044622158665,0.7979548158108626,,0.9453811645507812,0.9453811645507812,False,True,partial,partial,False,False
Q91YQ5_546.0,0.0,0.0,0.0,,,0.0,0.0,True,False,0,0,False,False
Q91YR1_275.0,0.0,0.0,0.0,,,0.0,0.0,True,False,0,0,False,False
Q91YR1_67.0,0.0,0.0,0.0,,,0.0,0.0,True,False,0,0,False,False
Q91YR5_273.0,0.0,0.0,0.0,,,0.0,0.0,True,False,0,0,False,False
Q91YR7_513.0,0.0,0.0,0.0,,,0.0,0.0,True,False,0,0,False,False
Q91YR7_522.0,0.0,0.0,0.0,,,0.0,0.0,True,False,0,0,False,False
Q91YR7_837.0,0.0,0.0,0.0,,,0.0,0.0,True,False,0,0,False,False
Q91YR7_913.0,0.0,0.0,0.0,,,0.0,0.0,True,False,0,0,False,False
Q91YS8_267.0,19.57912540435791,4.558784166971843,-2.102595308876432,0.19627923987363993,,-15.020341237386067,15.020341237386067,False,True,partial,partial,False,False
Q91YT0_125.0,1.1286228795846303,0.9759638607501984,-0.20966386937092066,0.3151220665300476,,-0.1526590188344319,0.1526590188344319,False,True,partial,partial,False,False
Q91YT0_142.0,3.7465383211771646,1.1859836379686992,-1.6594741008546587,0.004840675950141575,,-2.5605546832084656,2.5605546832084656,False,True,partial,partial,False,False
Q91YT0_187.0,0.16600061456362405,0.29352251688639325,0.8222825940520457,0.7152644484416703,,0.1275219023227692,0.1275219023227692,False,True,partial,partial,False,False
Q91YT0_206.0,0.0,0.0,0.0,,,0.0,0.0,True,False,0,0,False,False
Q91YT0_286.0,0.0,0.0,0.0,,,0.0,0.0,True,False,0,0,False,False
Q91YT0_379.0,0.0,0.0,0.0,,,0.0,0.0,True,False,0,0,False,False
Q91YT0_382.0,0.0,0.0,0.0,,,0.0,0.0,True,False,0,0,False,False
Q91YT0_425.0,0.0,0.0,0.0,,,0.0,0.0,True,False,0,0,False,False
Q91YW3_184.0,0.0,0.0,0.0,,,0.0,0.0,True,False,0,0,False,False
Q91YW3_329.0,0.0,0.0,0.0,,,0.0,0.0,True,False,0,0,False,False
Q91YY4_141.0,0.0,0.0,0.0,,,0.0,0.0,True,False,0,0,False,False
Q91Z38_178.0,0.0,0.0,0.0,,,0.0,0.0,True,False,0,0,False,False
Q91Z38_8.0,0.0,0.0,0.0,,,0.0,0.0,True,False,0,0,False,False
Q91Z40_269.0,0.0,0.0,0.0,,,0.0,0.0,True,False,0,0,False,False
Q91Z40_406.0,0.0,0.0,0.0,,,0.0,0.0,True,False,0,0,False,False
Q91Z53_288.0,3.738791823387146,2.5472401777903237,-0.553637146828619,0.239937581579793,,-1.1915516455968223,1.1915516455968223,False,True,partial,partial,False,False
Q91Z53_29.0,0.0,0.0,0.0,,,0.0,0.0,True,False,0,0,False,False
Q91Z53_57.0,0.0,0.0,0.0,,,0.0,0.0,True,False,0,0,False,False
Q91Z61_55.0,0.0,0.0,0.0,,,0.0,0.0,True,False,0,0,False,False
Q91Z67_1020.0,0.0,0.0,0.0,,,0.0,0.0,True,False,0,0,False,False
Q91Z67_279.0,0.0,0.0,0.0,,,0.0,0.0,True,False,0,0,False,False
Q91Z67_338.0,0.0,0.0,0.0,,,0.0,0.0,True,False,0,0,False,False
Q91Z67_511.0,0.0,0.0,0.0,,,0.0,0.0,True,False,0,0,False,False
Q91Z67_820.0,0.0,0.0,0.0,,,0.0,0.0,True,False,0,0,False,False
Q91Z67_893.0,0.0,0.0,0.0,,,0.0,0.0,True,False,0,0,False,False
Q91Z69_327.0,0.0,0.0,0.0,,,0.0,0.0,True,False,0,0,False,False
Q91Z69_503.0,0.0,0.0,0.0,,,0.0,0.0,True,False,0,0,False,False
Q91Z69_580.0,0.0,0.0,0.0,,,0.0,0.0,True,False,0,0,False,False
Q91ZA3_107.0,0.9164441426595052,0.23874229192733765,-1.9405927917908061,0.19750550159896957,,-0.6777018507321676,0.6777018507321676,False,True,partial,partial,False,False
Q91ZA3_394.0,0.0,0.0,0.0,,,0.0,0.0,True,False,0,0,False,False
Q91ZA3_612.0,0.0,0.0,0.0,,,0.0,0.0,True,False,0,0,False,False
Q91ZF0_54.0,0.0,0.0,0.0,,,0.0,0.0,True,False,0,0,False,False
Q91ZH7_387.0,0.0,0.0,0.0,,,0.0,0.0,True,False,0,0,False,False
Q91ZJ5_123.0,0.0,0.0,0.0,,,0.0,0.0,True,False,0,0,False,False
Q91ZM2_323.0,0.0,0.0,0.0,,,0.0,0.0,True,False,0,0,False,False
Q91ZM2_374.0,0.0,0.0,0.0,,,0.0,0.0,True,False,0,0,False,False
Q91ZP6_188.0,0.0,0.0,0.0,,,0.0,0.0,True,False,0,0,False,False
Q91ZP9_298.0,0.0,0.0,0.0,,,0.0,0.0,True,False,0,0,False,False
Q91ZP9_322.0,0.0,0.0,0.0,,,0.0,0.0,True,False,0,0,False,False
Q91ZP9_384.0,0.0,0.0,0.0,,,0.0,0.0,True,False,0,0,False,False
Q91ZR1_119.0,0.0,0.0,0.0,,,0.0,0.0,True,False,0,0,False,False
Q91ZR1_23.0,12.790502389272055,12.054763793945312,-0.08546954949263723,0.8203690889370671,,-0.7357385953267421,0.7357385953267421,False,True,partial,partial,False,False
Q91ZS8_526.0,0.0,0.0,0.0,,,0.0,0.0,True,False,0,0,False,False
Q91ZT5_156.0,0.0,0.0,0.0,,,0.0,0.0,True,False,0,0,False,False
Q91ZT5_234.0,0.0,0.0,0.0,,,0.0,0.0,True,False,0,0,False,False
Q91ZU6_1081.0,0.0,0.0,0.0,,,0.0,0.0,True,False,0,0,False,False
Q91ZU6_1195.0,0.0,0.0,0.0,,,0.0,0.0,True,False,0,0,False,False
Q91ZU6_3579.0,0.0,0.0,0.0,,,0.0,0.0,True,False,0,0,False,False
Q91ZU6_3837.0,0.0,0.0,0.0,,,0.0,0.0,True,False,0,0,False,False
Q91ZU6_400.0,0.0,0.0,0.0,,,0.0,0.0,True,False,0,0,False,False
Q91ZU6_4301.0,0.0,0.0,0.0,,,0.0,0.0,True,False,0,0,False,False
Q91ZU6_4659.0,0.0,0.0,0.0,,,0.0,0.0,True,False,0,0,False,False
Q91ZU6_4731.0,0.0,0.0,0.0,,,0.0,0.0,True,False,0,0,False,False
Q91ZU6_480.0,0.0,0.0,0.0,,,0.0,0.0,True,False,0,0,False,False
Q91ZU6_4905.0,2.460468292236328,0.0,-31.196285779320217,0.36321746764912255,,-2.460468292236328,2.460468292236328,False,True,partial,0,False,False
Q91ZU6_5144.0,0.0,0.0,0.0,,,0.0,0.0,True,False,0,0,False,False
Q91ZU6_5325.0,0.0,0.0,0.0,,,0.0,0.0,True,False,0,0,False,False
Q91ZU6_5744.0,0.0,0.0,0.0,,,0.0,0.0,True,False,0,0,False,False
Q91ZU6_6621.0,0.0,0.0,0.0,,,0.0,0.0,True,False,0,0,False,False
Q91ZU6_7250.0,0.0,0.0,0.0,,,0.0,0.0,True,False,0,0,False,False
Q91ZU6_937.0,0.0,0.0,0.0,,,0.0,0.0,True,False,0,0,False,False
Q91ZV0_1026.0,0.0,0.0,0.0,,,0.0,0.0,True,False,0,0,False,False
Q91ZW2_131.0,0.0,0.0,0.0,,,0.0,0.0,True,False,0,0,False,False
Q91ZW2_272.0,0.0,0.0,0.0,,,0.0,0.0,True,False,0,0,False,False
Q91ZW2_288.0,0.0,0.0,0.0,,,0.0,0.0,True,False,0,0,False,False
Q91ZW3_164.0,0.0,0.0,0.0,,,0.0,0.0,True,False,0,0,False,False
Q91ZW3_518.0,0.0,0.0,0.0,,,0.0,0.0,True,False,0,0,False,False
Q91ZX7_1076.0,11.59906530380249,6.676835139592488,-0.7967722285434056,0.016785810125663464,,-4.922230164210002,4.922230164210002,False,True,partial,partial,False,False
Q91ZX7_1098.0,0.0,0.0,0.0,,,0.0,0.0,True,False,0,0,False,False
Q91ZX7_1541.0,23.65004603068034,11.772441864013672,-1.0064293932821935,1.7977085897585588e-05,,-11.877604166666668,11.877604166666668,False,True,partial,partial,False,False
Q91ZX7_1564.0,0.0,0.0,0.0,,,0.0,0.0,True,False,0,0,False,False
Q91ZX7_1770.0,0.0,0.0,0.0,,,0.0,0.0,True,False,0,0,False,False
Q91ZX7_1872.0,0.0,0.0,0.0,,,0.0,0.0,True,False,0,0,False,False
Q91ZX7_1887.0,20.69173526763916,0.0,-34.26833558771502,0.0865147593877152,,-20.69173526763916,20.69173526763916,False,True,partial,0,False,False
Q91ZX7_2070.0,0.0,0.0,0.0,,,0.0,0.0,True,False,0,0,False,False
Q91ZX7_2405.0,0.0,0.0,0.0,,,0.0,0.0,True,False,0,0,False,False
Q91ZX7_2518.0,18.55041281382243,12.14742914835612,-0.6108002745968694,0.00025408526753187093,,-6.40298366546631,6.40298366546631,False,True,partial,partial,False,False
Q91ZX7_2562.0,25.584197998046875,5.527119000752767,-2.2106534291814643,0.0016041005244625797,,-20.05707899729411,20.05707899729411,False,True,partial,partial,False,False
Q91ZX7_2606.0,23.653565883636475,14.130503177642822,-0.7432448528398682,0.10048304444724604,,-9.523062705993652,9.523062705993652,False,True,partial,partial,False,False
Q91ZX7_2661.0,8.680789868036905,8.799730857213339,0.019633079142619976,0.9643683506243655,,0.11894098917643348,0.11894098917643348,False,True,partial,partial,False,False
Q91ZX7_2735.0,0.0,0.0,0.0,,,0.0,0.0,True,False,0,0,False,False
Q91ZX7_2898.0,0.0,0.0,0.0,,,0.0,0.0,True,False,0,0,False,False
Q91ZX7_2953.0,0.0,0.0,0.0,,,0.0,0.0,True,False,0,0,False,False
Q91ZX7_3022.0,0.0,0.0,0.0,,,0.0,0.0,True,False,0,0,False,False
Q91ZX7_3120.0,0.0,0.0,0.0,,,0.0,0.0,True,False,0,0,False,False
Q91ZX7_3295.0,0.0,0.0,0.0,,,0.0,0.0,True,False,0,0,False,False
Q91ZX7_3302.0,0.0,0.0,0.0,,,0.0,0.0,True,False,0,0,False,False
Q91ZX7_3316.0,0.0,0.0,0.0,,,0.0,0.0,True,False,0,0,False,False
Q91ZX7_3696.0,0.0,0.0,0.0,,,0.0,0.0,True,False,0,0,False,False
Q91ZX7_3710.0,0.0,0.0,0.0,,,0.0,0.0,True,False,0,0,False,False
Q91ZX7_3808.0,0.0,0.0,0.0,,,0.0,0.0,True,False,0,0,False,False
Q91ZX7_3823.0,0.0,0.0,0.0,,,0.0,0.0,True,False,0,0,False,False
Q91ZX7_3848.0,0.0,0.0,0.0,,,0.0,0.0,True,False,0,0,False,False
Q91ZX7_41.0,0.0,0.0,0.0,,,0.0,0.0,True,False,0,0,False,False
Q91ZX7_4152.0,0.0,0.0,0.0,,,0.0,0.0,True,False,0,0,False,False
Q91ZX7_4398.0,0.0,0.0,0.0,,,0.0,0.0,True,False,0,0,False,False
Q920A7_305.0,0.0,0.0,0.0,,,0.0,0.0,True,False,0,0,False,False
Q920A7_517.0,0.0,0.0,0.0,,,0.0,0.0,True,False,0,0,False,False
Q920B9_323.0,0.0,0.0,0.0,,,0.0,0.0,True,False,0,0,False,False
Q920E5_332.0,0.0,0.0,0.0,,,0.0,0.0,True,False,0,0,False,False
Q920I9_109.0,0.0,0.0,0.0,,,0.0,0.0,True,False,0,0,False,False
Q920I9_1102.0,0.0,0.0,0.0,,,0.0,0.0,True,False,0,0,False,False
Q920I9_1348.0,0.0,0.0,0.0,,,0.0,0.0,True,False,0,0,False,False
Q920I9_1386.0,0.0,0.0,0.0,,,0.0,0.0,True,False,0,0,False,False
Q920I9_289.0,0.0,0.0,0.0,,,0.0,0.0,True,False,0,0,False,False
Q920I9_326.0,0.0,0.0,0.0,,,0.0,0.0,True,False,0,0,False,False
Q920I9_376.0,0.0,0.0,0.0,,,0.0,0.0,True,False,0,0,False,False
Q920I9_389.0,0.0,2.8303311665852866,31.3983237218422,0.36321746764912255,,2.8303311665852866,2.8303311665852866,False,True,0,partial,False,False
Q920I9_469.0,8.304592450459799,6.864086945851644,-0.2748415420918255,0.5378934527669765,,-1.4405055046081552,1.4405055046081552,False,True,partial,partial,False,False
Q920I9_532.0,0.0,0.0,0.0,,,0.0,0.0,True,False,0,0,False,False
Q920I9_69.0,0.0,0.0,0.0,,,0.0,0.0,True,False,0,0,False,False
Q920L1_410.0,0.0,0.0,0.0,,,0.0,0.0,True,False,0,0,False,False
Q920M5_40.0,0.0,0.0,0.0,,,0.0,0.0,True,False,0,0,False,False
Q920M7_230.0,0.0,0.0,0.0,,,0.0,0.0,True,False,0,0,False,False
Q920M7_294.0,0.0,0.0,0.0,,,0.0,0.0,True,False,0,0,False,False
Q920N2_631.0,0.0,0.0,0.0,,,0.0,0.0,True,False,0,0,False,False
Q920N7_190.0,0.0,0.0,0.0,,,0.0,0.0,True,False,0,0,False,False
Q920P3_204.0,0.0,0.0,0.0,,,0.0,0.0,True,False,0,0,False,False
Q920P3_721.0,0.0,0.0,0.0,,,0.0,0.0,True,False,0,0,False,False
Q920P5_485.0,0.0,0.0,0.0,,,0.0,0.0,True,False,0,0,False,False
Q920P5_51.0,0.0,0.0,0.0,,,0.0,0.0,True,False,0,0,False,False
Q920Q4_255.0,0.0,0.0,0.0,,,0.0,0.0,True,False,0,0,False,False
Q920Q4_36.0,0.0,0.0,0.0,,,0.0,0.0,True,False,0,0,False,False
Q920Q4_490.0,0.0,0.0,0.0,,,0.0,0.0,True,False,0,0,False,False
Q920Q4_763.0,0.0,0.0,0.0,,,0.0,0.0,True,False,0,0,False,False
Q920Q4_817.0,0.0,0.0,0.0,,,0.0,0.0,True,False,0,0,False,False
Q920Q8_482.0,0.0,0.0,0.0,,,0.0,0.0,True,False,0,0,False,False
Q920R0_1294.0,0.0,0.0,0.0,,,0.0,0.0,True,False,0,0,False,False
Q920R0_1300.0,0.0,0.0,0.0,,,0.0,0.0,True,False,0,0,False,False
Q920R0_1370.0,0.0,0.0,0.0,,,0.0,0.0,True,False,0,0,False,False
Q920R0_851.0,0.0,0.0,0.0,,,0.0,0.0,True,False,0,0,False,False
Q920R0_910.0,0.0,0.0,0.0,,,0.0,0.0,True,False,0,0,False,False
Q921C5_750.0,0.0,0.0,0.0,,,0.0,0.0,True,False,0,0,False,False
Q921E2_10.0,0.0,0.0,0.0,,,0.0,0.0,True,False,0,0,False,False
Q921E2_50.0,0.0,0.0,0.0,,,0.0,0.0,True,False,0,0,False,False
Q921F2_244.0,0.0,0.0,0.0,,,0.0,0.0,True,False,0,0,False,False
Q921F2_50.0,0.0,0.0,0.0,,,0.0,0.0,True,False,0,0,False,False
Q921F4_133.0,0.0,0.0,0.0,,,0.0,0.0,True,False,0,0,False,False
Q921F4_283.0,0.0,0.0,0.0,,,0.0,0.0,True,False,0,0,False,False
Q921F4_523.0,0.0,0.0,0.0,,,0.0,0.0,True,False,0,0,False,False
Q921F4_584.0,0.0,0.0,0.0,,,0.0,0.0,True,False,0,0,False,False
Q921G7_117.0,3.219680150349935,0.0,-31.58427022959918,0.09149412160262704,,-3.219680150349935,3.219680150349935,False,True,partial,0,False,False
Q921G7_247.0,0.0,0.0,0.0,,,0.0,0.0,True,False,0,0,False,False
Q921G7_265.0,0.0,0.0,0.0,,,0.0,0.0,True,False,0,0,False,False
Q921G7_560.0,20.664401372273762,13.536596298217773,-0.6102825439254459,0.5900130025119906,,-7.127805074055988,7.127805074055988,False,True,partial,partial,False,False
Q921G7_585.0,0.0,0.0,0.0,,,0.0,0.0,True,False,0,0,False,False
Q921G8_350.0,0.0,0.0,0.0,,,0.0,0.0,True,False,0,0,False,False
Q921G8_737.0,0.0,0.0,0.0,,,0.0,0.0,True,False,0,0,False,False
Q921G8_851.0,0.0,0.0,0.0,,,0.0,0.0,True,False,0,0,False,False
Q921H8_123.0,0.0,0.0,0.0,,,0.0,0.0,True,False,0,0,False,False
Q921H8_177.0,3.494593381881714,3.4602758487065635,-0.014237546412460776,0.9865450185874767,,-0.034317533175150405,0.034317533175150405,False,True,partial,partial,False,False
Q921H8_381.0,0.0,0.0,0.0,,,0.0,0.0,True,False,0,0,False,False
Q921H9_111.0,12.483906428019205,7.315690994262695,-0.7710034049072536,0.6445754577857535,,-5.16821543375651,5.16821543375651,False,True,partial,partial,False,False
Q921H9_179.0,0.0,0.0,0.0,,,0.0,0.0,True,False,0,0,False,False
Q921H9_37.0,0.0,0.0,0.0,,,0.0,0.0,True,False,0,0,False,False
Q921H9_71.0,0.0,0.0,0.0,,,0.0,0.0,True,False,0,0,False,False
Q921I1_137.0,0.0,0.0,0.0,,,0.0,0.0,True,False,0,0,False,False
Q921I1_177.0,0.0,0.0,0.0,,,0.0,0.0,True,False,0,0,False,False
Q921I1_246.0,28.76723102728526,22.844584743181866,-0.33257414375897465,0.42798773276112123,,-5.9226462841033936,5.9226462841033936,False,True,partial,partial,False,False
Q921I1_260.0,22.79157066345215,16.992891947428387,-0.42356895071881334,0.005316425563641337,,-5.798678716023762,5.798678716023762,False,True,partial,partial,False,False
Q921I1_28.0,4.673013051350911,2.404027779897054,-0.9588994989481595,0.5365658252990413,,-2.268985271453857,2.268985271453857,False,True,partial,partial,False,False
Q921I1_350.0,8.095626831054688,12.828851064046225,0.6641772747061538,0.6883788660177692,,4.733224232991537,4.733224232991537,False,True,partial,partial,False,False
Q921I1_363.0,21.021785736083984,12.009210427602133,-0.8077439260138856,2.568984235595514e-06,,-9.012575308481852,9.012575308481852,False,True,partial,partial,False,False
Q921I1_373.0,13.453814188639322,12.803459962209066,-0.07148150650255355,0.9243812981681007,,-0.650354226430256,0.650354226430256,False,True,partial,partial,False,False
Q921I1_386.0,27.627909024556477,14.896650155385336,-0.8911384331553742,0.018137111610987272,,-12.73125886917114,12.73125886917114,False,True,partial,partial,False,False
Q921I1_395.0,60.877976735432945,42.13996696472168,-0.5307312288463861,0.002772349674435087,,-18.738009770711265,18.738009770711265,False,True,partial,partial,False,False
Q921I1_472.0,0.0,0.0,0.0,,,0.0,0.0,True,False,0,0,False,False
Q921I1_506.0,24.727850596110027,15.732170899709066,-0.6524190790633101,2.154375595368774e-06,,-8.99567969640096,8.99567969640096,False,True,partial,partial,False,False
Q921I1_526.0,0.0,0.0,0.0,,,0.0,0.0,True,False,0,0,False,False
Q921I1_583.0,28.058139165242512,19.92963441212972,-0.4935040858799692,0.013416014434467908,,-8.128504753112793,8.128504753112793,False,True,partial,partial,False,False
Q921I1_597.0,1.0355760256449382,3.9882115523020425,1.94530846635778,0.3938799878289176,,2.9526355266571045,2.9526355266571045,False,True,partial,partial,False,False
Q921I1_633.0,0.0,0.0,0.0,,,0.0,0.0,True,False,0,0,False,False
Q921I1_67.0,16.939003944396973,18.1512188911438,0.09971738826075657,0.672310157264425,,1.2122149467468262,1.2122149467468262,False,True,partial,partial,False,False
Q921I1_692.0,9.977628231048584,5.4396018187205,-0.8751958656249338,1.0634205758396733e-06,,-4.538026412328084,4.538026412328084,False,True,partial,partial,False,False
Q921I9_74.0,0.0,0.0,0.0,,,0.0,0.0,True,False,0,0,False,False
Q921L5_571.0,0.0,0.0,0.0,,,0.0,0.0,True,False,0,0,False,False
Q921M3_1054.0,0.0,0.0,0.0,,,0.0,0.0,True,False,0,0,False,False
Q921M3_1156.0,0.0,0.0,0.0,,,0.0,0.0,True,False,0,0,False,False
Q921M3_1179.0,0.0,0.0,0.0,,,0.0,0.0,True,False,0,0,False,False
Q921M3_340.0,0.0,0.0,0.0,,,0.0,0.0,True,False,0,0,False,False
Q921M7_223.0,0.0,0.0,0.0,,,0.0,0.0,True,False,0,0,False,False
Q921M7_231.0,0.0,0.0,0.0,,,0.0,0.0,True,False,0,0,False,False
Q921M7_253.0,0.0,0.0,0.0,,,0.0,0.0,True,False,0,0,False,False
Q921Q3_247.0,0.0,0.0,0.0,,,0.0,0.0,True,False,0,0,False,False
Q921Q3_385.0,0.0,0.0,0.0,,,0.0,0.0,True,False,0,0,False,False
Q921Q7_344.0,0.0,0.0,0.0,,,0.0,0.0,True,False,0,0,False,False
Q921Q7_628.0,0.0,0.0,0.0,,,0.0,0.0,True,False,0,0,False,False
Q921S7_268.0,0.0,0.0,0.0,,,0.0,0.0,True,False,0,0,False,False
Q921T2_195.0,0.0,0.0,0.0,,,0.0,0.0,True,False,0,0,False,False
Q921T2_508.0,0.0,0.0,0.0,,,0.0,0.0,True,False,0,0,False,False
Q921W4_133.0,0.0,0.0,0.0,,,0.0,0.0,True,False,0,0,False,False
Q921W4_40.0,0.0,3.605616887410482,31.747598966631923,0.36321746764912255,,3.605616887410482,3.605616887410482,False,True,0,partial,False,False
Q922B1_184.0,0.0,0.0,0.0,,,0.0,0.0,True,False,0,0,False,False
Q922B1_197.0,0.0,0.0,0.0,,,0.0,0.0,True,False,0,0,False,False
Q922B1_203.0,0.0,0.0,0.0,,,0.0,0.0,True,False,0,0,False,False
Q922B1_244.0,14.182504336039225,13.075907707214355,-0.11720120569974708,0.8022895223757751,,-1.1065966288248692,1.1065966288248692,False,True,partial,partial,False,False
Q922B2_130.0,0.0,0.0,0.0,,,0.0,0.0,True,False,0,0,False,False
Q922B2_203.0,0.0,0.0,0.0,,,0.0,0.0,True,False,0,0,False,False
Q922B2_257.0,0.0,0.0,0.0,,,0.0,0.0,True,False,0,0,False,False
Q922B2_267.0,0.0,0.0,0.0,,,0.0,0.0,True,False,0,0,False,False
Q922B2_334.0,0.0,0.0,0.0,,,0.0,0.0,True,False,0,0,False,False
Q922B2_349.0,0.0,0.0,0.0,,,0.0,0.0,True,False,0,0,False,False
Q922B2_76.0,0.0,0.0,0.0,,,0.0,0.0,True,False,0,0,False,False
Q922D4_216.0,0.0,0.0,0.0,,,0.0,0.0,True,False,0,0,False,False
Q922D4_37.0,0.0,0.0,0.0,,,0.0,0.0,True,False,0,0,False,False
Q922D4_500.0,0.0,0.0,0.0,,,0.0,0.0,True,False,0,0,False,False
Q922D4_801.0,0.0,0.0,0.0,,,0.0,0.0,True,False,0,0,False,False
Q922D4_82.0,0.0,0.0,0.0,,,0.0,0.0,True,False,0,0,False,False
Q922D8_143.0,0.0,0.0,0.0,,,0.0,0.0,True,False,0,0,False,False
Q922D8_152.0,0.0,0.0,0.0,,,0.0,0.0,True,False,0,0,False,False
Q922D8_195.0,0.0,0.0,0.0,,,0.0,0.0,True,False,0,0,False,False
Q922D8_408.0,0.0,0.0,0.0,,,0.0,0.0,True,False,0,0,False,False
Q922D8_602.0,0.0,0.0,0.0,,,0.0,0.0,True,False,0,0,False,False
Q922D8_785.0,0.0,0.0,0.0,,,0.0,0.0,True,False,0,0,False,False
Q922D8_863.0,0.0,0.0,0.0,,,0.0,0.0,True,False,0,0,False,False
Q922E4_296.0,0.0,0.0,0.0,,,0.0,0.0,True,False,0,0,False,False
Q922E4_324.0,0.0,0.0,0.0,,,0.0,0.0,True,False,0,0,False,False
Q922E6_251.0,0.0,0.0,0.0,,,0.0,0.0,True,False,0,0,False,False
Q922E6_621.0,0.0,0.0,0.0,,,0.0,0.0,True,False,0,0,False,False
Q922G0_67.0,0.0,0.0,0.0,,,0.0,0.0,True,False,0,0,False,False
Q922H1_414.0,0.0,0.0,0.0,,,0.0,0.0,True,False,0,0,False,False
Q922H1_65.0,0.0,0.0,0.0,,,0.0,0.0,True,False,0,0,False,False
Q922H2_191.0,0.0,0.0,0.0,,,0.0,0.0,True,False,0,0,False,False
Q922H2_208.0,0.0,0.0,0.0,,,0.0,0.0,True,False,0,0,False,False
Q922H4_389.0,0.0,0.0,0.0,,,0.0,0.0,True,False,0,0,False,False
Q922H9_216.0,0.0,0.0,0.0,,,0.0,0.0,True,False,0,0,False,False
Q922J3_111.0,0.0,0.0,0.0,,,0.0,0.0,True,False,0,0,False,False
Q922J3_241.0,0.0,0.0,0.0,,,0.0,0.0,True,False,0,0,False,False
Q922J3_264.0,0.0,0.0,0.0,,,0.0,0.0,True,False,0,0,False,False
Q922J3_975.0,0.0,0.0,0.0,,,0.0,0.0,True,False,0,0,False,False
Q922J6_164.0,29.236913681030273,22.463377952575684,-0.38021613421358064,0.021476218837317915,,-6.77353572845459,6.77353572845459,False,True,partial,partial,False,False
Q922L6_294.0,0.0,0.0,0.0,,,0.0,0.0,True,False,0,0,False,False
Q922P8_660.0,100.0,100.0,0.0,,,0.0,0.0,True,False,100,100,False,False
Q922P8_996.0,0.0,0.0,0.0,,,0.0,0.0,True,False,0,0,False,False
Q922P9_406.0,0.0,0.0,0.0,,,0.0,0.0,True,False,0,0,False,False
Q922P9_479.0,0.0,0.0,0.0,,,0.0,0.0,True,False,0,0,False,False
Q922Q1_160.0,0.0,0.0,0.0,,,0.0,0.0,True,False,0,0,False,False
Q922Q1_274.0,0.0,0.0,0.0,,,0.0,0.0,True,False,0,0,False,False
Q922Q1_301.0,0.0,0.0,0.0,,,0.0,0.0,True,False,0,0,False,False
Q922Q1_74.0,0.0,0.0,0.0,,,0.0,0.0,True,False,0,0,False,False
Q922Q4_120.0,0.0,0.0,0.0,,,0.0,0.0,True,False,0,0,False,False
Q922Q4_232.0,14.859068870544434,7.575170834859212,-0.97199338385067,0.25702793704336235,,-7.283898035685222,7.283898035685222,False,True,partial,partial,False,False
Q922Q4_262.0,0.0,0.0,0.0,,,0.0,0.0,True,False,0,0,False,False
Q922Q8_131.0,0.0,0.0,0.0,,,0.0,0.0,True,False,0,0,False,False
Q922Q8_48.0,0.0,0.0,0.0,,,0.0,0.0,True,False,0,0,False,False
Q922Q8_59.0,0.0,0.0,0.0,,,0.0,0.0,True,False,0,0,False,False
Q922Q9_281.0,0.0,0.0,0.0,,,0.0,0.0,True,False,0,0,False,False
Q922R1_222.0,0.0,0.0,0.0,,,0.0,0.0,True,False,0,0,False,False
Q922R1_245.0,0.0,0.0,0.0,,,0.0,0.0,True,False,0,0,False,False
Q922R1_345.0,0.0,0.0,0.0,,,0.0,0.0,True,False,0,0,False,False
Q922R1_82.0,0.0,0.0,0.0,,,0.0,0.0,True,False,0,0,False,False
Q922R8_291.0,0.0,0.0,0.0,,,0.0,0.0,True,False,0,0,False,False
Q922S4_117.0,0.0,0.0,0.0,,,0.0,0.0,True,False,0,0,False,False
Q922S4_343.0,0.0,0.0,0.0,,,0.0,0.0,True,False,0,0,False,False
Q922S4_429.0,0.0,0.0,0.0,,,0.0,0.0,True,False,0,0,False,False
Q922S4_503.0,0.0,0.0,0.0,,,0.0,0.0,True,False,0,0,False,False
Q922S4_92.0,2.8939581712086997,5.314473549524943,0.8768827160370689,0.21105938462063556,,2.4205153783162436,2.4205153783162436,False,True,partial,partial,False,False
Q922U1_651.0,0.0,0.0,0.0,,,0.0,0.0,True,False,0,0,False,False
Q922V4_263.0,0.0,0.0,0.0,,,0.0,0.0,True,False,0,0,False,False
Q922V4_337.0,0.0,0.0,0.0,,,0.0,0.0,True,False,0,0,False,False
Q922X9_136.0,0.0,0.0,0.0,,,0.0,0.0,True,False,0,0,False,False
Q922X9_171.0,0.0,0.0,0.0,,,0.0,0.0,True,False,0,0,False,False
Q922X9_317.0,0.0,0.0,0.0,,,0.0,0.0,True,False,0,0,False,False
Q922X9_571.0,0.0,0.0,0.0,,,0.0,0.0,True,False,0,0,False,False
Q923B0_62.0,0.0,0.0,0.0,,,0.0,0.0,True,False,0,0,False,False
Q923B0_84.0,0.0,0.0,0.0,,,0.0,0.0,True,False,0,0,False,False
Q923B1_499.0,0.0,0.0,0.0,,,0.0,0.0,True,False,0,0,False,False
Q923D2_109.0,0.0,0.0,0.0,,,0.0,0.0,True,False,0,0,False,False
Q923D2_188.0,0.0,0.0,0.0,,,0.0,0.0,True,False,0,0,False,False
Q923G2_30.0,0.0,0.0,0.0,,,0.0,0.0,True,False,0,0,False,False
Q923L3_1741.0,44.68130747477213,31.4386412302653,-0.5071325368549429,0.39491580957909833,,-13.242666244506832,13.242666244506832,False,True,partial,partial,False,False
Q923L3_2946.0,0.0,0.0,0.0,,,0.0,0.0,True,False,0,0,False,False
Q923M0_210.0,0.0,0.0,0.0,,,0.0,0.0,True,False,0,0,False,False
Q923S6_225.0,0.0,0.0,0.0,,,0.0,0.0,True,False,0,0,False,False
Q923S9_168.0,0.0,0.0,0.0,,,0.0,0.0,True,False,0,0,False,False
Q923T9_290.0,0.0,0.0,0.0,,,0.0,0.0,True,False,0,0,False,False
Q923T9_385.0,2.7152488231658936,1.8351065317789714,-0.5652205942488888,0.6201216284935898,,-0.8801422913869221,0.8801422913869221,False,True,partial,partial,False,False
Q923T9_424.0,0.0,0.0,0.0,,,0.0,0.0,True,False,0,0,False,False
Q923T9_520.0,0.0,0.0,0.0,,,0.0,0.0,True,False,0,0,False,False
Q923X4_70.0,0.0,0.0,0.0,,,0.0,0.0,True,False,0,0,False,False
Q924A2_442.0,0.0,0.0,0.0,,,0.0,0.0,True,False,0,0,False,False
Q924C1_1052.0,0.0,0.0,0.0,,,0.0,0.0,True,False,0,0,False,False
Q924C1_1131.0,0.0,0.0,0.0,,,0.0,0.0,True,False,0,0,False,False
Q924C1_221.0,0.0,0.0,0.0,,,0.0,0.0,True,False,0,0,False,False
Q924C1_419.0,0.0,0.0,0.0,,,0.0,0.0,True,False,0,0,False,False
Q924C1_706.0,0.0,0.0,0.0,,,0.0,0.0,True,False,0,0,False,False
Q924C1_765.0,0.0,0.0,0.0,,,0.0,0.0,True,False,0,0,False,False
Q924D1_448.0,0.0,0.0,0.0,,,0.0,0.0,True,False,0,0,False,False
Q924H2_661.0,0.0,0.0,0.0,,,0.0,0.0,True,False,0,0,False,False
Q924L1_218.0,0.0,0.0,0.0,,,0.0,0.0,True,False,0,0,False,False
Q924L1_238.0,0.0,0.0,0.0,,,0.0,0.0,True,False,0,0,False,False
Q924M7_11.0,0.0,0.0,0.0,,,0.0,0.0,True,False,0,0,False,False
Q924M7_197.0,0.0,0.0,0.0,,,0.0,0.0,True,False,0,0,False,False
Q924M7_283.0,0.0,0.0,0.0,,,0.0,0.0,True,False,0,0,False,False
Q924M7_309.0,10.29655647277832,0.0,-33.26144287959867,0.1756740633574411,,-10.29655647277832,10.29655647277832,False,True,partial,0,False,False
Q924M7_81.0,1.6387197971343994,1.36082657178243,-0.2680859737814901,0.6605847622552203,,-0.2778932253519695,0.2778932253519695,False,True,partial,partial,False,False
Q924N4_390.0,0.0,0.0,0.0,,,0.0,0.0,True,False,0,0,False,False
Q924N4_827.0,0.0,0.0,0.0,,,0.0,0.0,True,False,0,0,False,False
Q924S8_127.0,0.0,0.0,0.0,,,0.0,0.0,True,False,0,0,False,False
Q924S8_297.0,0.0,0.0,0.0,,,0.0,0.0,True,False,0,0,False,False
Q924S8_352.0,0.0,0.0,0.0,,,0.0,0.0,True,False,0,0,False,False
Q924S8_55.0,0.0,0.0,0.0,,,0.0,0.0,True,False,0,0,False,False
Q924S8_74.0,0.0,0.0,0.0,,,0.0,0.0,True,False,0,0,False,False
Q924T7_388.0,0.0,0.0,0.0,,,0.0,0.0,True,False,0,0,False,False
Q924T7_628.0,0.0,0.0,0.0,,,0.0,0.0,True,False,0,0,False,False
Q924Z6_22.0,0.0,0.0,0.0,,,0.0,0.0,True,False,0,0,False,False
Q924Z6_315.0,0.0,0.0,0.0,,,0.0,0.0,True,False,0,0,False,False
Q924Z6_723.0,0.0,0.0,0.0,,,0.0,0.0,True,False,0,0,False,False
Q925E7_268.0,0.0,0.0,0.0,,,0.0,0.0,True,False,0,0,False,False
Q925H0_289.0,0.0,0.0,0.0,,,0.0,0.0,True,False,0,0,False,False
Q925H0_334.0,0.0,0.0,0.0,,,0.0,0.0,True,False,0,0,False,False
Q925H0_342.0,11.970541636149088,0.0,-33.478769380983785,0.17530396536822637,,-11.970541636149088,11.970541636149088,False,True,partial,0,False,False
Q925I1_471.0,0.0,0.0,0.0,,,0.0,0.0,True,False,0,0,False,False
Q93092_250.0,1.8617851535479228,1.2091885407765706,-0.62264738580249,0.21101297637048502,,-0.6525966127713523,0.6525966127713523,False,True,partial,partial,False,False
Q96DY5_193.0,0.0,0.0,0.0,,,0.0,0.0,True,False,0,0,False,False
Q99104_1560.0,0.0,0.0,0.0,,,0.0,0.0,True,False,0,0,False,False
Q99104_1587.0,0.0,0.0,0.0,,,0.0,0.0,True,False,0,0,False,False
Q99104_1709.0,0.0,0.0,0.0,,,0.0,0.0,True,False,0,0,False,False
Q99104_1766.0,0.0,0.0,0.0,,,0.0,0.0,True,False,0,0,False,False
Q99104_348.0,0.0,0.0,0.0,,,0.0,0.0,True,False,0,0,False,False
Q99104_513.0,0.0,0.0,0.0,,,0.0,0.0,True,False,0,0,False,False
Q99104_561.0,0.0,0.0,0.0,,,0.0,0.0,True,False,0,0,False,False
Q99104_684.0,0.0,0.0,0.0,,,0.0,0.0,True,False,0,0,False,False
Q99J08_128.0,0.0,0.0,0.0,,,0.0,0.0,True,False,0,0,False,False
Q99J08_155.0,0.0,0.0,0.0,,,0.0,0.0,True,False,0,0,False,False
Q99J08_301.0,0.0,0.0,0.0,,,0.0,0.0,True,False,0,0,False,False
Q99J08_355.0,0.0,0.0,0.0,,,0.0,0.0,True,False,0,0,False,False
Q99J09_172.0,17.622849464416504,29.231054941813152,0.7300546819718103,0.2193535587529654,,11.608205477396648,11.608205477396648,False,True,partial,partial,False,False
Q99J09_186.0,0.0,0.0,0.0,,,0.0,0.0,True,False,0,0,False,False
Q99J09_247.0,0.0,0.0,0.0,,,0.0,0.0,True,False,0,0,False,False
Q99J09_26.0,0.0,0.0,0.0,,,0.0,0.0,True,False,0,0,False,False
Q99J10_287.0,0.0,0.0,0.0,,,0.0,0.0,True,False,0,0,False,False
Q99J21_53.0,0.0,0.0,0.0,,,0.0,0.0,True,False,0,0,False,False
Q99J23_463.0,0.0,0.0,0.0,,,0.0,0.0,True,False,0,0,False,False
Q99J23_508.0,0.0,0.0,0.0,,,0.0,0.0,True,False,0,0,False,False
Q99J27_497.0,0.0,0.0,0.0,,,0.0,0.0,True,False,0,0,False,False
Q99J31_11.0,0.0,6.985892613728841,32.70179732016752,0.36321746764912255,,6.985892613728841,6.985892613728841,False,True,0,partial,False,False
Q99J31_334.0,0.0,0.0,0.0,,,0.0,0.0,True,False,0,0,False,False
Q99J31_429.0,0.0,0.0,0.0,,,0.0,0.0,True,False,0,0,False,False
Q99J36_169.0,0.0,0.0,0.0,,,0.0,0.0,True,False,0,0,False,False
Q99J36_248.0,0.0,0.0,0.0,,,0.0,0.0,True,False,0,0,False,False
Q99J36_50.0,0.0,0.0,0.0,,,0.0,0.0,True,False,0,0,False,False
Q99J39_205.0,0.0,0.0,0.0,,,0.0,0.0,True,False,0,0,False,False
Q99J39_214.0,0.0,0.0,0.0,,,0.0,0.0,True,False,0,0,False,False
Q99J39_359.0,0.0,0.0,0.0,,,0.0,0.0,True,False,0,0,False,False
Q99J39_401.0,0.0,0.0,0.0,,,0.0,0.0,True,False,0,0,False,False
Q99J39_67.0,0.0,0.0,0.0,,,0.0,0.0,True,False,0,0,False,False
Q99J45_449.0,0.0,0.0,0.0,,,0.0,0.0,True,False,0,0,False,False
Q99J47_218.0,0.0,0.0,0.0,,,0.0,0.0,True,False,0,0,False,False
Q99J77_19.0,0.0,0.0,0.0,,,0.0,0.0,True,False,0,0,False,False
Q99J77_283.0,0.0,0.0,0.0,,,0.0,0.0,True,False,0,0,False,False
Q99J77_287.0,0.0,0.0,0.0,,,0.0,0.0,True,False,0,0,False,False
Q99J77_46.0,0.0,0.0,0.0,,,0.0,0.0,True,False,0,0,False,False
Q99J77_8.0,0.0,0.0,0.0,,,0.0,0.0,True,False,0,0,False,False
Q99J83_19.0,0.0,0.0,0.0,,,0.0,0.0,True,False,0,0,False,False
Q99J83_223.0,0.0,0.0,0.0,,,0.0,0.0,True,False,0,0,False,False
Q99J85_487.0,0.0,0.0,0.0,,,0.0,0.0,True,False,0,0,False,False
Q99J85_95.0,0.0,0.0,0.0,,,0.0,0.0,True,False,0,0,False,False
Q99J95_85.0,0.0,0.0,0.0,,,0.0,0.0,True,False,0,0,False,False
Q99JB2_167.0,0.0,0.0,0.0,,,0.0,0.0,True,False,0,0,False,False
Q99JB8_231.0,0.0,0.0,0.0,,,0.0,0.0,True,False,0,0,False,False
Q99JB8_36.0,0.0,0.0,0.0,,,0.0,0.0,True,False,0,0,False,False
Q99JB8_402.0,0.0,0.0,0.0,,,0.0,0.0,True,False,0,0,False,False
Q99JB8_421.0,0.0,0.0,0.0,,,0.0,0.0,True,False,0,0,False,False
Q99JF5_268.0,33.29549916585287,11.568435668945312,-1.5251333785813666,0.1972373836684483,,-21.727063496907554,21.727063496907554,False,True,partial,partial,False,False
Q99JF8_203.0,0.0,0.0,0.0,,,0.0,0.0,True,False,0,0,False,False
Q99JG2_203.0,12.890064080556234,7.098787864049275,-0.8606148287774147,0.14341853720370024,,-5.791276216506959,5.791276216506959,False,True,partial,partial,False,False
Q99JG2_481.0,0.0,0.0,0.0,,,0.0,0.0,True,False,0,0,False,False
Q99JH7_223.0,0.0,0.0,0.0,,,0.0,0.0,True,False,0,0,False,False
Q99JH7_66.0,0.0,0.0,0.0,,,0.0,0.0,True,False,0,0,False,False
Q99JH7_708.0,35.24619992574056,17.49185625712077,-1.0107843235338925,0.4071227558925755,,-17.754343668619793,17.754343668619793,False,True,partial,partial,False,False
Q99JI4_112.0,0.0,0.0,0.0,,,0.0,0.0,True,False,0,0,False,False
Q99JI4_188.0,0.0,0.0,0.0,,,0.0,0.0,True,False,0,0,False,False
Q99JI4_266.0,0.0,0.0,0.0,,,0.0,0.0,True,False,0,0,False,False
Q99JI4_58.0,0.0,0.0,0.0,,,0.0,0.0,True,False,0,0,False,False
Q99JI6_118.0,0.0,0.0,0.0,,,0.0,0.0,True,False,0,0,False,False
Q99JI6_141.0,0.0,0.0,0.0,,,0.0,0.0,True,False,0,0,False,False
Q99JN2_452.0,0.0,0.0,0.0,,,0.0,0.0,True,False,0,0,False,False
Q99JP0_720.0,0.0,0.0,0.0,,,0.0,0.0,True,False,0,0,False,False
Q99JP6_311.0,0.0,0.0,0.0,,,0.0,0.0,True,False,0,0,False,False
Q99JR5_121.0,18.82742913564046,12.562745253245035,-0.5836842537290701,0.07569885716233463,,-6.264683882395426,6.264683882395426,False,True,partial,partial,False,False
Q99JR5_291.0,26.99118995666504,22.0559983253479,-0.29131751916045695,0.5855626147014961,,-4.935191631317139,4.935191631317139,False,True,partial,partial,False,False
Q99JR5_47.0,0.0,0.0,0.0,,,0.0,0.0,True,False,0,0,False,False
Q99JR6_163.0,0.0,0.0,0.0,,,0.0,0.0,True,False,0,0,False,False
Q99JT1_322.0,0.0,0.0,0.0,,,0.0,0.0,True,False,0,0,False,False
Q99JT1_505.0,0.0,0.8403561115264893,29.646425578542384,0.36321746764912255,,0.8403561115264893,0.8403561115264893,False,True,0,partial,False,False
Q99JT2_392.0,0.0,0.0,0.0,,,0.0,0.0,True,False,0,0,False,False
Q99JW1_230.0,0.0,0.0,0.0,,,0.0,0.0,True,False,0,0,False,False
Q99JW2_23.0,0.0,0.0,0.0,,,0.0,0.0,True,False,0,0,False,False
Q99JW2_331.0,0.0,0.0,0.0,,,0.0,0.0,True,False,0,0,False,False
Q99JW2_49.0,0.0,0.0,0.0,,,0.0,0.0,True,False,0,0,False,False
Q99JW4_138.0,0.0,0.0,0.0,,,0.0,0.0,True,False,0,0,False,False
Q99JW4_181.0,0.0,0.0,0.0,,,0.0,0.0,True,False,0,0,False,False
Q99JW4_193.0,0.0,0.0,0.0,,,0.0,0.0,True,False,0,0,False,False
Q99JW4_222.0,0.0,0.0,0.0,,,0.0,0.0,True,False,0,0,False,False
Q99JW4_300.0,0.0,0.0,0.0,,,0.0,0.0,True,False,0,0,False,False
Q99JW4_94.0,0.0,0.0,0.0,,,0.0,0.0,True,False,0,0,False,False
Q99JX3_173.0,0.0,0.0,0.0,,,0.0,0.0,True,False,0,0,False,False
Q99JX3_192.0,0.0,0.0,0.0,,,0.0,0.0,True,False,0,0,False,False
Q99JX4_125.0,0.0,0.0,0.0,,,0.0,0.0,True,False,0,0,False,False
Q99JX4_134.0,0.0,0.0,0.0,,,0.0,0.0,True,False,0,0,False,False
Q99JX4_175.0,0.0,0.0,0.0,,,0.0,0.0,True,False,0,0,False,False
Q99JX7_142.0,0.0,0.0,0.0,,,0.0,0.0,True,False,0,0,False,False
Q99JX7_251.0,0.0,0.0,0.0,,,0.0,0.0,True,False,0,0,False,False
Q99JX7_372.0,0.0,0.0,0.0,,,0.0,0.0,True,False,0,0,False,False
Q99JX7_527.0,0.0,0.0,0.0,,,0.0,0.0,True,False,0,0,False,False
Q99JY0_436.0,0.0,0.0,0.0,,,0.0,0.0,True,False,0,0,False,False
Q99JY0_459.0,0.0,0.0,0.0,,,0.0,0.0,True,False,0,0,False,False
Q99JY8_182.0,0.0,0.0,0.0,,,0.0,0.0,True,False,0,0,False,False
Q99JY8_68.0,14.799750328063965,10.093279520670572,-0.5521778248889383,0.22809189302461602,,-4.7064708073933925,4.7064708073933925,False,True,partial,partial,False,False
Q99JY9_12.0,0.0,0.0,0.0,,,0.0,0.0,True,False,0,0,False,False
Q99JY9_189.0,0.0,0.0,0.0,,,0.0,0.0,True,False,0,0,False,False
Q99JY9_235.0,3.922155737876892,3.1944953401883445,-0.2960587868101137,0.1827105939622709,,-0.7276603976885476,0.7276603976885476,False,True,partial,partial,False,False
Q99JY9_34.0,0.0,0.0,0.0,,,0.0,0.0,True,False,0,0,False,False
Q99JY9_408.0,0.0,0.0,0.0,,,0.0,0.0,True,False,0,0,False,False
Q99JY9_8.0,0.0,0.0,0.0,,,0.0,0.0,True,False,0,0,False,False
Q99K01_206.0,0.0,0.0,0.0,,,0.0,0.0,True,False,0,0,False,False
Q99K01_425.0,0.0,0.0,0.0,,,0.0,0.0,True,False,0,0,False,False
Q99K01_481.0,0.0,0.0,0.0,,,0.0,0.0,True,False,0,0,False,False
Q99K01_491.0,0.0,0.0,0.0,,,0.0,0.0,True,False,0,0,False,False
Q99K10_778.0,0.0,0.0,0.0,,,0.0,0.0,True,False,0,0,False,False
Q99K23_453.0,0.0,0.0,0.0,,,0.0,0.0,True,False,0,0,False,False
Q99K30_546.0,0.0,0.0,0.0,,,0.0,0.0,True,False,0,0,False,False
Q99K30_673.0,0.0,0.0,0.0,,,0.0,0.0,True,False,0,0,False,False
Q99K46_728.0,0.0,0.0,0.0,,,0.0,0.0,True,False,0,0,False,False
Q99K46_853.0,0.0,0.0,0.0,,,0.0,0.0,True,False,0,0,False,False
Q99K48_147.0,0.0,0.0,0.0,,,0.0,0.0,True,False,0,0,False,False
Q99K48_210.0,0.0,0.0,0.0,,,0.0,0.0,True,False,0,0,False,False
Q99K51_104.0,0.0,2.9336037635803223,31.45002687650445,0.18252105206721728,,2.9336037635803223,2.9336037635803223,False,True,0,partial,False,False
Q99K51_143.0,0.0,0.0,0.0,,,0.0,0.0,True,False,0,0,False,False
Q99K51_167.0,0.0,0.0,0.0,,,0.0,0.0,True,False,0,0,False,False
Q99K51_33.0,0.0,0.0,0.0,,,0.0,0.0,True,False,0,0,False,False
Q99K51_463.0,0.0,0.0,0.0,,,0.0,0.0,True,False,0,0,False,False
Q99K67_240.0,0.0,0.0,0.0,,,0.0,0.0,True,False,0,0,False,False
Q99K67_342.0,0.0,0.0,0.0,,,0.0,0.0,True,False,0,0,False,False
Q99K67_765.0,0.0,0.0,0.0,,,0.0,0.0,True,False,0,0,False,False
Q99K70_357.0,0.0,0.0,0.0,,,0.0,0.0,True,False,0,0,False,False
Q99K70_376.0,0.0,0.0,0.0,,,0.0,0.0,True,False,0,0,False,False
Q99K85_175.0,0.0,0.0,0.0,,,0.0,0.0,True,False,0,0,False,False
Q99K85_224.0,10.59214981396993,10.316499869028727,-0.03804184933874095,0.7401003513596047,,-0.275649944941204,0.275649944941204,False,True,partial,partial,False,False
Q99K85_291.0,0.0,0.0,0.0,,,0.0,0.0,True,False,0,0,False,False
Q99K95_208.0,0.0,0.0,0.0,,,0.0,0.0,True,False,0,0,False,False
Q99KB8_220.0,0.0,0.0,0.0,,,0.0,0.0,True,False,0,0,False,False
Q99KC8_112.0,0.0,0.0,0.0,,,0.0,0.0,True,False,0,0,False,False
Q99KC8_279.0,0.0,0.0,0.0,,,0.0,0.0,True,False,0,0,False,False
Q99KC8_374.0,0.0,0.0,0.0,,,0.0,0.0,True,False,0,0,False,False
Q99KC8_645.0,0.0,0.0,0.0,,,0.0,0.0,True,False,0,0,False,False
Q99KC8_659.0,0.0,0.0,0.0,,,0.0,0.0,True,False,0,0,False,False
Q99KE1_185.0,0.0,0.0,0.0,,,0.0,0.0,True,False,0,0,False,False
Q99KE1_274.0,0.0,0.0,0.0,,,0.0,0.0,True,False,0,0,False,False
Q99KG3_219.0,0.0,0.0,0.0,,,0.0,0.0,True,False,0,0,False,False
Q99KH8_382.0,0.0,0.0,0.0,,,0.0,0.0,True,False,0,0,False,False
Q99KH8_403.0,0.0,0.0,0.0,,,0.0,0.0,True,False,0,0,False,False
Q99KI0_126.0,2.8965691129366555,1.7259693344434102,-0.7469382560186042,0.49889733799213665,,-1.1705997784932454,1.1705997784932454,False,True,partial,partial,False,False
Q99KI0_385.0,9.493369738260904,7.849471807479858,-0.2743246948248207,0.020136703081662374,,-1.643897930781046,1.643897930781046,False,True,partial,partial,False,False
Q99KI0_448.0,0.0,0.0,0.0,,,0.0,0.0,True,False,0,0,False,False
Q99KI0_451.0,0.0,0.0,0.0,,,0.0,0.0,True,False,0,0,False,False
Q99KI0_592.0,1.1432886719703674,0.8768008152643839,-0.38286867418378756,0.2480241735210284,,-0.2664878567059835,0.2664878567059835,False,True,partial,partial,False,False
Q99KK2_362.0,0.0,0.0,0.0,,,0.0,0.0,True,False,0,0,False,False
Q99KK2_378.0,0.0,0.0,0.0,,,0.0,0.0,True,False,0,0,False,False
Q99KK2_392.0,0.0,0.0,0.0,,,0.0,0.0,True,False,0,0,False,False
Q99KK2_403.0,0.0,0.0,0.0,,,0.0,0.0,True,False,0,0,False,False
Q99KK2_430.0,0.0,0.0,0.0,,,0.0,0.0,True,False,0,0,False,False
Q99KK7_509.0,0.0,0.0,0.0,,,0.0,0.0,True,False,0,0,False,False
Q99KK7_654.0,0.0,0.0,0.0,,,0.0,0.0,True,False,0,0,False,False
Q99KK9_224.0,0.0,0.0,0.0,,,0.0,0.0,True,False,0,0,False,False
Q99KK9_235.0,0.0,0.0,0.0,,,0.0,0.0,True,False,0,0,False,False
Q99KK9_455.0,0.0,0.0,0.0,,,0.0,0.0,True,False,0,0,False,False
Q99KL7_169.0,0.0,0.0,0.0,,,0.0,0.0,True,False,0,0,False,False
Q99KL7_31.0,0.0,0.0,0.0,,,0.0,0.0,True,False,0,0,False,False
Q99KN2_123.0,0.0,0.0,0.0,,,0.0,0.0,True,False,0,0,False,False
Q99KN2_212.0,0.0,0.0,0.0,,,0.0,0.0,True,False,0,0,False,False
Q99KN2_308.0,0.0,0.0,0.0,,,0.0,0.0,True,False,0,0,False,False
Q99KN2_52.0,0.0,0.0,0.0,,,0.0,0.0,True,False,0,0,False,False
Q99KP3_125.0,0.0,0.0,0.0,,,0.0,0.0,True,False,0,0,False,False
Q99KP3_252.0,0.0,0.0,0.0,,,0.0,0.0,True,False,0,0,False,False
Q99KP3_285.0,0.0,0.0,0.0,,,0.0,0.0,True,False,0,0,False,False
Q99KP6_114.0,0.0,0.0,0.0,,,0.0,0.0,True,False,0,0,False,False
Q99KP6_230.0,0.0,0.0,0.0,,,0.0,0.0,True,False,0,0,False,False
Q99KP6_298.0,0.0,0.0,0.0,,,0.0,0.0,True,False,0,0,False,False
Q99KQ4_39.0,0.0,0.0,0.0,,,0.0,0.0,True,False,0,0,False,False
Q99KQ4_397.0,0.0,0.0,0.0,,,0.0,0.0,True,False,0,0,False,False
Q99KR3_100.0,0.0,0.0,0.0,,,0.0,0.0,True,False,0,0,False,False
Q99KR3_21.0,55.23003069559733,57.38505744934082,0.05522219181673953,0.9102091620856495,,2.155026753743492,2.155026753743492,False,True,partial,partial,False,False
Q99KR6_329.0,0.0,0.0,0.0,,,0.0,0.0,True,False,0,0,False,False
Q99KR7_103.0,0.0,0.0,0.0,,,0.0,0.0,True,False,0,0,False,False
Q99KR7_156.0,0.0,0.0,0.0,,,0.0,0.0,True,False,0,0,False,False
Q99KR7_202.0,0.0,0.0,0.0,,,0.0,0.0,True,False,0,0,False,False
Q99KW9_447.0,0.0,0.0,0.0,,,0.0,0.0,True,False,0,0,False,False
Q99KY4_145.0,0.0,0.0,0.0,,,0.0,0.0,True,False,0,0,False,False
Q99KY4_156.0,0.0,0.0,0.0,,,0.0,0.0,True,False,0,0,False,False
Q99KY4_190.0,0.0,0.0,0.0,,,0.0,0.0,True,False,0,0,False,False
Q99KY4_470.0,0.0,0.0,0.0,,,0.0,0.0,True,False,0,0,False,False
Q99KY4_689.0,0.0,0.0,0.0,,,0.0,0.0,True,False,0,0,False,False
Q99KY4_87.0,0.0,0.0,0.0,,,0.0,0.0,True,False,0,0,False,False
Q99L04_10.0,0.0,0.0,0.0,,,0.0,0.0,True,False,0,0,False,False
Q99L04_130.0,0.0,0.0,0.0,,,0.0,0.0,True,False,0,0,False,False
Q99L04_177.0,0.0,0.0,0.0,,,0.0,0.0,True,False,0,0,False,False
Q99L04_235.0,0.0,0.0,0.0,,,0.0,0.0,True,False,0,0,False,False
Q99L04_256.0,0.0,0.0,0.0,,,0.0,0.0,True,False,0,0,False,False
Q99L04_28.0,0.0,0.0,0.0,,,0.0,0.0,True,False,0,0,False,False
Q99L13_74.0,0.0,0.0,0.0,,,0.0,0.0,True,False,0,0,False,False
Q99L20_182.0,0.0,0.0,0.0,,,0.0,0.0,True,False,0,0,False,False
Q99L27_186.0,0.0,0.0,0.0,,,0.0,0.0,True,False,0,0,False,False
Q99L27_205.0,0.0,0.0,0.0,,,0.0,0.0,True,False,0,0,False,False
Q99L27_222.0,0.0,0.0,0.0,,,0.0,0.0,True,False,0,0,False,False
Q99L27_316.0,0.0,0.0,0.0,,,0.0,0.0,True,False,0,0,False,False
Q99L45_224.0,0.0,0.0,0.0,,,0.0,0.0,True,False,0,0,False,False
Q99L45_279.0,0.0,0.0,0.0,,,0.0,0.0,True,False,0,0,False,False
Q99L45_300.0,0.0,0.0,0.0,,,0.0,0.0,True,False,0,0,False,False
Q99L47_208.0,0.0,0.0,0.0,,,0.0,0.0,True,False,0,0,False,False
Q99L48_218.0,0.0,0.0,0.0,,,0.0,0.0,True,False,0,0,False,False
Q99L85_187.0,0.0,0.0,0.0,,,0.0,0.0,True,False,0,0,False,False
Q99LB2_210.0,0.0,0.0,0.0,,,0.0,0.0,True,False,0,0,False,False
Q99LB2_89.0,0.0,0.0,0.0,,,0.0,0.0,True,False,0,0,False,False
Q99LB6_16.0,0.0,0.0,0.0,,,0.0,0.0,True,False,0,0,False,False
Q99LB6_231.0,0.0,0.0,0.0,,,0.0,0.0,True,False,0,0,False,False
Q99LB6_297.0,0.0,0.0,0.0,,,0.0,0.0,True,False,0,0,False,False
Q99LB6_58.0,0.0,0.0,0.0,,,0.0,0.0,True,False,0,0,False,False
Q99LB7_236.0,0.0,0.0,0.0,,,0.0,0.0,True,False,0,0,False,False
Q99LB7_382.0,0.0,0.0,0.0,,,0.0,0.0,True,False,0,0,False,False
Q99LB7_498.0,0.0,0.0,0.0,,,0.0,0.0,True,False,0,0,False,False
Q99LB7_672.0,0.0,0.0,0.0,,,0.0,0.0,True,False,0,0,False,False
Q99LB7_745.0,0.0,0.0,0.0,,,0.0,0.0,True,False,0,0,False,False
Q99LC2_178.0,0.0,0.0,0.0,,,0.0,0.0,True,False,0,0,False,False
Q99LC3_183.0,18.991199652353924,17.772561232248943,-0.09567943631499243,0.4394776682474786,,-1.2186384201049805,1.2186384201049805,False,True,partial,partial,False,False
Q99LC3_253.0,0.0,0.0,0.0,,,0.0,0.0,True,False,0,0,False,False
Q99LC3_67.0,0.0,0.0,0.0,,,0.0,0.0,True,False,0,0,False,False
Q99LC5_109.0,0.0,0.0,0.0,,,0.0,0.0,True,False,0,0,False,False
Q99LC5_155.0,0.0,0.0,0.0,,,0.0,0.0,True,False,0,0,False,False
Q99LC5_53.0,2.732588450113932,4.6531139214833575,0.7679283138949858,0.5034765523899907,,1.9205254713694253,1.9205254713694253,False,True,partial,partial,False,False
Q99LC5_68.0,0.0,0.0,0.0,,,0.0,0.0,True,False,0,0,False,False
Q99LC8_115.0,0.0,0.0,0.0,,,0.0,0.0,True,False,0,0,False,False
Q99LC8_218.0,0.0,0.0,0.0,,,0.0,0.0,True,False,0,0,False,False
Q99LD4_155.0,0.0,0.0,0.0,,,0.0,0.0,True,False,0,0,False,False
Q99LD4_172.0,0.0,0.0,0.0,,,0.0,0.0,True,False,0,0,False,False
Q99LD8_176.0,0.0,0.0,0.0,,,0.0,0.0,True,False,0,0,False,False
Q99LD8_262.0,0.0,0.0,0.0,,,0.0,0.0,True,False,0,0,False,False
Q99LE6_166.0,0.0,0.0,0.0,,,0.0,0.0,True,False,0,0,False,False
Q99LE6_191.0,0.0,0.0,0.0,,,0.0,0.0,True,False,0,0,False,False
Q99LE6_393.0,0.0,0.0,0.0,,,0.0,0.0,True,False,0,0,False,False
Q99LE6_591.0,0.0,0.0,0.0,,,0.0,0.0,True,False,0,0,False,False
Q99LF4_193.0,0.0,0.0,0.0,,,0.0,0.0,True,False,0,0,False,False
Q99LF4_255.0,0.0,0.0,0.0,,,0.0,0.0,True,False,0,0,False,False
Q99LF4_485.0,0.0,0.0,0.0,,,0.0,0.0,True,False,0,0,False,False
Q99LG2_154.0,0.0,0.0,0.0,,,0.0,0.0,True,False,0,0,False,False
Q99LG2_195.0,0.0,0.0,0.0,,,0.0,0.0,True,False,0,0,False,False
Q99LG2_456.0,0.0,0.0,0.0,,,0.0,0.0,True,False,0,0,False,False
Q99LG2_779.0,0.0,0.0,0.0,,,0.0,0.0,True,False,0,0,False,False
Q99LG2_93.0,0.0,0.0,0.0,,,0.0,0.0,True,False,0,0,False,False
Q99LH2_347.0,0.0,0.0,0.0,,,0.0,0.0,True,False,0,0,False,False
Q99LH2_419.0,0.0,0.0,0.0,,,0.0,0.0,True,False,0,0,False,False
Q99LH9_109.0,0.0,0.0,0.0,,,0.0,0.0,True,False,0,0,False,False
Q99LI2_538.0,0.0,0.0,0.0,,,0.0,0.0,True,False,0,0,False,False
Q99LI7_536.0,0.0,0.0,0.0,,,0.0,0.0,True,False,0,0,False,False
Q99LI8_166.0,0.0,0.0,0.0,,,0.0,0.0,True,False,0,0,False,False
Q99LI8_185.0,0.0,0.0,0.0,,,0.0,0.0,True,False,0,0,False,False
Q99LI8_212.0,0.0,0.0,0.0,,,0.0,0.0,True,False,0,0,False,False
Q99LI8_75.0,0.0,0.0,0.0,,,0.0,0.0,True,False,0,0,False,False
Q99LJ0_312.0,0.0,0.0,0.0,,,0.0,0.0,True,False,0,0,False,False
Q99LL5_153.0,0.0,0.0,0.0,,,0.0,0.0,True,False,0,0,False,False
Q99LM2_165.0,0.0,0.0,0.0,,,0.0,0.0,True,False,0,0,False,False
Q99LP6_108.0,0.0,0.0,0.0,,,0.0,0.0,True,False,0,0,False,False
Q99LP6_47.0,0.0,0.0,0.0,,,0.0,0.0,True,False,0,0,False,False
Q99LR1_323.0,21.512513478597004,25.320132573445637,0.23510886238767545,0.5111520964524285,,3.807619094848633,3.807619094848633,False,True,partial,partial,False,False
Q99LR1_93.0,0.0,0.0,0.0,,,0.0,0.0,True,False,0,0,False,False
Q99LS3_38.0,0.0,0.0,0.0,,,0.0,0.0,True,False,0,0,False,False
Q99LW6_152.0,0.0,0.0,0.0,,,0.0,0.0,True,False,0,0,False,False
Q99LX0_46.0,2.2204770048459372,1.3489927450815837,-0.7189870410263258,0.00015092216794438136,,-0.8714842597643535,0.8714842597643535,False,True,partial,partial,False,False
Q99LX0_53.0,3.919430414835612,4.460629940032959,0.18660345292833946,0.7331503238201665,,0.5411995251973472,0.5411995251973472,False,True,partial,partial,False,False
Q99LY9_43.0,26.239417394002277,19.677315453688305,-0.41520227805853854,0.14379036913414223,,-6.562101940313973,6.562101940313973,False,True,partial,partial,False,False
Q99LY9_66.0,16.52960745493571,8.571197509765625,-0.9474837767096087,3.0119206739419855e-05,,-7.958409945170086,7.958409945170086,False,True,partial,partial,False,False
Q99M04_105.0,0.0,0.0,0.0,,,0.0,0.0,True,False,0,0,False,False
Q99M04_210.0,0.0,0.0,0.0,,,0.0,0.0,True,False,0,0,False,False
Q99M07_14.0,0.0,0.0,0.0,,,0.0,0.0,True,False,0,0,False,False
Q99M07_57.0,0.0,0.0,0.0,,,0.0,0.0,True,False,0,0,False,False
Q99M31_304.0,0.0,0.0,0.0,,,0.0,0.0,True,False,0,0,False,False
Q99M31_335.0,0.0,0.0,0.0,,,0.0,0.0,True,False,0,0,False,False
Q99M31_492.0,0.0,0.0,0.0,,,0.0,0.0,True,False,0,0,False,False
Q99M51_340.0,0.0,0.0,0.0,,,0.0,0.0,True,False,0,0,False,False
Q99M71_172.0,7.78988774617513,11.425745010375977,0.5526137945207419,0.5677062237243544,,3.6358572642008467,3.6358572642008467,False,True,partial,partial,False,False
Q99M80_1207.0,0.0,0.0,0.0,,,0.0,0.0,True,False,0,0,False,False
Q99M80_649.0,0.0,0.0,0.0,,,0.0,0.0,True,False,0,0,False,False
Q99M80_866.0,0.0,0.0,0.0,,,0.0,0.0,True,False,0,0,False,False
Q99M87_236.0,0.0,0.0,0.0,,,0.0,0.0,True,False,0,0,False,False
Q99M87_239.0,0.0,0.0,0.0,,,0.0,0.0,True,False,0,0,False,False
Q99M87_289.0,0.0,0.0,0.0,,,0.0,0.0,True,False,0,0,False,False
Q99MD9_694.0,0.0,0.0,0.0,,,0.0,0.0,True,False,0,0,False,False
Q99ME9_174.0,0.0,0.0,0.0,,,0.0,0.0,True,False,0,0,False,False
Q99MI1_258.0,0.0,0.0,0.0,,,0.0,0.0,True,False,0,0,False,False
Q99MJ9_630.0,0.0,0.0,0.0,,,0.0,0.0,True,False,0,0,False,False
Q99MK8_120.0,0.0,0.0,0.0,,,0.0,0.0,True,False,0,0,False,False
Q99MK8_154.0,0.0,0.0,0.0,,,0.0,0.0,True,False,0,0,False,False
Q99MK8_208.0,0.0,0.0,0.0,,,0.0,0.0,True,False,0,0,False,False
Q99MK8_340.0,0.0,0.0,0.0,,,0.0,0.0,True,False,0,0,False,False
Q99MK8_559.0,0.0,0.0,0.0,,,0.0,0.0,True,False,0,0,False,False
Q99MK8_634.0,0.0,0.0,0.0,,,0.0,0.0,True,False,0,0,False,False
Q99MN1_425.0,0.0,0.0,0.0,,,0.0,0.0,True,False,0,0,False,False
Q99MN1_432.0,0.0,0.0,0.0,,,0.0,0.0,True,False,0,0,False,False
Q99MN1_494.0,0.0,0.0,0.0,,,0.0,0.0,True,False,0,0,False,False
Q99MN9_271.0,0.0,0.0,0.0,,,0.0,0.0,True,False,0,0,False,False
Q99MN9_293.0,0.0,0.0,0.0,,,0.0,0.0,True,False,0,0,False,False
Q99MN9_367.0,0.0,0.0,0.0,,,0.0,0.0,True,False,0,0,False,False
Q99MN9_518.0,0.0,0.0,0.0,,,0.0,0.0,True,False,0,0,False,False
Q99MP8_163.0,0.0,0.0,0.0,,,0.0,0.0,True,False,0,0,False,False
Q99MP8_305.0,0.0,0.0,0.0,,,0.0,0.0,True,False,0,0,False,False
Q99MP8_47.0,0.0,0.0,0.0,,,0.0,0.0,True,False,0,0,False,False
Q99MR0_203.0,0.0,0.0,0.0,,,0.0,0.0,True,False,0,0,False,False
Q99MR0_95.0,0.0,0.0,0.0,,,0.0,0.0,True,False,0,0,False,False
Q99MR1_516.0,0.0,0.0,0.0,,,0.0,0.0,True,False,0,0,False,False
Q99MR6_411.0,0.0,0.0,0.0,,,0.0,0.0,True,False,0,0,False,False
Q99MR6_420.0,0.0,0.0,0.0,,,0.0,0.0,True,False,0,0,False,False
Q99MR6_440.0,0.0,0.0,0.0,,,0.0,0.0,True,False,0,0,False,False
Q99MR6_478.0,0.0,0.0,0.0,,,0.0,0.0,True,False,0,0,False,False
Q99MR6_489.0,0.0,0.0,0.0,,,0.0,0.0,True,False,0,0,False,False
Q99MR6_627.0,0.0,0.0,0.0,,,0.0,0.0,True,False,0,0,False,False
Q99MR6_714.0,0.0,0.0,0.0,,,0.0,0.0,True,False,0,0,False,False
Q99MR8_138.0,0.0,0.0,0.0,,,0.0,0.0,True,False,0,0,False,False
Q99MR8_186.0,0.0,0.0,0.0,,,0.0,0.0,True,False,0,0,False,False
Q99MR8_505.0,0.0,0.0,0.0,,,0.0,0.0,True,False,0,0,False,False
Q99MR8_591.0,0.0,0.0,0.0,,,0.0,0.0,True,False,0,0,False,False
Q99MU3_345.0,0.0,0.0,0.0,,,0.0,0.0,True,False,0,0,False,False
Q99MU3_575.0,0.0,0.0,0.0,,,0.0,0.0,True,False,0,0,False,False
Q99MU3_583.0,0.0,0.0,0.0,,,0.0,0.0,True,False,0,0,False,False
Q99N11_52.0,0.0,0.0,0.0,,,0.0,0.0,True,False,0,0,False,False
Q99N13_532.0,0.0,0.0,0.0,,,0.0,0.0,True,False,0,0,False,False
Q99N28_150.0,21.603109041849773,11.392985463142395,-0.9230931086349279,0.002955517221871496,,-10.210123578707378,10.210123578707378,False,True,partial,partial,False,False
Q99N28_207.0,13.986255327860514,10.430956999460856,-0.4231382222575623,0.00041080554465381796,,-3.555298328399658,3.555298328399658,False,True,partial,partial,False,False
Q99N50_817.0,0.0,0.0,0.0,,,0.0,0.0,True,False,0,0,False,False
Q99N57_184.0,0.0,0.0,0.0,,,0.0,0.0,True,False,0,0,False,False
Q99N57_95.0,0.0,0.0,0.0,,,0.0,0.0,True,False,0,0,False,False
Q99N84_158.0,0.0,0.0,0.0,,,0.0,0.0,True,False,0,0,False,False
Q99N85_139.0,0.0,0.0,0.0,,,0.0,0.0,True,False,0,0,False,False
Q99N85_70.0,0.0,0.0,0.0,,,0.0,0.0,True,False,0,0,False,False
Q99N87_379.0,0.0,0.0,0.0,,,0.0,0.0,True,False,0,0,False,False
Q99N95_127.0,0.0,0.0,0.0,,,0.0,0.0,True,False,0,0,False,False
Q99NB1_144.0,0.0,0.0,0.0,,,0.0,0.0,True,False,0,0,False,False
Q99NB1_235.0,33.185203552246094,30.33969020843506,-0.1293337688588429,0.7643892133051586,,-2.845513343811035,2.845513343811035,False,True,partial,partial,False,False
Q99NB1_86.0,0.0,0.0,0.0,,,0.0,0.0,True,False,0,0,False,False
Q99NB9_1035.0,0.0,0.0,0.0,,,0.0,0.0,True,False,0,0,False,False
Q99NB9_1244.0,0.0,0.0,0.0,,,0.0,0.0,True,False,0,0,False,False
Q99NB9_795.0,0.0,0.0,0.0,,,0.0,0.0,True,False,0,0,False,False
Q99NE5_1103.0,0.0,0.0,0.0,,,0.0,0.0,True,False,0,0,False,False
Q99NE5_1358.0,0.0,0.0,0.0,,,0.0,0.0,True,False,0,0,False,False
Q99NE5_139.0,0.0,0.0,0.0,,,0.0,0.0,True,False,0,0,False,False
Q99NE5_1460.0,0.0,0.0,0.0,,,0.0,0.0,True,False,0,0,False,False
Q99NE5_151.0,0.0,0.0,0.0,,,0.0,0.0,True,False,0,0,False,False
Q99NE5_869.0,0.0,0.0,0.0,,,0.0,0.0,True,False,0,0,False,False
Q99NF2_156.0,0.0,0.0,0.0,,,0.0,0.0,True,False,0,0,False,False
Q99NF2_169.0,0.0,0.0,0.0,,,0.0,0.0,True,False,0,0,False,False
Q99NF3_171.0,0.0,0.0,0.0,,,0.0,0.0,True,False,0,0,False,False
Q99NF3_187.0,0.0,0.0,0.0,,,0.0,0.0,True,False,0,0,False,False
Q99NF3_240.0,0.0,0.0,0.0,,,0.0,0.0,True,False,0,0,False,False
Q99NF3_352.0,0.0,0.0,0.0,,,0.0,0.0,True,False,0,0,False,False
Q99NH0_1332.0,0.0,0.0,0.0,,,0.0,0.0,True,False,0,0,False,False
Q99NH0_1618.0,0.0,0.0,0.0,,,0.0,0.0,True,False,0,0,False,False
Q99NH0_206.0,0.0,0.0,0.0,,,0.0,0.0,True,False,0,0,False,False
Q99NH0_238.0,0.0,0.0,0.0,,,0.0,0.0,True,False,0,0,False,False
Q99NH0_50.0,0.0,0.0,0.0,,,0.0,0.0,True,False,0,0,False,False
Q99NH2_66.0,0.0,0.0,0.0,,,0.0,0.0,True,False,0,0,False,False
Q99P30_223.0,0.0,0.0,0.0,,,0.0,0.0,True,False,0,0,False,False
Q99P31_170.0,0.0,0.0,0.0,,,0.0,0.0,True,False,0,0,False,False
Q99P31_199.0,0.0,0.0,0.0,,,0.0,0.0,True,False,0,0,False,False
Q99P31_308.0,8.610648473103842,0.0,-33.00347474609669,0.17720399671812315,,-8.610648473103842,8.610648473103842,False,True,partial,0,False,False
Q99P31_339.0,0.0,0.0,0.0,,,0.0,0.0,True,False,0,0,False,False
Q99P31_346.0,0.0,0.0,0.0,,,0.0,0.0,True,False,0,0,False,False
Q99P47_517.0,0.0,0.0,0.0,,,0.0,0.0,True,False,0,0,False,False
Q99P47_787.0,0.0,0.0,0.0,,,0.0,0.0,True,False,0,0,False,False
Q99P47_933.0,0.0,0.0,0.0,,,0.0,0.0,True,False,0,0,False,False
Q99P47_960.0,19.092984358469646,9.292479832967123,-1.0389070657792108,0.004852892593996009,,-9.800504525502523,9.800504525502523,False,True,partial,partial,False,False
Q99P58_123.0,8.56761646270752,5.512044270833333,-0.6363064225432054,0.70398414158327,,-3.0555721918741865,3.0555721918741865,False,True,partial,partial,False,False
Q99P72_319.0,2.138275941212972,0.46928147474924725,-2.1879226251477504,0.28814637008080557,,-1.6689944664637248,1.6689944664637248,False,True,partial,partial,False,False
Q99P72_884.0,0.0,0.0,0.0,,,0.0,0.0,True,False,0,0,False,False
Q99P88_1344.0,0.0,0.0,0.0,,,0.0,0.0,True,False,0,0,False,False
Q99P88_917.0,0.0,0.0,0.0,,,0.0,0.0,True,False,0,0,False,False
Q99P88_974.0,0.0,0.0,0.0,,,0.0,0.0,True,False,0,0,False,False
Q99PG2_400.0,0.0,0.0,0.0,,,0.0,0.0,True,False,0,0,False,False
Q99PG2_416.0,0.0,0.0,0.0,,,0.0,0.0,True,False,0,0,False,False
Q99PI5_627.0,0.0,0.0,0.0,,,0.0,0.0,True,False,0,0,False,False
Q99PI8_287.0,0.0,0.0,0.0,,,0.0,0.0,True,False,0,0,False,False
Q99PJ0_201.0,54.454102198282875,29.647886912027996,-0.8771114522380511,0.047057544248710025,,-24.80621528625488,24.80621528625488,False,True,partial,partial,False,False
Q99PJ0_243.0,3.3112030029296875,2.149190823237101,-0.6235618787736192,0.6595588338239183,,-1.1620121796925864,1.1620121796925864,False,True,partial,partial,False,False
Q99PL5_1136.0,0.0,0.0,0.0,,,0.0,0.0,True,False,0,0,False,False
Q99PL5_1198.0,0.0,0.0,0.0,,,0.0,0.0,True,False,0,0,False,False
Q99PL5_1327.0,0.0,0.0,0.0,,,0.0,0.0,True,False,0,0,False,False
Q99PL5_1415.0,0.0,0.0,0.0,,,0.0,0.0,True,False,0,0,False,False
Q99PL5_845.0,0.0,0.0,0.0,,,0.0,0.0,True,False,0,0,False,False
Q99PL6_210.0,0.0,0.0,0.0,,,0.0,0.0,True,False,0,0,False,False
Q99PL6_347.0,0.0,0.0,0.0,,,0.0,0.0,True,False,0,0,False,False
Q99PT1_79.0,0.0,0.0,0.0,,,0.0,0.0,True,False,0,0,False,False
Q99PU5_10.0,0.0,0.0,0.0,,,0.0,0.0,True,False,0,0,False,False
Q99PU5_534.0,4.4904407660166425,4.477735320727031,-0.004087808935450831,0.9899142298745014,,-0.012705445289611816,0.012705445289611816,False,True,partial,partial,False,False
Q99PU5_95.0,0.0,0.0,0.0,,,0.0,0.0,True,False,0,0,False,False
Q99PU8_1206.0,0.0,0.0,0.0,,,0.0,0.0,True,False,0,0,False,False
Q99PU8_369.0,0.0,0.0,0.0,,,0.0,0.0,True,False,0,0,False,False
Q99PU8_53.0,0.0,0.0,0.0,,,0.0,0.0,True,False,0,0,False,False
Q99PU8_788.0,0.0,0.0,0.0,,,0.0,0.0,True,False,0,0,False,False
Q99PV0_1228.0,0.0,0.0,0.0,,,0.0,0.0,True,False,0,0,False,False
Q99PV0_1896.0,0.0,0.0,0.0,,,0.0,0.0,True,False,0,0,False,False
Q99PV0_2116.0,0.0,0.0,0.0,,,0.0,0.0,True,False,0,0,False,False
Q99PV0_2144.0,7.081650416056315,16.334768295288086,1.205788458216941,0.48273474862471477,,9.25311787923177,9.25311787923177,False,True,partial,partial,False,False
Q99PV0_435.0,0.0,0.0,0.0,,,0.0,0.0,True,False,0,0,False,False
Q99PV0_547.0,0.0,0.0,0.0,,,0.0,0.0,True,False,0,0,False,False
Q9BCZ4_175.0,0.0,0.0,0.0,,,0.0,0.0,True,False,0,0,False,False
Q9CPP6_17.0,6.66926908493042,0.7616462409496307,-3.130335681887075,0.06823661251203601,,-5.907622843980789,5.907622843980789,False,True,partial,partial,False,False
Q9CPR4_144.0,0.0,0.0,0.0,,,0.0,0.0,True,False,0,0,False,False
Q9CPR5_8.0,0.0,0.0,0.0,,,0.0,0.0,True,False,0,0,False,False
Q9CPR7_146.0,0.0,0.0,0.0,,,0.0,0.0,True,False,0,0,False,False
Q9CPR7_164.0,0.0,0.0,0.0,,,0.0,0.0,True,False,0,0,False,False
Q9CPS6_49.0,0.0,0.0,0.0,,,0.0,0.0,True,False,0,0,False,False
Q9CPT3_49.0,0.0,0.0,0.0,,,0.0,0.0,True,False,0,0,False,False
Q9CPT3_96.0,0.0,0.0,0.0,,,0.0,0.0,True,False,0,0,False,False
Q9CPU0_139.0,0.0,0.0,0.0,,,0.0,0.0,True,False,0,0,False,False
Q9CPU4_56.0,4.5306646426518755,4.900322874387105,0.1131541018936528,0.7337666931731925,,0.3696582317352295,0.3696582317352295,False,True,partial,partial,False,False
Q9CPV4_182.0,0.0,0.0,0.0,,,0.0,0.0,True,False,0,0,False,False
Q9CPV4_206.0,0.0,0.0,0.0,,,0.0,0.0,True,False,0,0,False,False
Q9CPV4_41.0,16.323708216349285,8.432057619094849,-0.9530121973718615,0.00035999374210947665,,-7.891650597254436,7.891650597254436,False,True,partial,partial,False,False
Q9CPV4_45.0,5.626303354899089,12.954627195994059,1.2032082525305905,0.22278966187293256,,7.32832384109497,7.32832384109497,False,True,partial,partial,False,False
Q9CPW0_1179.0,9.843716939290365,7.402586460113525,-0.41117373719910705,0.4768118045548674,,-2.44113047917684,2.44113047917684,False,True,partial,partial,False,False
Q9CPW0_743.0,0.0,0.0,0.0,,,0.0,0.0,True,False,0,0,False,False
Q9CPW2_142.0,0.0,0.0,0.0,,,0.0,0.0,True,False,0,0,False,False
Q9CPY7_129.0,0.0,0.0,0.0,,,0.0,0.0,True,False,0,0,False,False
Q9CPY7_313.0,3.295880913734436,1.291966398557027,-1.3510955666186346,0.10147247724694759,,-2.003914515177409,2.003914515177409,False,True,partial,partial,False,False
Q9CPY7_376.0,0.0,0.0,0.0,,,0.0,0.0,True,False,0,0,False,False
Q9CPY7_445.0,4.180459181467692,4.247949600219727,0.0231052328140841,0.9861909483476289,,0.06749041875203421,0.06749041875203421,False,True,partial,partial,False,False
Q9CPY7_462.0,2.256798267364502,3.8811928431193032,0.7822226537686597,0.6380945934317177,,1.6243945757548013,1.6243945757548013,False,True,partial,partial,False,False
Q9CQ02_107.0,0.0,0.0,0.0,,,0.0,0.0,True,False,0,0,False,False
Q9CQ02_34.0,0.0,0.0,0.0,,,0.0,0.0,True,False,0,0,False,False
Q9CQ10_60.0,0.0,0.0,0.0,,,0.0,0.0,True,False,0,0,False,False
Q9CQ18_34.0,0.0,0.0,0.0,,,0.0,0.0,True,False,0,0,False,False
Q9CQ19_109.0,0.0,0.0,0.0,,,0.0,0.0,True,False,0,0,False,False
Q9CQ43_132.0,0.0,0.0,0.0,,,0.0,0.0,True,False,0,0,False,False
Q9CQ43_76.0,0.0,0.0,0.0,,,0.0,0.0,True,False,0,0,False,False
Q9CQ48_45.0,0.0,0.0,0.0,,,0.0,0.0,True,False,0,0,False,False
Q9CQ60_236.0,0.07050289710362752,0.0,-26.071179226599508,0.36321746764912255,,-0.07050289710362752,0.07050289710362752,False,True,partial,0,False,False
Q9CQ60_33.0,0.0,0.0,0.0,,,0.0,0.0,True,False,0,0,False,False
Q9CQ60_78.0,0.0,0.0,0.0,,,0.0,0.0,True,False,0,0,False,False
Q9CQ62_116.0,0.0,0.0,0.0,,,0.0,0.0,True,False,0,0,False,False
Q9CQ62_268.0,0.0,0.0,0.0,,,0.0,0.0,True,False,0,0,False,False
Q9CQ65_130.0,0.0,0.0,0.0,,,0.0,0.0,True,False,0,0,False,False
Q9CQ65_136.0,0.0,0.0,0.0,,,0.0,0.0,True,False,0,0,False,False
Q9CQ65_55.0,0.0,0.0,0.0,,,0.0,0.0,True,False,0,0,False,False
Q9CQ71_26.0,0.0,0.0,0.0,,,0.0,0.0,True,False,0,0,False,False
Q9CQ74_66.0,0.0,0.0,0.0,,,0.0,0.0,True,False,0,0,False,False
Q9CQ75_58.0,1.934977928797404,1.1738614837328594,-0.7210549302466925,0.31222231245201937,,-0.7611164450645447,0.7611164450645447,False,True,partial,partial,False,False
Q9CQ79_135.0,0.0,0.0,0.0,,,0.0,0.0,True,False,0,0,False,False
Q9CQ89_94.0,0.0,0.0,0.0,,,0.0,0.0,True,False,0,0,False,False
Q9CQ92_41.0,0.0,0.0,0.0,,,0.0,0.0,True,False,0,0,False,False
Q9CQA3_245.0,0.0,0.0,0.0,,,0.0,0.0,True,False,0,0,False,False
Q9CQA3_70.0,0.0,0.0,0.0,,,0.0,0.0,True,False,0,0,False,False
Q9CQA6_76.0,0.0,0.0,0.0,,,0.0,0.0,True,False,0,0,False,False
Q9CQA9_76.0,0.0,0.0,0.0,,,0.0,0.0,True,False,0,0,False,False
Q9CQB5_110.0,0.0,0.0,0.0,,,0.0,0.0,True,False,0,0,False,False
Q9CQB5_92.0,0.0,0.0,0.0,,,0.0,0.0,True,False,0,0,False,False
Q9CQC8_204.0,0.0,0.0,0.0,,,0.0,0.0,True,False,0,0,False,False
Q9CQC9_178.0,0.0,0.0,0.0,,,0.0,0.0,True,False,0,0,False,False
Q9CQE1_135.0,0.0,0.0,0.0,,,0.0,0.0,True,False,0,0,False,False
Q9CQE3_100.0,0.0,0.0,0.0,,,0.0,0.0,True,False,0,0,False,False
Q9CQE3_58.0,0.0,0.0,0.0,,,0.0,0.0,True,False,0,0,False,False
Q9CQE7_182.0,0.0,0.0,0.0,,,0.0,0.0,True,False,0,0,False,False
Q9CQE8_19.0,0.0,0.0,0.0,,,0.0,0.0,True,False,0,0,False,False
Q9CQE8_69.0,0.0,0.0,0.0,,,0.0,0.0,True,False,0,0,False,False
Q9CQF0_122.0,0.0,0.0,0.0,,,0.0,0.0,True,False,0,0,False,False
Q9CQF0_50.0,0.0,0.0,0.0,,,0.0,0.0,True,False,0,0,False,False
Q9CQF9_258.0,0.0,0.0,0.0,,,0.0,0.0,True,False,0,0,False,False
Q9CQF9_445.0,0.0,0.0,0.0,,,0.0,0.0,True,False,0,0,False,False
Q9CQI6_10.0,0.0,0.0,0.0,,,0.0,0.0,True,False,0,0,False,False
Q9CQJ6_132.0,0.0,0.0,0.0,,,0.0,0.0,True,False,0,0,False,False
Q9CQJ6_34.0,0.0,0.0,0.0,,,0.0,0.0,True,False,0,0,False,False
Q9CQJ8_103.0,0.0,0.0,0.0,,,0.0,0.0,True,False,0,0,False,False
Q9CQJ8_31.0,0.0,0.0,0.0,,,0.0,0.0,True,False,0,0,False,False
Q9CQJ8_4.0,0.0,0.0,0.0,,,0.0,0.0,True,False,0,0,False,False
Q9CQJ8_42.0,0.0,0.0,0.0,,,0.0,0.0,True,False,0,0,False,False
Q9CQL5_125.0,0.0,0.0,0.0,,,0.0,0.0,True,False,0,0,False,False
Q9CQM5_43.0,0.0,0.0,0.0,,,0.0,0.0,True,False,0,0,False,False
Q9CQM9_148.0,0.0,2.6817760467529297,31.32054161834031,0.36321746764912255,,2.6817760467529297,2.6817760467529297,False,True,0,partial,False,False
Q9CQM9_231.0,0.0,0.0,0.0,,,0.0,0.0,True,False,0,0,False,False
Q9CQN1_135.0,0.0,0.0,0.0,,,0.0,0.0,True,False,0,0,False,False
Q9CQN1_503.0,0.0,0.0,0.0,,,0.0,0.0,True,False,0,0,False,False
Q9CQQ8_85.0,0.0,0.0,0.0,,,0.0,0.0,True,False,0,0,False,False
Q9CQR2_56.0,0.0,0.0,0.0,,,0.0,0.0,True,False,0,0,False,False
Q9CQR6_129.0,0.0,0.0,0.0,,,0.0,0.0,True,False,0,0,False,False
Q9CQR6_192.0,0.0,0.0,0.0,,,0.0,0.0,True,False,0,0,False,False
Q9CQR6_262.0,0.0,0.0,0.0,,,0.0,0.0,True,False,0,0,False,False
Q9CQS2_28.0,0.0,0.0,0.0,,,0.0,0.0,True,False,0,0,False,False
Q9CQS4_127.0,0.0,0.0,0.0,,,0.0,0.0,True,False,0,0,False,False
Q9CQS4_239.0,0.0,0.0,0.0,,,0.0,0.0,True,False,0,0,False,False
Q9CQS8_39.0,0.0,0.0,0.0,,,0.0,0.0,True,False,0,0,False,False
Q9CQT1_168.0,0.0,0.0,0.0,,,0.0,0.0,True,False,0,0,False,False
Q9CQT1_199.0,0.0,0.0,0.0,,,0.0,0.0,True,False,0,0,False,False
Q9CQU5_222.0,0.0,0.0,0.0,,,0.0,0.0,True,False,0,0,False,False
Q9CQW0_29.0,0.0,0.0,0.0,,,0.0,0.0,True,False,0,0,False,False
Q9CQW1_66.0,0.0,0.0,0.0,,,0.0,0.0,True,False,0,0,False,False
Q9CQX6_17.0,0.0,0.0,0.0,,,0.0,0.0,True,False,0,0,False,False
Q9CQY1_135.0,0.0,0.0,0.0,,,0.0,0.0,True,False,0,0,False,False
Q9CQY6_13.0,0.0,0.0,0.0,,,0.0,0.0,True,False,0,0,False,False
Q9CQY6_53.0,8.61576016743978,3.7552407582600913,-1.1980726850126078,0.6213597327545608,,-4.8605194091796875,4.8605194091796875,False,True,partial,partial,False,False
Q9CR00_215.0,0.0,0.0,0.0,,,0.0,0.0,True,False,0,0,False,False
Q9CR00_59.0,0.0,0.0,0.0,,,0.0,0.0,True,False,0,0,False,False
Q9CR00_81.0,0.0,0.0,0.0,,,0.0,0.0,True,False,0,0,False,False
Q9CR09_69.0,0.0,0.0,0.0,,,0.0,0.0,True,False,0,0,False,False
Q9CR16_176.0,0.0,0.0,0.0,,,0.0,0.0,True,False,0,0,False,False
Q9CR16_275.0,0.0,0.0,0.0,,,0.0,0.0,True,False,0,0,False,False
Q9CR16_296.0,0.0,0.0,0.0,,,0.0,0.0,True,False,0,0,False,False
Q9CR21_140.0,0.0,0.0,0.0,,,0.0,0.0,True,False,0,0,False,False
Q9CR24_39.0,0.0,0.0,0.0,,,0.0,0.0,True,False,0,0,False,False
Q9CR24_71.0,0.0,0.0,0.0,,,0.0,0.0,True,False,0,0,False,False
Q9CR25_431.0,0.0,0.0,0.0,,,0.0,0.0,True,False,0,0,False,False
Q9CR26_155.0,0.0,0.0,0.0,,,0.0,0.0,True,False,0,0,False,False
Q9CR26_38.0,0.0,0.0,0.0,,,0.0,0.0,True,False,0,0,False,False
Q9CR26_87.0,0.0,0.0,0.0,,,0.0,0.0,True,False,0,0,False,False
Q9CR27_48.0,0.0,0.0,0.0,,,0.0,0.0,True,False,0,0,False,False
Q9CR39_333.0,0.0,0.0,0.0,,,0.0,0.0,True,False,0,0,False,False
Q9CR51_69.0,1.926922043164571,1.5080920656522114,-0.3535737013745296,0.3279965683359732,,-0.4188299775123596,0.4188299775123596,False,True,partial,partial,False,False
Q9CR57_42.0,0.0,0.0,0.0,,,0.0,0.0,True,False,0,0,False,False
Q9CR57_54.0,0.0,0.0,0.0,,,0.0,0.0,True,False,0,0,False,False
Q9CR59_124.0,0.0,0.0,0.0,,,0.0,0.0,True,False,0,0,False,False
Q9CR61_59.0,13.258039156595865,7.00276780128479,-0.9208702624666283,0.0005014899773118821,,-6.255271355311075,6.255271355311075,False,True,partial,partial,False,False
Q9CR61_80.0,20.440036455790203,13.639041582743326,-0.583655499806335,3.410949246071866e-05,,-6.800994873046877,6.800994873046877,False,True,partial,partial,False,False
Q9CR61_90.0,0.0,0.0,0.0,,,0.0,0.0,True,False,0,0,False,False
Q9CR62_184.0,0.0,0.0,0.0,,,0.0,0.0,True,False,0,0,False,False
Q9CR67_232.0,0.0,0.0,0.0,,,0.0,0.0,True,False,0,0,False,False
Q9CR70_107.0,0.0,0.0,0.0,,,0.0,0.0,True,False,0,0,False,False
Q9CR86_113.0,0.0,0.0,0.0,,,0.0,0.0,True,False,0,0,False,False
Q9CR98_110.0,0.0,0.0,0.0,,,0.0,0.0,True,False,0,0,False,False
Q9CR98_114.0,10.292128403981527,6.301160971323649,-0.7078517904345166,0.3320698752745386,,-3.990967432657878,3.990967432657878,False,True,partial,partial,False,False
Q9CR98_57.0,19.177698771158855,10.627517223358154,-0.8516250173584488,0.0532523272224726,,-8.550181547800701,8.550181547800701,False,True,partial,partial,False,False
Q9CRA5_108.0,0.0,0.0,0.0,,,0.0,0.0,True,False,0,0,False,False
Q9CRA5_280.0,0.0,0.0,0.0,,,0.0,0.0,True,False,0,0,False,False
Q9CRA7_119.0,0.0,0.0,0.0,,,0.0,0.0,True,False,0,0,False,False
Q9CRA7_96.0,0.0,8.17690658569336,32.928908013033066,0.36321746764912255,,8.17690658569336,8.17690658569336,False,True,0,partial,False,False
Q9CRA8_209.0,0.0,0.0,0.0,,,0.0,0.0,True,False,0,0,False,False
Q9CRA9_198.0,0.0,0.0,0.0,,,0.0,0.0,True,False,0,0,False,False
Q9CRB2_18.0,0.0,0.0,0.0,,,0.0,0.0,True,False,0,0,False,False
Q9CRB6_100.0,6.105872472127278,4.1398027539253235,-0.5606354271176348,0.4478226120131408,,-1.9660697182019549,1.9660697182019549,False,True,partial,partial,False,False
Q9CRB9_183.0,7.9895438353220625,2.9292002518971763,-1.4476063091995892,0.0274861877885494,,-5.060343583424887,5.060343583424887,False,True,partial,partial,False,False
Q9CRB9_204.0,0.0,0.0,0.0,,,0.0,0.0,True,False,0,0,False,False
Q9CRC0_43.0,0.0,0.0,0.0,,,0.0,0.0,True,False,0,0,False,False
Q9CRC8_329.0,0.0,0.0,0.0,,,0.0,0.0,True,False,0,0,False,False
Q9CRC8_438.0,0.0,0.0,0.0,,,0.0,0.0,True,False,0,0,False,False
Q9CRC8_54.0,0.0,0.0,0.0,,,0.0,0.0,True,False,0,0,False,False
Q9CRC9_118.0,4.646823883056641,0.0,-32.11359782131974,0.36321746764912255,,-4.646823883056641,4.646823883056641,False,True,partial,0,False,False
Q9CRC9_48.0,0.0,0.0,0.0,,,0.0,0.0,True,False,0,0,False,False
Q9CRD2_75.0,0.0,0.0,0.0,,,0.0,0.0,True,False,0,0,False,False
Q9CRT8_38.0,0.0,0.0,0.0,,,0.0,0.0,True,False,0,0,False,False
Q9CRT8_715.0,0.0,0.0,0.0,,,0.0,0.0,True,False,0,0,False,False
Q9CRY7_107.0,0.0,0.0,0.0,,,0.0,0.0,True,False,0,0,False,False
Q9CS42_165.0,0.0,0.0,0.0,,,0.0,0.0,True,False,0,0,False,False
Q9CS42_226.0,0.0,0.0,0.0,,,0.0,0.0,True,False,0,0,False,False
Q9CS42_230.0,0.0,0.0,0.0,,,0.0,0.0,True,False,0,0,False,False
Q9CS42_91.0,0.0,0.0,0.0,,,0.0,0.0,True,False,0,0,False,False
Q9CS84_1059.0,10.73455778757731,5.484474976857503,-0.9688373355185381,0.3152130318652183,,-5.250082810719808,5.250082810719808,False,True,partial,partial,False,False
Q9CS84_1079.0,0.0,0.0,0.0,,,0.0,0.0,True,False,0,0,False,False
Q9CS84_480.0,0.0,0.0,0.0,,,0.0,0.0,True,False,0,0,False,False
Q9CS84_679.0,0.0,0.0,0.0,,,0.0,0.0,True,False,0,0,False,False
Q9CS84_707.0,0.0,0.0,0.0,,,0.0,0.0,True,False,0,0,False,False
Q9CS84_898.0,24.665645281473797,12.777685165405273,-0.9488765322913507,0.03836878245942548,,-11.887960116068523,11.887960116068523,False,True,partial,partial,False,False
Q9CSH3_194.0,0.0,0.0,0.0,,,0.0,0.0,True,False,0,0,False,False
Q9CSN1_250.0,0.0,0.0,0.0,,,0.0,0.0,True,False,0,0,False,False
Q9CSU0_234.0,0.0,0.0,0.0,,,0.0,0.0,True,False,0,0,False,False
Q9CT10_175.0,0.0,0.0,0.0,,,0.0,0.0,True,False,0,0,False,False
Q9CT10_308.0,0.0,0.0,0.0,,,0.0,0.0,True,False,0,0,False,False
Q9CTG6_539.0,0.0,0.0,0.0,,,0.0,0.0,True,False,0,0,False,False
Q9CU62_523.0,0.0,0.0,0.0,,,0.0,0.0,True,False,0,0,False,False
Q9CU62_556.0,0.0,0.0,0.0,,,0.0,0.0,True,False,0,0,False,False
Q9CU62_613.0,0.0,0.0,0.0,,,0.0,0.0,True,False,0,0,False,False
Q9CU62_781.0,0.0,0.0,0.0,,,0.0,0.0,True,False,0,0,False,False
Q9CU65_1267.0,0.0,0.0,0.0,,,0.0,0.0,True,False,0,0,False,False
Q9CVB6_120.0,2.3106858332951865,2.289587656656901,-0.013233321139162634,0.9829642972055324,,-0.021098176638285615,0.021098176638285615,False,True,partial,partial,False,False
Q9CVD2_265.0,0.0,0.0,0.0,,,0.0,0.0,True,False,0,0,False,False
Q9CW03_650.0,0.0,0.0,0.0,,,0.0,0.0,True,False,0,0,False,False
Q9CW03_972.0,0.0,0.0,0.0,,,0.0,0.0,True,False,0,0,False,False
Q9CW79_408.0,0.0,0.0,0.0,,,0.0,0.0,True,False,0,0,False,False
Q9CW79_569.0,0.0,0.0,0.0,,,0.0,0.0,True,False,0,0,False,False
Q9CWE0_219.0,0.0,0.0,0.0,,,0.0,0.0,True,False,0,0,False,False
Q9CWE0_34.0,0.0,0.0,0.0,,,0.0,0.0,True,False,0,0,False,False
Q9CWE0_49.0,0.0,0.0,0.0,,,0.0,0.0,True,False,0,0,False,False
Q9CWG8_250.0,0.8384302457173666,1.4360719521840413,0.776365367254078,0.6567420695621144,,0.5976417064666747,0.5976417064666747,False,True,partial,partial,False,False
Q9CWG8_270.0,0.0,0.0,0.0,,,0.0,0.0,True,False,0,0,False,False
Q9CWJ9_101.0,0.0,0.0,0.0,,,0.0,0.0,True,False,0,0,False,False
Q9CWJ9_146.0,0.0,0.0,0.0,,,0.0,0.0,True,False,0,0,False,False
Q9CWJ9_287.0,0.0,0.0,0.0,,,0.0,0.0,True,False,0,0,False,False
Q9CWJ9_325.0,0.0,0.0,0.0,,,0.0,0.0,True,False,0,0,False,False
Q9CWJ9_363.0,0.0,0.0,0.0,,,0.0,0.0,True,False,0,0,False,False
Q9CWJ9_434.0,0.0,0.0,0.0,,,0.0,0.0,True,False,0,0,False,False
Q9CWJ9_575.0,0.0,0.0,0.0,,,0.0,0.0,True,False,0,0,False,False
Q9CWK8_332.0,0.0,0.0,0.0,,,0.0,0.0,True,False,0,0,False,False
Q9CWL8_370.0,0.0,0.0,0.0,,,0.0,0.0,True,False,0,0,False,False
Q9CWP6_170.0,0.0,0.0,0.0,,,0.0,0.0,True,False,0,0,False,False
Q9CWP6_442.0,0.0,0.0,0.0,,,0.0,0.0,True,False,0,0,False,False
Q9CWQ3_161.0,0.0,0.0,0.0,,,0.0,0.0,True,False,0,0,False,False
Q9CWR1_221.0,0.0,0.0,0.0,,,0.0,0.0,True,False,0,0,False,False
Q9CWR2_41.0,0.0,0.0,0.0,,,0.0,0.0,True,False,0,0,False,False
Q9CWS0_178.0,0.0,0.0,0.0,,,0.0,0.0,True,False,0,0,False,False
Q9CWS0_222.0,0.0,0.0,0.0,,,0.0,0.0,True,False,0,0,False,False
Q9CWS0_26.0,0.0,0.0,0.0,,,0.0,0.0,True,False,0,0,False,False
Q9CWS0_274.0,0.0,0.0,0.0,,,0.0,0.0,True,False,0,0,False,False
Q9CWS0_275.0,0.0,0.0,0.0,,,0.0,0.0,True,False,0,0,False,False
Q9CWT3_192.0,0.0,0.0,0.0,,,0.0,0.0,True,False,0,0,False,False
Q9CWU4_102.0,0.0,0.0,0.0,,,0.0,0.0,True,False,0,0,False,False
Q9CWU6_120.0,0.0,0.0,0.0,,,0.0,0.0,True,False,0,0,False,False
Q9CWU9_149.0,0.0,0.0,0.0,,,0.0,0.0,True,False,0,0,False,False
Q9CWW7_584.0,0.0,0.0,0.0,,,0.0,0.0,True,False,0,0,False,False
Q9CWX2_184.0,0.0,0.0,0.0,,,0.0,0.0,True,False,0,0,False,False
Q9CWZ7_193.0,3.5013695557912192,2.9277426401774087,-0.258130599751234,0.47072138520093454,,-0.5736269156138105,0.5736269156138105,False,True,partial,partial,False,False
Q9CX00_125.0,0.0,0.0,0.0,,,0.0,0.0,True,False,0,0,False,False
Q9CX34_49.0,0.0,0.0,0.0,,,0.0,0.0,True,False,0,0,False,False
Q9CX34_54.0,0.0,0.0,0.0,,,0.0,0.0,True,False,0,0,False,False
Q9CX34_79.0,0.0,0.0,0.0,,,0.0,0.0,True,False,0,0,False,False
Q9CX34_88.0,0.0,0.0,0.0,,,0.0,0.0,True,False,0,0,False,False
Q9CX86_36.0,71.03844197591145,69.60165977478027,-0.02947823056338119,0.9079607311011302,,-1.4367822011311802,1.4367822011311802,False,True,partial,partial,False,False
Q9CXA2_39.0,0.0,0.0,0.0,,,0.0,0.0,True,False,0,0,False,False
Q9CXE7_47.0,19.45706907908122,6.233663876851399,-1.6421421344338398,0.04245767681343402,,-13.22340520222982,13.22340520222982,False,True,partial,partial,False,False
Q9CXF4_184.0,0.0,0.0,0.0,,,0.0,0.0,True,False,0,0,False,False
Q9CXF4_588.0,0.0,0.0,0.0,,,0.0,0.0,True,False,0,0,False,False
Q9CXF4_600.0,0.0,0.0,0.0,,,0.0,0.0,True,False,0,0,False,False
Q9CXF4_666.0,0.0,0.0,0.0,,,0.0,0.0,True,False,0,0,False,False
Q9CXI5_114.0,18.14946969350179,10.774377028147379,-0.7523229394527834,0.08484156777899428,,-7.37509266535441,7.37509266535441,False,True,partial,partial,False,False
Q9CXI5_148.0,7.320282618204753,5.552399635314941,-0.39878793846825206,0.022396208067547885,,-1.7678829828898115,1.7678829828898115,False,True,partial,partial,False,False
Q9CXI5_72.0,0.0,0.9105676015218099,29.762190889098886,0.36321746764912255,,0.9105676015218099,0.9105676015218099,False,True,0,partial,False,False
Q9CXJ1_116.0,0.0,0.0,0.0,,,0.0,0.0,True,False,0,0,False,False
Q9CXJ4_305.0,0.0,0.0,0.0,,,0.0,0.0,True,False,0,0,False,False
Q9CXJ4_346.0,0.0,0.0,0.0,,,0.0,0.0,True,False,0,0,False,False
Q9CXJ4_444.0,0.0,0.0,0.0,,,0.0,0.0,True,False,0,0,False,False
Q9CXS4_129.0,0.0,0.0,0.0,,,0.0,0.0,True,False,0,0,False,False
Q9CXS4_193.0,0.0,0.0,0.0,,,0.0,0.0,True,False,0,0,False,False
Q9CXS4_196.0,0.0,0.0,0.0,,,0.0,0.0,True,False,0,0,False,False
Q9CXS4_217.0,0.0,0.0,0.0,,,0.0,0.0,True,False,0,0,False,False
Q9CXT8_248.0,0.0,0.0,0.0,,,0.0,0.0,True,False,0,0,False,False
Q9CXT8_265.0,0.0,0.0,0.0,,,0.0,0.0,True,False,0,0,False,False
Q9CXT8_389.0,0.0,0.0,0.0,,,0.0,0.0,True,False,0,0,False,False
Q9CXT8_428.0,0.0,0.0,0.0,,,0.0,0.0,True,False,0,0,False,False
Q9CXT8_481.0,0.0,0.0,0.0,,,0.0,0.0,True,False,0,0,False,False
Q9CXT8_62.0,0.0,0.0,0.0,,,0.0,0.0,True,False,0,0,False,False
Q9CXU9_69.0,0.8592498302459717,2.800233562787374,1.7043975971096783,0.16893006025797797,,1.9409837325414023,1.9409837325414023,False,True,partial,partial,False,False
Q9CXW2_230.0,0.0,0.0,0.0,,,0.0,0.0,True,False,0,0,False,False
Q9CXW3_155.0,0.0,0.0,0.0,,,0.0,0.0,True,False,0,0,False,False
Q9CXW4_21.0,0.0,0.0,0.0,,,0.0,0.0,True,False,0,0,False,False
Q9CXW4_72.0,0.0,0.0,0.0,,,0.0,0.0,True,False,0,0,False,False
Q9CXY9_280.0,5.944477081298828,17.9769344329834,1.5965252111622312,0.2590944413328383,,12.03245735168457,12.03245735168457,False,True,partial,partial,False,False
Q9CXY9_92.0,0.0,0.0,0.0,,,0.0,0.0,True,False,0,0,False,False
Q9CY18_325.0,0.0,0.0,0.0,,,0.0,0.0,True,False,0,0,False,False
Q9CY34_116.0,0.0,0.0,0.0,,,0.0,0.0,True,False,0,0,False,False
Q9CY34_50.0,0.0,0.0,0.0,,,0.0,0.0,True,False,0,0,False,False
Q9CY34_64.0,40.59787114461263,52.246302922566734,0.36392487422110253,0.22440482143854804,,11.648431777954102,11.648431777954102,False,True,partial,partial,False,False
Q9CY45_149.0,0.0,0.0,0.0,,,0.0,0.0,True,False,0,0,False,False
Q9CY45_79.0,0.0,0.0,0.0,,,0.0,0.0,True,False,0,0,False,False
Q9CY52_279.0,0.0,0.0,0.0,,,0.0,0.0,True,False,0,0,False,False
Q9CY58_11.0,0.0,0.0,0.0,,,0.0,0.0,True,False,0,0,False,False
Q9CY64_280.0,0.0,0.0,0.0,,,0.0,0.0,True,False,0,0,False,False
Q9CY64_73.0,0.0,0.0,0.0,,,0.0,0.0,True,False,0,0,False,False
Q9CY66_91.0,0.0,0.0,0.0,,,0.0,0.0,True,False,0,0,False,False
Q9CY66_99.0,0.0,0.0,0.0,,,0.0,0.0,True,False,0,0,False,False
Q9CY97_12.0,0.0,0.0,0.0,,,0.0,0.0,True,False,0,0,False,False
Q9CYA0_275.0,0.0,0.0,0.0,,,0.0,0.0,True,False,0,0,False,False
Q9CYA6_395.0,0.0,0.0,0.0,,,0.0,0.0,True,False,0,0,False,False
Q9CYG7_236.0,0.0,0.0,0.0,,,0.0,0.0,True,False,0,0,False,False
Q9CYG7_74.0,0.0,0.0,0.0,,,0.0,0.0,True,False,0,0,False,False
Q9CYH2_74.0,0.0,0.0,0.0,,,0.0,0.0,True,False,0,0,False,False
Q9CYI0_182.0,0.0,0.0,0.0,,,0.0,0.0,True,False,0,0,False,False
Q9CYI0_280.0,0.0,0.0,0.0,,,0.0,0.0,True,False,0,0,False,False
Q9CYI4_43.0,0.0,0.0,0.0,,,0.0,0.0,True,False,0,0,False,False
Q9CYI4_59.0,0.0,0.0,0.0,,,0.0,0.0,True,False,0,0,False,False
Q9CYL5_63.0,0.0,0.0,0.0,,,0.0,0.0,True,False,0,0,False,False
Q9CYN2_26.0,0.0,0.0,0.0,,,0.0,0.0,True,False,0,0,False,False
Q9CYR6_184.0,0.0,0.0,0.0,,,0.0,0.0,True,False,0,0,False,False
Q9CYR6_200.0,0.0,0.0,0.0,,,0.0,0.0,True,False,0,0,False,False
Q9CYR6_212.0,0.0,0.0,0.0,,,0.0,0.0,True,False,0,0,False,False
Q9CYR6_249.0,0.0,0.0,0.0,,,0.0,0.0,True,False,0,0,False,False
Q9CYR6_348.0,0.0,0.0,0.0,,,0.0,0.0,True,False,0,0,False,False
Q9CYS6_103.0,0.0,0.0,0.0,,,0.0,0.0,True,False,0,0,False,False
Q9CYT6_377.0,0.0,0.0,0.0,,,0.0,0.0,True,False,0,0,False,False
Q9CYT6_418.0,0.0,0.0,0.0,,,0.0,0.0,True,False,0,0,False,False
Q9CZ13_268.0,2.2845569054285684,1.903159995873769,-0.2635175266099425,0.11365698869000102,,-0.3813969095547993,0.3813969095547993,False,True,partial,partial,False,False
Q9CZ13_380.0,3.2032706340154014,3.3788355191548667,0.07698043024591905,0.34637945643146306,,0.17556488513946533,0.17556488513946533,False,True,partial,partial,False,False
Q9CZ13_410.0,2.9867843985557556,6.061141729354858,1.020996477366785,0.03154820258228968,,3.074357330799103,3.074357330799103,False,True,partial,partial,False,False
Q9CZ13_453.0,5.096142292022705,5.949219306310018,0.22329480096231963,0.45574954737385454,,0.8530770142873125,0.8530770142873125,False,True,partial,partial,False,False
Q9CZ13_69.0,29.573552131652832,32.68882751464844,0.14449009281421082,0.7862624715052247,,3.1152753829956055,3.1152753829956055,False,True,partial,partial,False,False
Q9CZ30_187.0,0.0,0.0,0.0,,,0.0,0.0,True,False,0,0,False,False
Q9CZ30_75.0,0.0,0.0,0.0,,,0.0,0.0,True,False,0,0,False,False
Q9CZ42_104.0,0.0,0.0,0.0,,,0.0,0.0,True,False,0,0,False,False
Q9CZ42_257.0,0.0,0.0,0.0,,,0.0,0.0,True,False,0,0,False,False
Q9CZ42_78.0,0.0,0.0,0.0,,,0.0,0.0,True,False,0,0,False,False
Q9CZ62_34.0,0.0,0.0,0.0,,,0.0,0.0,True,False,0,0,False,False
Q9CZ62_460.0,0.0,0.0,0.0,,,0.0,0.0,True,False,0,0,False,False
Q9CZ62_481.0,0.0,0.0,0.0,,,0.0,0.0,True,False,0,0,False,False
Q9CZB0_107.0,0.0,0.0,0.0,,,0.0,0.0,True,False,0,0,False,False
Q9CZB0_70.0,0.0,0.0,0.0,,,0.0,0.0,True,False,0,0,False,False
Q9CZC8_186.0,0.0,0.0,0.0,,,0.0,0.0,True,False,0,0,False,False
Q9CZC8_235.0,0.0,0.0,0.0,,,0.0,0.0,True,False,0,0,False,False
Q9CZC8_266.0,0.0,0.0,0.0,,,0.0,0.0,True,False,0,0,False,False
Q9CZC8_290.0,0.0,0.0,0.0,,,0.0,0.0,True,False,0,0,False,False
Q9CZC8_324.0,1.124599277973175,0.8771084249019623,-0.3585839259400721,0.17624082211324738,,-0.24749085307121277,0.24749085307121277,False,True,partial,partial,False,False
Q9CZC8_54.0,3.0199267665545144,1.2227384050687153,-1.3043977797979414,0.006336018009027593,,-1.797188361485799,1.797188361485799,False,True,partial,partial,False,False
Q9CZC8_89.0,0.0,0.0,0.0,,,0.0,0.0,True,False,0,0,False,False
Q9CZD3_362.0,0.0,0.0,0.0,,,0.0,0.0,True,False,0,0,False,False
Q9CZD3_451.0,0.0,0.0,0.0,,,0.0,0.0,True,False,0,0,False,False
Q9CZD3_456.0,0.0,0.0,0.0,,,0.0,0.0,True,False,0,0,False,False
Q9CZD3_606.0,0.0,0.0,0.0,,,0.0,0.0,True,False,0,0,False,False
Q9CZG3_32.0,0.0,0.0,0.0,,,0.0,0.0,True,False,0,0,False,False
Q9CZG3_85.0,0.0,0.0,0.0,,,0.0,0.0,True,False,0,0,False,False
Q9CZJ0_232.0,0.0,0.0,0.0,,,0.0,0.0,True,False,0,0,False,False
Q9CZJ0_62.0,0.0,0.0,0.0,,,0.0,0.0,True,False,0,0,False,False
Q9CZJ2_250.0,0.0,0.0,0.0,,,0.0,0.0,True,False,0,0,False,False
Q9CZJ2_36.0,0.0,24.2515926361084,34.49736044315113,0.21016819281576496,,24.2515926361084,24.2515926361084,False,True,0,partial,False,False
Q9CZJ2_570.0,0.0,0.0,0.0,,,0.0,0.0,True,False,0,0,False,False
Q9CZL5_115.0,0.0,0.0,0.0,,,0.0,0.0,True,False,0,0,False,False
Q9CZN4_120.0,7.908115386962891,0.0,-32.880686775689114,0.36321746764912255,,-7.908115386962891,7.908115386962891,False,True,partial,0,False,False
Q9CZN4_397.0,0.0,0.0,0.0,,,0.0,0.0,True,False,0,0,False,False
Q9CZN7_241.0,0.0,0.0,0.0,,,0.0,0.0,True,False,0,0,False,False
Q9CZN7_343.0,0.0,0.0,0.0,,,0.0,0.0,True,False,0,0,False,False
Q9CZN7_80.0,0.0,0.0,0.0,,,0.0,0.0,True,False,0,0,False,False
Q9CZN7_91.0,0.0,0.0,0.0,,,0.0,0.0,True,False,0,0,False,False
Q9CZN8_24.0,0.0,0.0,0.0,,,0.0,0.0,True,False,0,0,False,False
Q9CZN8_274.0,0.0,0.0,0.0,,,0.0,0.0,True,False,0,0,False,False
Q9CZN8_479.0,0.0,0.0,0.0,,,0.0,0.0,True,False,0,0,False,False
Q9CZP0_23.0,0.0,0.0,0.0,,,0.0,0.0,True,False,0,0,False,False
Q9CZP5_234.0,0.0,0.0,0.0,,,0.0,0.0,True,False,0,0,False,False
Q9CZP7_124.0,0.0,0.0,0.0,,,0.0,0.0,True,False,0,0,False,False
Q9CZP7_189.0,0.0,0.0,0.0,,,0.0,0.0,True,False,0,0,False,False
Q9CZP7_232.0,0.0,0.0,0.0,,,0.0,0.0,True,False,0,0,False,False
Q9CZR3_270.0,0.0,0.0,0.0,,,0.0,0.0,True,False,0,0,False,False
Q9CZR8_148.0,0.0,0.0,0.0,,,0.0,0.0,True,False,0,0,False,False
Q9CZR8_239.0,7.030041535695394,0.0,-32.71088606741031,0.08079814837244306,,-7.030041535695394,7.030041535695394,False,True,partial,0,False,False
Q9CZR8_314.0,0.0,0.0,0.0,,,0.0,0.0,True,False,0,0,False,False
Q9CZR8_63.0,0.0,0.0,0.0,,,0.0,0.0,True,False,0,0,False,False
Q9CZR8_70.0,0.0,0.0,0.0,,,0.0,0.0,True,False,0,0,False,False
Q9CZS1_171.0,0.0,0.0,0.0,,,0.0,0.0,True,False,0,0,False,False
Q9CZS1_388.0,0.0,0.0,0.0,,,0.0,0.0,True,False,0,0,False,False
Q9CZT6_118.0,0.0,0.0,0.0,,,0.0,0.0,True,False,0,0,False,False
Q9CZT8_184.0,0.0,0.0,0.0,,,0.0,0.0,True,False,0,0,False,False
Q9CZU3_108.0,0.0,0.0,0.0,,,0.0,0.0,True,False,0,0,False,False
Q9CZU3_428.0,0.0,0.0,0.0,,,0.0,0.0,True,False,0,0,False,False
Q9CZU3_648.0,0.0,0.0,0.0,,,0.0,0.0,True,False,0,0,False,False
Q9CZU6_101.0,2.384839951992035,1.6481772661209106,-0.5330210323055867,0.0353927414631847,,-0.7366626858711243,0.7366626858711243,False,True,partial,partial,False,False
Q9CZU6_211.0,0.0,0.0,0.0,,,0.0,0.0,True,False,0,0,False,False
Q9CZV8_116.0,0.0,0.0,0.0,,,0.0,0.0,True,False,0,0,False,False
Q9CZV8_127.0,0.0,0.0,0.0,,,0.0,0.0,True,False,0,0,False,False
Q9CZV8_135.0,0.0,0.0,0.0,,,0.0,0.0,True,False,0,0,False,False
Q9CZV8_205.0,0.0,0.0,0.0,,,0.0,0.0,True,False,0,0,False,False
Q9CZV8_283.0,0.0,0.0,0.0,,,0.0,0.0,True,False,0,0,False,False
Q9CZV8_389.0,0.0,0.0,0.0,,,0.0,0.0,True,False,0,0,False,False
Q9CZW4_424.0,0.0,0.0,0.0,,,0.0,0.0,True,False,0,0,False,False
Q9CZW4_503.0,0.0,0.0,0.0,,,0.0,0.0,True,False,0,0,False,False
Q9CZW4_85.0,0.0,0.0,0.0,,,0.0,0.0,True,False,0,0,False,False
Q9CZW5_139.0,0.0,0.0,0.0,,,0.0,0.0,True,False,0,0,False,False
Q9CZW5_179.0,0.0,0.0,0.0,,,0.0,0.0,True,False,0,0,False,False
Q9CZW5_478.0,0.0,0.0,0.0,,,0.0,0.0,True,False,0,0,False,False
Q9CZW5_505.0,0.0,0.0,0.0,,,0.0,0.0,True,False,0,0,False,False
Q9CZW5_547.0,0.0,0.0,0.0,,,0.0,0.0,True,False,0,0,False,False
Q9CZW5_591.0,0.7485838333765665,0.9758862654368082,0.38254912665971946,0.740408611377745,,0.2273024320602417,0.2273024320602417,False,True,partial,partial,False,False
Q9CZX0_268.0,0.0,0.0,0.0,,,0.0,0.0,True,False,0,0,False,False
Q9CZX0_398.0,0.0,0.0,0.0,,,0.0,0.0,True,False,0,0,False,False
Q9CZX7_58.0,0.0,0.0,0.0,,,0.0,0.0,True,False,0,0,False,False
Q9CZX7_61.0,0.0,0.0,0.0,,,0.0,0.0,True,False,0,0,False,False
Q9CZY3_144.0,0.0,0.0,0.0,,,0.0,0.0,True,False,0,0,False,False
Q9D020_115.0,0.0,0.0,0.0,,,0.0,0.0,True,False,0,0,False,False
Q9D020_68.0,0.0,0.0,0.0,,,0.0,0.0,True,False,0,0,False,False
Q9D023_54.0,0.0,0.0,0.0,,,0.0,0.0,True,False,0,0,False,False
Q9D024_209.0,0.0,0.0,0.0,,,0.0,0.0,True,False,0,0,False,False
Q9D024_214.0,0.0,0.0,0.0,,,0.0,0.0,True,False,0,0,False,False
Q9D024_283.0,0.0,0.0,0.0,,,0.0,0.0,True,False,0,0,False,False
Q9D051_161.0,0.0,0.0,0.0,,,0.0,0.0,True,False,0,0,False,False
Q9D051_249.0,0.0,0.0,0.0,,,0.0,0.0,True,False,0,0,False,False
Q9D051_263.0,1.235938270886739,0.49709359804789227,-1.3140172593160093,0.059005606069367174,,-0.7388446728388467,0.7388446728388467,False,True,partial,partial,False,False
Q9D051_306.0,0.0,0.0,0.0,,,0.0,0.0,True,False,0,0,False,False
Q9D061_200.0,0.0,0.0,0.0,,,0.0,0.0,True,False,0,0,False,False
Q9D061_259.0,0.0,0.0,0.0,,,0.0,0.0,True,False,0,0,False,False
Q9D061_80.0,0.0,0.0,0.0,,,0.0,0.0,True,False,0,0,False,False
Q9D067_598.0,0.0,0.0,0.0,,,0.0,0.0,True,False,0,0,False,False
Q9D071_387.0,0.0,0.0,0.0,,,0.0,0.0,True,False,0,0,False,False
Q9D071_503.0,0.0,0.0,0.0,,,0.0,0.0,True,False,0,0,False,False
Q9D071_582.0,0.0,0.0,0.0,,,0.0,0.0,True,False,0,0,False,False
Q9D071_600.0,52.28636169433594,42.79513041178385,-0.28898804081727403,0.7353871195107139,,-9.491231282552086,9.491231282552086,False,True,partial,partial,False,False
Q9D071_610.0,0.0,0.0,0.0,,,0.0,0.0,True,False,0,0,False,False
Q9D071_978.0,0.0,0.0,0.0,,,0.0,0.0,True,False,0,0,False,False
Q9D074_293.0,0.0,0.0,0.0,,,0.0,0.0,True,False,0,0,False,False
Q9D0B0_139.0,0.0,0.0,0.0,,,0.0,0.0,True,False,0,0,False,False
Q9D0B5_114.0,0.0,0.0,0.0,,,0.0,0.0,True,False,0,0,False,False
Q9D0B6_125.0,0.0,0.0,0.0,,,0.0,0.0,True,False,0,0,False,False
Q9D0D3_294.0,0.0,0.0,0.0,,,0.0,0.0,True,False,0,0,False,False
Q9D0D3_82.0,0.0,0.0,0.0,,,0.0,0.0,True,False,0,0,False,False
Q9D0E1_113.0,0.0,0.0,0.0,,,0.0,0.0,True,False,0,0,False,False
Q9D0E1_652.0,0.0,0.0,0.0,,,0.0,0.0,True,False,0,0,False,False
Q9D0E1_675.0,0.0,0.0,0.0,,,0.0,0.0,True,False,0,0,False,False
Q9D0E3_32.0,0.0,0.0,0.0,,,0.0,0.0,True,False,0,0,False,False
Q9D0F9_101.0,0.0,0.0,0.0,,,0.0,0.0,True,False,0,0,False,False
Q9D0F9_160.0,4.1590895652771,3.5527038971583047,-0.22735030229796316,0.6659342548747681,,-0.6063856681187949,0.6063856681187949,False,True,partial,partial,False,False
Q9D0F9_374.0,0.0,0.0,0.0,,,0.0,0.0,True,False,0,0,False,False
Q9D0G0_387.0,0.0,0.0,0.0,,,0.0,0.0,True,False,0,0,False,False
Q9D0I4_289.0,0.0,0.0,0.0,,,0.0,0.0,True,False,0,0,False,False
Q9D0I8_176.0,0.0,0.0,0.0,,,0.0,0.0,True,False,0,0,False,False
Q9D0I9_115.0,0.0,0.0,0.0,,,0.0,0.0,True,False,0,0,False,False
Q9D0I9_293.0,0.0,0.0,0.0,,,0.0,0.0,True,False,0,0,False,False
Q9D0I9_312.0,0.0,0.0,0.0,,,0.0,0.0,True,False,0,0,False,False
Q9D0I9_369.0,0.6737945675849915,1.9144262671470642,1.5065313934262432,0.19929587099976137,,1.2406316995620728,1.2406316995620728,False,True,partial,partial,False,False
Q9D0I9_502.0,0.0,0.0,0.0,,,0.0,0.0,True,False,0,0,False,False
Q9D0I9_638.0,0.0,0.0,0.0,,,0.0,0.0,True,False,0,0,False,False
Q9D0I9_86.0,0.0,0.0,0.0,,,0.0,0.0,True,False,0,0,False,False
Q9D0J4_135.0,3.2585016886393228,0.0,-31.601561597025164,0.36321746764912255,,-3.2585016886393228,3.2585016886393228,False,True,partial,0,False,False
Q9D0K2_235.0,0.0,0.0,0.0,,,0.0,0.0,True,False,0,0,False,False
Q9D0L4_412.0,0.0,0.0,0.0,,,0.0,0.0,True,False,0,0,False,False
Q9D0L7_253.0,0.0,0.0,0.0,,,0.0,0.0,True,False,0,0,False,False
Q9D0L7_280.0,0.0,0.0,0.0,,,0.0,0.0,True,False,0,0,False,False
Q9D0L7_289.0,0.0,0.0,0.0,,,0.0,0.0,True,False,0,0,False,False
Q9D0L8_195.0,0.0,0.0,0.0,,,0.0,0.0,True,False,0,0,False,False
Q9D0L8_214.0,0.0,0.0,0.0,,,0.0,0.0,True,False,0,0,False,False
Q9D0L8_251.0,0.0,0.0,0.0,,,0.0,0.0,True,False,0,0,False,False
Q9D0L8_345.0,0.0,0.0,0.0,,,0.0,0.0,True,False,0,0,False,False
Q9D0L8_37.0,0.0,0.0,0.0,,,0.0,0.0,True,False,0,0,False,False
Q9D0M0_189.0,0.0,0.0,0.0,,,0.0,0.0,True,False,0,0,False,False
Q9D0M1_19.0,0.0,0.0,0.0,,,0.0,0.0,True,False,0,0,False,False
Q9D0M3_139.0,0.0,0.0,0.0,,,0.0,0.0,True,False,0,0,False,False
Q9D0M3_219.0,0.0,0.0,0.0,,,0.0,0.0,True,False,0,0,False,False
Q9D0M5_24.0,4.597889264424642,14.845685323079428,1.691000068225846,0.2403825909188426,,10.247796058654785,10.247796058654785,False,True,partial,partial,False,False
Q9D0M5_56.0,3.277656356493632,2.6177382866541543,-0.32434373561648094,0.38135238840115976,,-0.6599180698394775,0.6599180698394775,False,True,partial,partial,False,False
Q9D0Q7_80.0,0.0,0.0,0.0,,,0.0,0.0,True,False,0,0,False,False
Q9D0R2_106.0,19.61084493001302,19.294087727864582,-0.023492863839403213,0.9858525381474478,,-0.3167572021484375,0.3167572021484375,False,True,partial,partial,False,False
Q9D0R2_136.0,0.0,0.0,0.0,,,0.0,0.0,True,False,0,0,False,False
Q9D0R2_342.0,0.0,0.0,0.0,,,0.0,0.0,True,False,0,0,False,False
Q9D0R2_466.0,0.0,0.0,0.0,,,0.0,0.0,True,False,0,0,False,False
Q9D0R2_478.0,0.0,0.0,0.0,,,0.0,0.0,True,False,0,0,False,False
Q9D0R2_655.0,0.0,0.0,0.0,,,0.0,0.0,True,False,0,0,False,False
Q9D0S9_75.0,0.0,0.0,0.0,,,0.0,0.0,True,False,0,0,False,False
Q9D0T1_30.0,0.0,0.0,0.0,,,0.0,0.0,True,False,0,0,False,False
Q9D0U6_48.0,0.0,0.0,0.0,,,0.0,0.0,True,False,0,0,False,False
Q9D0W5_133.0,0.0,0.0,0.0,,,0.0,0.0,True,False,0,0,False,False
Q9D110_160.0,0.0,0.0,0.0,,,0.0,0.0,True,False,0,0,False,False
Q9D164_62.0,0.0,0.0,0.0,,,0.0,0.0,True,False,0,0,False,False
Q9D172_174.0,0.0,0.0,0.0,,,0.0,0.0,True,False,0,0,False,False
Q9D172_175.0,0.0,0.0,0.0,,,0.0,0.0,True,False,0,0,False,False
Q9D172_242.0,0.0,0.0,0.0,,,0.0,0.0,True,False,0,0,False,False
Q9D187_158.0,0.0,0.0,0.0,,,0.0,0.0,True,False,0,0,False,False
Q9D1A2_161.0,0.0,0.0,0.0,,,0.0,0.0,True,False,0,0,False,False
Q9D1A2_192.0,1.8586398760477703,3.9757137298583984,1.0969666138925238,0.6440738584053355,,2.117073853810628,2.117073853810628,False,True,partial,partial,False,False
Q9D1A2_205.0,0.0,0.0,0.0,,,0.0,0.0,True,False,0,0,False,False
Q9D1A2_300.0,0.0,0.0,0.0,,,0.0,0.0,True,False,0,0,False,False
Q9D1C8_103.0,0.0,0.0,0.0,,,0.0,0.0,True,False,0,0,False,False
Q9D1C8_60.0,0.0,0.0,0.0,,,0.0,0.0,True,False,0,0,False,False
Q9D1C8_96.0,0.0,0.0,0.0,,,0.0,0.0,True,False,0,0,False,False
Q9D1E6_216.0,0.0,0.0,0.0,,,0.0,0.0,True,False,0,0,False,False
Q9D1E6_83.0,0.0,0.0,0.0,,,0.0,0.0,True,False,0,0,False,False
Q9D1E8_253.0,0.0,0.0,0.0,,,0.0,0.0,True,False,0,0,False,False
Q9D1G2_92.0,0.0,0.0,0.0,,,0.0,0.0,True,False,0,0,False,False
Q9D1G5_128.0,0.0,0.0,0.0,,,0.0,0.0,True,False,0,0,False,False
Q9D1G5_82.0,0.0,0.0,0.0,,,0.0,0.0,True,False,0,0,False,False
Q9D1H7_160.0,0.0,0.0,0.0,,,0.0,0.0,True,False,0,0,False,False
Q9D1H8_21.0,0.0,0.0,0.0,,,0.0,0.0,True,False,0,0,False,False
Q9D1H8_49.0,0.0,0.0,0.0,,,0.0,0.0,True,False,0,0,False,False
Q9D1H8_63.0,0.0,0.0,0.0,,,0.0,0.0,True,False,0,0,False,False
Q9D1K7_106.0,0.0,0.0,0.0,,,0.0,0.0,True,False,0,0,False,False
Q9D1L0_126.0,0.0,0.0,0.0,,,0.0,0.0,True,False,0,0,False,False
Q9D1L0_136.0,10.692951520284018,9.671643733978271,-0.14482712032623654,0.6671425715663867,,-1.021307786305746,1.021307786305746,False,True,partial,partial,False,False
Q9D1L9_66.0,0.0,0.0,0.0,,,0.0,0.0,True,False,0,0,False,False
Q9D1M0_187.0,0.0,0.0,0.0,,,0.0,0.0,True,False,0,0,False,False
Q9D1M0_234.0,0.0,0.0,0.0,,,0.0,0.0,True,False,0,0,False,False
Q9D1M0_245.0,0.0,0.0,0.0,,,0.0,0.0,True,False,0,0,False,False
Q9D1M0_299.0,0.0,0.0,0.0,,,0.0,0.0,True,False,0,0,False,False
Q9D1M0_31.0,0.0,0.0,0.0,,,0.0,0.0,True,False,0,0,False,False
Q9D1P4_176.0,0.0,0.0,0.0,,,0.0,0.0,True,False,0,0,False,False
Q9D1P4_211.0,0.0,0.0,0.0,,,0.0,0.0,True,False,0,0,False,False
Q9D1P4_24.0,0.0,0.0,0.0,,,0.0,0.0,True,False,0,0,False,False
Q9D1P4_59.0,0.0,0.0,0.0,,,0.0,0.0,True,False,0,0,False,False
Q9D1Q4_67.0,0.0,0.0,0.0,,,0.0,0.0,True,False,0,0,False,False
Q9D1Q6_189.0,0.0,1.8202327092488606,30.761475759608114,0.36321746764912255,,1.8202327092488606,1.8202327092488606,False,True,0,partial,False,False
Q9D1Q6_301.0,12.958635330200195,7.526066104571025,-0.7839459300165919,0.028190565740612322,,-5.43256922562917,5.43256922562917,False,True,partial,partial,False,False
Q9D1Q6_318.0,14.315575122833252,10.943945725758871,-0.38745265059408485,0.31117617987435153,,-3.371629397074381,3.371629397074381,False,True,partial,partial,False,False
Q9D1Q6_92.0,0.0,0.0,0.0,,,0.0,0.0,True,False,0,0,False,False
Q9D1R9_46.0,0.0,0.0,0.0,,,0.0,0.0,True,False,0,0,False,False
Q9D1R9_49.0,0.0,0.0,0.0,,,0.0,0.0,True,False,0,0,False,False
Q9D1R9_83.0,0.0,0.0,0.0,,,0.0,0.0,True,False,0,0,False,False
Q9D1T0_390.0,6.6408125559488935,14.113371054331461,1.087630941788917,0.19917510961552642,,7.4725584983825675,7.4725584983825675,False,True,partial,partial,False,False
Q9D1T0_415.0,34.39007059733073,21.56959358851115,-0.672993083784319,0.0010466261193502484,,-12.820477008819577,12.820477008819577,False,True,partial,partial,False,False
Q9D1T0_440.0,0.0,0.0,0.0,,,0.0,0.0,True,False,0,0,False,False
Q9D1X0_109.0,7.2151444753011065,19.250641504923504,1.4158063341007718,0.42007861028140925,,12.035497029622398,12.035497029622398,False,True,partial,partial,False,False
Q9D1X0_73.0,0.0,0.0,0.0,,,0.0,0.0,True,False,0,0,False,False
Q9D1X0_79.0,0.0,0.0,0.0,,,0.0,0.0,True,False,0,0,False,False
Q9D273_113.0,0.0,0.0,0.0,,,0.0,0.0,True,False,0,0,False,False
Q9D287_106.0,0.0,0.0,0.0,,,0.0,0.0,True,False,0,0,False,False
Q9D287_132.0,0.0,0.0,0.0,,,0.0,0.0,True,False,0,0,False,False
Q9D289_149.0,0.0,0.0,0.0,,,0.0,0.0,True,False,0,0,False,False
Q9D2G2_246.0,3.8002630869547525,0.0,-31.8234521521607,0.36321746764912255,,-3.8002630869547525,3.8002630869547525,False,True,partial,0,False,False
Q9D2M8_69.0,17.959866841634113,10.77628262837728,-0.736917059796857,0.2328436577526399,,-7.183584213256834,7.183584213256834,False,True,partial,partial,False,False
Q9D2N4_197.0,0.0,0.0,0.0,,,0.0,0.0,True,False,0,0,False,False
Q9D2N4_309.0,0.0,0.0,0.0,,,0.0,0.0,True,False,0,0,False,False
Q9D2N9_121.0,0.0,0.0,0.0,,,0.0,0.0,True,False,0,0,False,False
Q9D2N9_163.0,0.0,0.0,0.0,,,0.0,0.0,True,False,0,0,False,False
Q9D2N9_413.0,0.0,0.0,0.0,,,0.0,0.0,True,False,0,0,False,False
Q9D2P8_51.0,0.0,0.0,0.0,,,0.0,0.0,True,False,0,0,False,False
Q9D2P8_62.0,0.0,0.0,0.0,,,0.0,0.0,True,False,0,0,False,False
Q9D2R0_299.0,0.0,0.0,0.0,,,0.0,0.0,True,False,0,0,False,False
Q9D2R0_525.0,0.0,0.0,0.0,,,0.0,0.0,True,False,0,0,False,False
Q9D2U5_66.0,0.0,0.0,0.0,,,0.0,0.0,True,False,0,0,False,False
Q9D2U5_74.0,0.0,0.0,0.0,,,0.0,0.0,True,False,0,0,False,False
Q9D2V7_34.0,0.0,0.0,0.0,,,0.0,0.0,True,False,0,0,False,False
Q9D2V7_394.0,0.0,0.0,0.0,,,0.0,0.0,True,False,0,0,False,False
Q9D2V7_502.0,0.0,0.0,0.0,,,0.0,0.0,True,False,0,0,False,False
Q9D2V7_653.0,0.0,0.0,0.0,,,0.0,0.0,True,False,0,0,False,False
Q9D2V7_787.0,0.0,0.0,0.0,,,0.0,0.0,True,False,0,0,False,False
Q9D2Z4_64.0,0.0,0.0,0.0,,,0.0,0.0,True,False,0,0,False,False
Q9D358_91.0,0.0,0.0,0.0,,,0.0,0.0,True,False,0,0,False,False
Q9D379_182.0,22.239192962646484,14.419733683268229,-0.6250599152394132,0.5805060647769729,,-7.819459279378256,7.819459279378256,False,True,partial,partial,False,False
Q9D385_149.0,0.0,0.0,0.0,,,0.0,0.0,True,False,0,0,False,False
Q9D394_29.0,0.0,0.0,0.0,,,0.0,0.0,True,False,0,0,False,False
Q9D394_41.0,0.0,0.0,0.0,,,0.0,0.0,True,False,0,0,False,False
Q9D3E6_716.0,0.0,0.0,0.0,,,0.0,0.0,True,False,0,0,False,False
Q9D3X9_250.0,0.0,0.0,0.0,,,0.0,0.0,True,False,0,0,False,False
Q9D3X9_397.0,0.0,0.0,0.0,,,0.0,0.0,True,False,0,0,False,False
Q9D404_86.0,0.0,0.0,0.0,,,0.0,0.0,True,False,0,0,False,False
Q9D415_315.0,0.0,0.0,0.0,,,0.0,0.0,True,False,0,0,False,False
Q9D415_345.0,0.0,0.0,0.0,,,0.0,0.0,True,False,0,0,False,False
Q9D415_508.0,0.0,0.0,0.0,,,0.0,0.0,True,False,0,0,False,False
Q9D415_57.0,0.0,0.0,0.0,,,0.0,0.0,True,False,0,0,False,False
Q9D415_826.0,0.0,0.0,0.0,,,0.0,0.0,True,False,0,0,False,False
Q9D415_868.0,0.0,0.0,0.0,,,0.0,0.0,True,False,0,0,False,False
Q9D428_33.0,0.0,0.0,0.0,,,0.0,0.0,True,False,0,0,False,False
Q9D486_455.0,0.0,0.0,0.0,,,0.0,0.0,True,False,0,0,False,False
Q9D486_623.0,0.0,0.0,0.0,,,0.0,0.0,True,False,0,0,False,False
Q9D486_738.0,0.0,0.0,0.0,,,0.0,0.0,True,False,0,0,False,False
Q9D4C9_312.0,0.0,0.0,0.0,,,0.0,0.0,True,False,0,0,False,False
Q9D4F2_117.0,0.0,0.0,0.0,,,0.0,0.0,True,False,0,0,False,False
Q9D4F2_44.0,0.0,0.0,0.0,,,0.0,0.0,True,False,0,0,False,False
Q9D4F2_52.0,0.0,0.0,0.0,,,0.0,0.0,True,False,0,0,False,False
Q9D4H1_373.0,0.0,0.0,0.0,,,0.0,0.0,True,False,0,0,False,False
Q9D4H1_638.0,0.0,0.0,0.0,,,0.0,0.0,True,False,0,0,False,False
Q9D4H1_859.0,0.0,0.0,0.0,,,0.0,0.0,True,False,0,0,False,False
Q9D4H8_103.0,0.0,0.0,0.0,,,0.0,0.0,True,False,0,0,False,False
Q9D4H8_232.0,0.0,0.0,0.0,,,0.0,0.0,True,False,0,0,False,False
Q9D4H8_266.0,0.0,0.0,0.0,,,0.0,0.0,True,False,0,0,False,False
Q9D4H8_395.0,0.0,0.0,0.0,,,0.0,0.0,True,False,0,0,False,False
Q9D4H8_46.0,0.0,0.0,0.0,,,0.0,0.0,True,False,0,0,False,False
Q9D4H8_465.0,0.0,0.0,0.0,,,0.0,0.0,True,False,0,0,False,False
Q9D4H9_511.0,0.0,0.0,0.0,,,0.0,0.0,True,False,0,0,False,False
Q9D4H9_655.0,0.0,0.0,0.0,,,0.0,0.0,True,False,0,0,False,False
Q9D4J1_32.0,0.0,0.0,0.0,,,0.0,0.0,True,False,0,0,False,False
Q9D4V0_218.0,0.0,0.0,0.0,,,0.0,0.0,True,False,0,0,False,False
Q9D517_217.0,0.0,0.0,0.0,,,0.0,0.0,True,False,0,0,False,False
Q9D517_254.0,0.0,0.0,0.0,,,0.0,0.0,True,False,0,0,False,False
Q9D554_103.0,0.0,0.0,0.0,,,0.0,0.0,True,False,0,0,False,False
Q9D554_145.0,0.0,0.0,0.0,,,0.0,0.0,True,False,0,0,False,False
Q9D5T0_137.0,0.0,0.0,0.0,,,0.0,0.0,True,False,0,0,False,False
Q9D5T0_310.0,0.0,0.0,0.0,,,0.0,0.0,True,False,0,0,False,False
Q9D5T0_359.0,0.0,0.0,0.0,,,0.0,0.0,True,False,0,0,False,False
Q9D5V5_104.0,0.0,0.0,0.0,,,0.0,0.0,True,False,0,0,False,False
Q9D5V5_188.0,0.0,0.0,0.0,,,0.0,0.0,True,False,0,0,False,False
Q9D5V5_281.0,0.0,0.0,0.0,,,0.0,0.0,True,False,0,0,False,False
Q9D5V5_404.0,0.0,0.0,0.0,,,0.0,0.0,True,False,0,0,False,False
Q9D662_425.0,0.0,0.0,0.0,,,0.0,0.0,True,False,0,0,False,False
Q9D662_74.0,0.0,0.0,0.0,,,0.0,0.0,True,False,0,0,False,False
Q9D666_123.0,0.0,0.0,0.0,,,0.0,0.0,True,False,0,0,False,False
Q9D666_501.0,0.0,0.0,0.0,,,0.0,0.0,True,False,0,0,False,False
Q9D666_635.0,0.0,0.0,0.0,,,0.0,0.0,True,False,0,0,False,False
Q9D666_901.0,0.0,0.0,0.0,,,0.0,0.0,True,False,0,0,False,False
Q9D6D0_275.0,0.0,0.0,0.0,,,0.0,0.0,True,False,0,0,False,False
Q9D6F4_186.0,0.0,0.0,0.0,,,0.0,0.0,True,False,0,0,False,False
Q9D6F9_12.0,28.90743617216746,0.8884065474073092,-5.024076823358307,0.11926650141316861,,-28.01902962476015,28.01902962476015,False,True,partial,partial,False,False
Q9D6F9_239.0,1.5094845953087013,1.2525069912274678,-0.26923737738477505,0.8450304935455737,,-0.2569776040812335,0.2569776040812335,False,True,partial,partial,False,False
Q9D6F9_354.0,1.9039728442827861,1.4445365071296692,-0.3984062369284586,0.014754680469570581,,-0.45943633715311694,0.45943633715311694,False,True,partial,partial,False,False
Q9D6I9_104.0,0.0,0.0,0.0,,,0.0,0.0,True,False,0,0,False,False
Q9D6I9_35.0,0.0,0.0,0.0,,,0.0,0.0,True,False,0,0,False,False
Q9D6J5_130.0,0.0,0.0,0.0,,,0.0,0.0,True,False,0,0,False,False
Q9D6J6_134.0,0.0,0.0,0.0,,,0.0,0.0,True,False,0,0,False,False
Q9D6J6_223.0,0.0,0.0,0.0,,,0.0,0.0,True,False,0,0,False,False
Q9D6K5_90.0,0.0,0.0,0.0,,,0.0,0.0,True,False,0,0,False,False
Q9D6K7_55.0,0.0,0.0,0.0,,,0.0,0.0,True,False,0,0,False,False
Q9D6M3_111.0,0.0,0.0,0.0,,,0.0,0.0,True,False,0,0,False,False
Q9D6M3_116.0,0.0,0.0,0.0,,,0.0,0.0,True,False,0,0,False,False
Q9D6M3_271.0,1.002743234237035,0.7357811431090037,-0.4466036234973073,0.03504930477889198,,-0.2669620911280314,0.2669620911280314,False,True,partial,partial,False,False
Q9D6M3_52.0,0.0,0.0,0.0,,,0.0,0.0,True,False,0,0,False,False
Q9D6N5_54.0,0.0,0.0,0.0,,,0.0,0.0,True,False,0,0,False,False
Q9D6N5_73.0,0.0,0.0,0.0,,,0.0,0.0,True,False,0,0,False,False
Q9D6R2_127.0,0.9971803923447927,0.7024816473325094,-0.5053939799171367,0.322936742328578,,-0.2946987450122833,0.2946987450122833,False,True,partial,partial,False,False
Q9D6R2_215.0,0.0,0.0,0.0,,,0.0,0.0,True,False,0,0,False,False
Q9D6R2_222.0,0.0,0.0,0.0,,,0.0,0.0,True,False,0,0,False,False
Q9D6R2_331.0,0.0,0.0,0.0,,,0.0,0.0,True,False,0,0,False,False
Q9D6R2_351.0,0.0,0.0,0.0,,,0.0,0.0,True,False,0,0,False,False
Q9D6S7_154.0,0.0,0.0,0.0,,,0.0,0.0,True,False,0,0,False,False
Q9D6W8_181.0,0.0,0.0,0.0,,,0.0,0.0,True,False,0,0,False,False
Q9D6W8_359.0,0.0,0.0,0.0,,,0.0,0.0,True,False,0,0,False,False
Q9D6Y9_309.0,0.0,0.0,0.0,,,0.0,0.0,True,False,0,0,False,False
Q9D6Z0_221.0,0.0,0.0,0.0,,,0.0,0.0,True,False,0,0,False,False
Q9D6Z1_211.0,0.0,0.0,0.0,,,0.0,0.0,True,False,0,0,False,False
Q9D6Z1_384.0,23.536983489990234,18.938542366027832,-0.3136041399449054,0.30421506495722017,,-4.598441123962402,4.598441123962402,False,True,partial,partial,False,False
Q9D6Z1_471.0,0.0,0.0,0.0,,,0.0,0.0,True,False,0,0,False,False
Q9D6Z1_52.0,0.0,50.0,35.54120904378984,0.0755868184216124,,50.0,50.0,False,True,0,partial,False,False
Q9D706_156.0,0.0,0.0,0.0,,,0.0,0.0,True,False,0,0,False,False
Q9D706_306.0,0.0,0.0,0.0,,,0.0,0.0,True,False,0,0,False,False
Q9D706_341.0,0.0,0.0,0.0,,,0.0,0.0,True,False,0,0,False,False
Q9D710_186.0,0.0,0.0,0.0,,,0.0,0.0,True,False,0,0,False,False
Q9D711_79.0,0.0,0.0,0.0,,,0.0,0.0,True,False,0,0,False,False
Q9D753_89.0,0.0,0.0,0.0,,,0.0,0.0,True,False,0,0,False,False
Q9D771_128.0,0.0,0.0,0.0,,,0.0,0.0,True,False,0,0,False,False
Q9D7A6_53.0,0.0,0.0,0.0,,,0.0,0.0,True,False,0,0,False,False
Q9D7A6_94.0,0.0,0.0,0.0,,,0.0,0.0,True,False,0,0,False,False
Q9D7A8_161.0,0.0,0.0,0.0,,,0.0,0.0,True,False,0,0,False,False
Q9D7B6_144.0,0.0,0.0,0.0,,,0.0,0.0,True,False,0,0,False,False
Q9D7B6_215.0,0.0,0.0,0.0,,,0.0,0.0,True,False,0,0,False,False
Q9D7B6_249.0,0.0,0.0,0.0,,,0.0,0.0,True,False,0,0,False,False
Q9D7B6_349.0,0.0,0.0,0.0,,,0.0,0.0,True,False,0,0,False,False
Q9D7G0_165.0,0.0,0.0,0.0,,,0.0,0.0,True,False,0,0,False,False
Q9D7G0_265.0,0.0,0.0,0.0,,,0.0,0.0,True,False,0,0,False,False
Q9D7G0_41.0,1.7715085347493489,3.5565346082051597,1.0054937858211828,0.5482694217053614,,1.7850260734558108,1.7850260734558108,False,True,partial,partial,False,False
Q9D7H3_28.0,0.0,0.0,0.0,,,0.0,0.0,True,False,0,0,False,False
Q9D7I5_180.0,0.0,0.0,0.0,,,0.0,0.0,True,False,0,0,False,False
Q9D7I5_53.0,0.0,0.0,0.0,,,0.0,0.0,True,False,0,0,False,False
Q9D7J4_28.0,25.335213661193848,16.490978717803955,-0.619466972298912,0.00045837581628500125,,-8.844234943389893,8.844234943389893,False,True,partial,partial,False,False
Q9D7K2_95.0,0.0,0.0,0.0,,,0.0,0.0,True,False,0,0,False,False
Q9D7M1_139.0,0.0,0.0,0.0,,,0.0,0.0,True,False,0,0,False,False
Q9D7N3_227.0,0.0,0.0,0.0,,,0.0,0.0,True,False,0,0,False,False
Q9D7N3_324.0,0.0,0.0,0.0,,,0.0,0.0,True,False,0,0,False,False
Q9D7N6_138.0,0.0,0.0,0.0,,,0.0,0.0,True,False,0,0,False,False
Q9D7N9_139.0,0.0,0.0,0.0,,,0.0,0.0,True,False,0,0,False,False
Q9D7N9_148.0,0.0,0.0,0.0,,,0.0,0.0,True,False,0,0,False,False
Q9D7P6_131.0,0.0,0.0,0.0,,,0.0,0.0,True,False,0,0,False,False
Q9D7P6_139.0,0.0,0.0,0.0,,,0.0,0.0,True,False,0,0,False,False
Q9D7P6_70.0,3.772272308667501,0.4853058656056722,-2.958467618549546,0.008445441291857803,,-3.2869664430618286,3.2869664430618286,False,True,partial,partial,False,False
Q9D7S9_20.0,0.0,0.0,0.0,,,0.0,0.0,True,False,0,0,False,False
Q9D7V2_106.0,0.0,0.0,0.0,,,0.0,0.0,True,False,0,0,False,False
Q9D7X1_159.0,0.0,0.0,0.0,,,0.0,0.0,True,False,0,0,False,False
Q9D7X1_244.0,0.0,0.0,0.0,,,0.0,0.0,True,False,0,0,False,False
Q9D7X1_69.0,0.0,0.0,0.0,,,0.0,0.0,True,False,0,0,False,False
Q9D7X3_171.0,0.0,0.0,0.0,,,0.0,0.0,True,False,0,0,False,False
Q9D7X8_144.0,0.0,0.0,0.0,,,0.0,0.0,True,False,0,0,False,False
Q9D7X8_41.0,0.0,0.0,0.0,,,0.0,0.0,True,False,0,0,False,False
Q9D819_113.0,0.0,0.0,0.0,,,0.0,0.0,True,False,0,0,False,False
Q9D819_242.0,0.0,0.0,0.0,,,0.0,0.0,True,False,0,0,False,False
Q9D819_254.0,0.0,0.0,0.0,,,0.0,0.0,True,False,0,0,False,False
Q9D819_270.0,0.0,0.0,0.0,,,0.0,0.0,True,False,0,0,False,False
Q9D832_263.0,0.0,0.0,0.0,,,0.0,0.0,True,False,0,0,False,False
Q9D868_47.0,0.0,0.0,0.0,,,0.0,0.0,True,False,0,0,False,False
Q9D880_236.0,0.0,0.0,0.0,,,0.0,0.0,True,False,0,0,False,False
Q9D880_249.0,0.0,0.0,0.0,,,0.0,0.0,True,False,0,0,False,False
Q9D883_163.0,0.0,0.0,0.0,,,0.0,0.0,True,False,0,0,False,False
Q9D883_18.0,0.0,0.0,0.0,,,0.0,0.0,True,False,0,0,False,False
Q9D892_116.0,0.0,0.0,0.0,,,0.0,0.0,True,False,0,0,False,False
Q9D892_154.0,0.0,0.0,0.0,,,0.0,0.0,True,False,0,0,False,False
Q9D892_33.0,0.846551259358724,0.0,-29.657022187912407,0.36321746764912255,,-0.846551259358724,0.846551259358724,False,True,partial,0,False,False
Q9D8B4_18.0,24.908836046854656,12.847801367441813,-0.9551361146376111,1.5552155819809416e-07,,-12.061034679412844,12.061034679412844,False,True,partial,partial,False,False
Q9D8B4_95.0,0.0,0.0,0.0,,,0.0,0.0,True,False,0,0,False,False
Q9D8B7_160.0,6.9517444769541425,15.063027540842691,1.1155648089560066,0.3634563745677115,,8.11128306388855,8.11128306388855,False,True,partial,partial,False,False
Q9D8E6_125.0,0.0,0.0,0.0,,,0.0,0.0,True,False,0,0,False,False
Q9D8E6_208.0,0.0,0.0,0.0,,,0.0,0.0,True,False,0,0,False,False
Q9D8E6_250.0,0.0,0.0,0.0,,,0.0,0.0,True,False,0,0,False,False
Q9D8E6_96.0,0.0,0.0,0.0,,,0.0,0.0,True,False,0,0,False,False
Q9D8L5_425.0,0.0,0.0,0.0,,,0.0,0.0,True,False,0,0,False,False
Q9D8N0_194.0,0.0,0.0,0.0,,,0.0,0.0,True,False,0,0,False,False
Q9D8N0_266.0,2.094355662663778,1.4842791557312012,-0.49674400842285077,0.7655526071454646,,-0.6100765069325766,0.6100765069325766,False,True,partial,partial,False,False
Q9D8S3_312.0,0.0,0.0,0.0,,,0.0,0.0,True,False,0,0,False,False
Q9D8S4_137.0,12.3186403910319,9.015888214111328,-0.4503015013557936,0.5714139100099893,,-3.3027521769205723,3.3027521769205723,False,True,partial,partial,False,False
Q9D8S4_97.0,0.0,0.0,0.0,,,0.0,0.0,True,False,0,0,False,False
Q9D8S9_126.0,0.0,0.0,0.0,,,0.0,0.0,True,False,0,0,False,False
Q9D8T7_48.0,0.0,0.0,0.0,,,0.0,0.0,True,False,0,0,False,False
Q9D8U8_250.0,0.0,0.0,0.0,,,0.0,0.0,True,False,0,0,False,False
Q9D8U8_346.0,0.0,0.0,0.0,,,0.0,0.0,True,False,0,0,False,False
Q9D8U8_397.0,0.0,0.0,0.0,,,0.0,0.0,True,False,0,0,False,False
Q9D8W5_108.0,0.0,0.0,0.0,,,0.0,0.0,True,False,0,0,False,False
Q9D8W5_255.0,0.0,0.0,0.0,,,0.0,0.0,True,False,0,0,False,False
Q9D8W7_130.0,0.0,0.0,0.0,,,0.0,0.0,True,False,0,0,False,False
Q9D8W7_27.0,0.0,0.0,0.0,,,0.0,0.0,True,False,0,0,False,False
Q9D8W7_46.0,0.0,8.093637069066366,32.914141011993514,0.034981998731536845,,8.093637069066366,8.093637069066366,False,True,0,partial,False,False
Q9D8X1_173.0,0.0,0.0,0.0,,,0.0,0.0,True,False,0,0,False,False
Q9D8X1_51.0,0.0,0.0,0.0,,,0.0,0.0,True,False,0,0,False,False
Q9D906_184.0,0.0,0.0,0.0,,,0.0,0.0,True,False,0,0,False,False
Q9D906_294.0,0.0,0.0,0.0,,,0.0,0.0,True,False,0,0,False,False
Q9D906_318.0,0.0,0.0,0.0,,,0.0,0.0,True,False,0,0,False,False
Q9D906_402.0,0.0,0.0,0.0,,,0.0,0.0,True,False,0,0,False,False
Q9D920_93.0,0.0,0.0,0.0,,,0.0,0.0,True,False,0,0,False,False
Q9D924_121.0,0.0,0.0,0.0,,,0.0,0.0,True,False,0,0,False,False
Q9D964_131.0,0.0,0.0,0.0,,,0.0,0.0,True,False,0,0,False,False
Q9D964_87.0,0.0,0.0,0.0,,,0.0,0.0,True,False,0,0,False,False
Q9D975_98.0,0.0,0.0,0.0,,,0.0,0.0,True,False,0,0,False,False
Q9D9E0_388.0,0.0,0.0,0.0,,,0.0,0.0,True,False,0,0,False,False
Q9D9M2_226.0,0.0,0.0,0.0,,,0.0,0.0,True,False,0,0,False,False
Q9D9V3_127.0,0.0,0.0,0.0,,,0.0,0.0,True,False,0,0,False,False
Q9D9V7_455.0,0.0,0.0,0.0,,,0.0,0.0,True,False,0,0,False,False
Q9D9Z5_25.0,0.0,0.0,0.0,,,0.0,0.0,True,False,0,0,False,False
Q9DA03_97.0,0.0,0.0,0.0,,,0.0,0.0,True,False,0,0,False,False
Q9DAA6_73.0,0.0,0.0,0.0,,,0.0,0.0,True,False,0,0,False,False
Q9DAI2_12.0,0.0,0.0,0.0,,,0.0,0.0,True,False,0,0,False,False
Q9DAI2_57.0,0.0,0.0,0.0,,,0.0,0.0,True,False,0,0,False,False
Q9DAI2_73.0,0.0,0.0,0.0,,,0.0,0.0,True,False,0,0,False,False
Q9DAI6_640.0,0.0,0.0,0.0,,,0.0,0.0,True,False,0,0,False,False
Q9DAK9_70.0,0.0,0.0,0.0,,,0.0,0.0,True,False,0,0,False,False
Q9DAM5_222.0,0.0,0.0,0.0,,,0.0,0.0,True,False,0,0,False,False
Q9DAR7_221.0,0.0,0.0,0.0,,,0.0,0.0,True,False,0,0,False,False
Q9DAS9_43.0,0.0,0.0,0.0,,,0.0,0.0,True,False,0,0,False,False
Q9DAT5_61.0,0.0,0.0,0.0,,,0.0,0.0,True,False,0,0,False,False
Q9DAU1_104.0,0.0,0.0,0.0,,,0.0,0.0,True,False,0,0,False,False
Q9DAU1_194.0,0.0,0.0,0.0,,,0.0,0.0,True,False,0,0,False,False
Q9DAU1_206.0,0.0,0.0,0.0,,,0.0,0.0,True,False,0,0,False,False
Q9DAW6_262.0,0.0,0.0,0.0,,,0.0,0.0,True,False,0,0,False,False
Q9DAW6_298.0,0.0,0.0,0.0,,,0.0,0.0,True,False,0,0,False,False
Q9DAW6_341.0,0.0,0.0,0.0,,,0.0,0.0,True,False,0,0,False,False
Q9DAW6_430.0,0.0,0.0,0.0,,,0.0,0.0,True,False,0,0,False,False
Q9DAW6_440.0,0.0,0.0,0.0,,,0.0,0.0,True,False,0,0,False,False
Q9DAW9_173.0,0.0,0.0,0.0,,,0.0,0.0,True,False,0,0,False,False
Q9DAW9_59.0,0.0,0.0,0.0,,,0.0,0.0,True,False,0,0,False,False
Q9DB05_103.0,0.0,0.0,0.0,,,0.0,0.0,True,False,0,0,False,False
Q9DB05_212.0,0.0,0.0,0.0,,,0.0,0.0,True,False,0,0,False,False
Q9DB05_42.0,0.0,0.0,0.0,,,0.0,0.0,True,False,0,0,False,False
Q9DB05_84.0,0.0,0.0,0.0,,,0.0,0.0,True,False,0,0,False,False
Q9DB20_141.0,0.0,0.0,0.0,,,0.0,0.0,True,False,0,0,False,False
Q9DB24_142.0,0.0,0.0,0.0,,,0.0,0.0,True,False,0,0,False,False
Q9DB25_194.0,0.0,0.0,0.0,,,0.0,0.0,True,False,0,0,False,False
Q9DB26_49.0,0.0,0.0,0.0,,,0.0,0.0,True,False,0,0,False,False
Q9DB27_113.0,0.0,0.0,0.0,,,0.0,0.0,True,False,0,0,False,False
Q9DB27_14.0,0.0,0.0,0.0,,,0.0,0.0,True,False,0,0,False,False
Q9DB27_144.0,0.0,0.0,0.0,,,0.0,0.0,True,False,0,0,False,False
Q9DB29_137.0,0.0,0.0,0.0,,,0.0,0.0,True,False,0,0,False,False
Q9DB29_166.0,0.0,0.0,0.0,,,0.0,0.0,True,False,0,0,False,False
Q9DB30_188.0,0.0,0.0,0.0,,,0.0,0.0,True,False,0,0,False,False
Q9DB32_171.0,0.0,0.0,0.0,,,0.0,0.0,True,False,0,0,False,False
Q9DB32_189.0,0.0,0.0,0.0,,,0.0,0.0,True,False,0,0,False,False
Q9DB32_249.0,0.0,0.0,0.0,,,0.0,0.0,True,False,0,0,False,False
Q9DB41_144.0,0.0,0.0,0.0,,,0.0,0.0,True,False,0,0,False,False
Q9DB41_234.0,30.702835083007812,6.248175303141276,-2.296865042820596,0.20601501155756657,,-24.454659779866535,24.454659779866535,False,True,partial,partial,False,False
Q9DB41_272.0,0.0,0.0,0.0,,,0.0,0.0,True,False,0,0,False,False
Q9DB41_56.0,0.0,0.0,0.0,,,0.0,0.0,True,False,0,0,False,False
Q9DB43_16.0,0.0,0.0,0.0,,,0.0,0.0,True,False,0,0,False,False
Q9DB43_230.0,0.0,0.0,0.0,,,0.0,0.0,True,False,0,0,False,False
Q9DB43_56.0,0.0,0.0,0.0,,,0.0,0.0,True,False,0,0,False,False
Q9DB60_34.0,0.0,0.0,0.0,,,0.0,0.0,True,False,0,0,False,False
Q9DB60_44.0,0.0,0.0,0.0,,,0.0,0.0,True,False,0,0,False,False
Q9DB72_112.0,0.0,0.0,0.0,,,0.0,0.0,True,False,0,0,False,False
Q9DB73_208.0,5.445366223653157,2.506226062774658,-1.1195125268665407,0.5334813586897376,,-2.939140160878499,2.939140160878499,False,True,partial,partial,False,False
Q9DB75_194.0,0.0,0.0,0.0,,,0.0,0.0,True,False,0,0,False,False
Q9DB75_202.0,0.0,0.0,0.0,,,0.0,0.0,True,False,0,0,False,False
Q9DB77_192.0,10.065609455108643,8.224727948506674,-0.29139466319622964,0.4417326778844668,,-1.8408815066019688,1.8408815066019688,False,True,partial,partial,False,False
Q9DBB8_283.0,0.0,0.0,0.0,,,0.0,0.0,True,False,0,0,False,False
Q9DBB8_95.0,0.0,0.0,0.0,,,0.0,0.0,True,False,0,0,False,False
Q9DBC0_203.0,0.0,0.0,0.0,,,0.0,0.0,True,False,0,0,False,False
Q9DBC0_220.0,0.0,0.0,0.0,,,0.0,0.0,True,False,0,0,False,False
Q9DBC0_367.0,0.0,0.0,0.0,,,0.0,0.0,True,False,0,0,False,False
Q9DBC0_485.0,0.0,0.0,0.0,,,0.0,0.0,True,False,0,0,False,False
Q9DBC0_82.0,0.0,0.0,0.0,,,0.0,0.0,True,False,0,0,False,False
Q9DBC3_190.0,0.0,0.0,0.0,,,0.0,0.0,True,False,0,0,False,False
Q9DBC3_503.0,0.0,0.0,0.0,,,0.0,0.0,True,False,0,0,False,False
Q9DBC3_534.0,0.0,0.0,0.0,,,0.0,0.0,True,False,0,0,False,False
Q9DBC3_793.0,0.0,0.0,0.0,,,0.0,0.0,True,False,0,0,False,False
Q9DBC7_18.0,0.0,0.0,0.0,,,0.0,0.0,True,False,0,0,False,False
Q9DBC7_362.0,0.0,0.0,0.0,,,0.0,0.0,True,False,0,0,False,False
Q9DBC7_39.0,0.0,0.0,0.0,,,0.0,0.0,True,False,0,0,False,False
Q9DBD0_246.0,24.822598139444988,16.666666666666668,-0.5746885336314246,0.7392099911650449,,-8.15593147277832,8.15593147277832,False,True,partial,partial,False,False
Q9DBD5_191.0,0.0,0.0,0.0,,,0.0,0.0,True,False,0,0,False,False
Q9DBD5_523.0,0.0,0.0,0.0,,,0.0,0.0,True,False,0,0,False,False
Q9DBD5_537.0,0.0,0.0,0.0,,,0.0,0.0,True,False,0,0,False,False
Q9DBD5_646.0,33.333333333333336,41.15526517232259,0.30411141854006046,0.7934430334984395,,7.821931838989258,7.821931838989258,False,True,partial,partial,False,False
Q9DBE0_328.0,0.0,0.0,0.0,,,0.0,0.0,True,False,0,0,False,False
Q9DBE0_44.0,0.0,0.0,0.0,,,0.0,0.0,True,False,0,0,False,False
Q9DBE8_137.0,0.0,0.0,0.0,,,0.0,0.0,True,False,0,0,False,False
Q9DBE8_362.0,0.0,0.0,0.0,,,0.0,0.0,True,False,0,0,False,False
Q9DBE8_45.0,0.0,0.0,0.0,,,0.0,0.0,True,False,0,0,False,False
Q9DBE8_59.0,0.0,0.0,0.0,,,0.0,0.0,True,False,0,0,False,False
Q9DBE8_70.0,0.0,0.0,0.0,,,0.0,0.0,True,False,0,0,False,False
Q9DBE9_145.0,0.0,0.0,0.0,,,0.0,0.0,True,False,0,0,False,False
Q9DBF1_154.0,0.0,0.0,0.0,,,0.0,0.0,True,False,0,0,False,False
Q9DBF1_478.0,0.0,0.0,0.0,,,0.0,0.0,True,False,0,0,False,False
Q9DBF1_522.0,0.0,0.0,0.0,,,0.0,0.0,True,False,0,0,False,False
Q9DBF1_70.0,0.0,0.0,0.0,,,0.0,0.0,True,False,0,0,False,False
Q9DBG3_123.0,0.9141298631827036,0.7104789167642593,-0.3636072930504431,0.30235672397808,,-0.20365094641844428,0.20365094641844428,False,True,partial,partial,False,False
Q9DBG3_129.0,0.0,0.0,0.0,,,0.0,0.0,True,False,0,0,False,False
Q9DBG3_144.0,2.502885719140371,2.043262163798014,-0.29271809637957286,0.3843948629372117,,-0.45962355534235666,0.45962355534235666,False,True,partial,partial,False,False
Q9DBG3_241.0,2.807874302069346,2.0606237649917603,-0.4463972356567022,0.2599812024139999,,-0.7472505370775857,0.7472505370775857,False,True,partial,partial,False,False
Q9DBG3_391.0,0.0,0.0,0.0,,,0.0,0.0,True,False,0,0,False,False
Q9DBG3_57.0,0.0,0.0,0.0,,,0.0,0.0,True,False,0,0,False,False
Q9DBG3_857.0,2.0743470788002014,1.3345594704151154,-0.6362937089874005,0.09785513902900632,,-0.7397876083850861,0.7397876083850861,False,True,partial,partial,False,False
Q9DBG3_918.0,0.0,0.0,0.0,,,0.0,0.0,True,False,0,0,False,False
Q9DBG3_95.0,1.0818455517292023,0.7180354247490565,-0.5913676214880341,0.005901935371885913,,-0.3638101269801458,0.3638101269801458,False,True,partial,partial,False,False
Q9DBG5_60.0,0.0,0.0,0.0,,,0.0,0.0,True,False,0,0,False,False
Q9DBG7_252.0,0.0,0.0,0.0,,,0.0,0.0,True,False,0,0,False,False
Q9DBG7_361.0,0.0,0.0,0.0,,,0.0,0.0,True,False,0,0,False,False
Q9DBH5_109.0,0.0,0.0,0.0,,,0.0,0.0,True,False,0,0,False,False
Q9DBH5_204.0,0.0,0.0,0.0,,,0.0,0.0,True,False,0,0,False,False
Q9DBH5_241.0,8.321318785349527,0.0,-32.954165042899895,0.07890764184313345,,-8.321318785349527,8.321318785349527,False,True,partial,0,False,False
Q9DBJ1_153.0,4.354898889859517,2.6705018679300943,-0.7055283297915034,0.011704096514438921,,-1.6843970219294229,1.6843970219294229,False,True,partial,partial,False,False
Q9DBJ1_55.0,0.0,0.0,0.0,,,0.0,0.0,True,False,0,0,False,False
Q9DBL1_234.0,0.0,0.0,0.0,,,0.0,0.0,True,False,0,0,False,False
Q9DBL1_261.0,0.0,0.0,0.0,,,0.0,0.0,True,False,0,0,False,False
Q9DBL2_148.0,0.0,0.0,0.0,,,0.0,0.0,True,False,0,0,False,False
Q9DBL2_349.0,0.0,0.0,0.0,,,0.0,0.0,True,False,0,0,False,False
Q9DBN4_27.0,0.0,0.0,0.0,,,0.0,0.0,True,False,0,0,False,False
Q9DBN5_372.0,0.0,0.0,0.0,,,0.0,0.0,True,False,0,0,False,False
Q9DBR0_173.0,0.0,0.0,0.0,,,0.0,0.0,True,False,0,0,False,False
Q9DBR0_478.0,0.0,0.0,0.0,,,0.0,0.0,True,False,0,0,False,False
Q9DBR0_626.0,0.0,0.0,0.0,,,0.0,0.0,True,False,0,0,False,False
Q9DBR1_276.0,0.0,0.0,0.0,,,0.0,0.0,True,False,0,0,False,False
Q9DBR1_296.0,0.0,0.0,0.0,,,0.0,0.0,True,False,0,0,False,False
Q9DBR1_451.0,0.0,0.0,0.0,,,0.0,0.0,True,False,0,0,False,False
Q9DBR2_384.0,0.0,0.0,0.0,,,0.0,0.0,True,False,0,0,False,False
Q9DBR2_576.0,0.0,0.0,0.0,,,0.0,0.0,True,False,0,0,False,False
Q9DBR3_125.0,0.0,0.0,0.0,,,0.0,0.0,True,False,0,0,False,False
Q9DBR3_275.0,0.0,0.0,0.0,,,0.0,0.0,True,False,0,0,False,False
Q9DBR3_283.0,0.0,0.0,0.0,,,0.0,0.0,True,False,0,0,False,False
Q9DBR3_578.0,0.0,0.0,0.0,,,0.0,0.0,True,False,0,0,False,False
Q9DBR3_661.0,0.0,0.0,0.0,,,0.0,0.0,True,False,0,0,False,False
Q9DBR7_256.0,0.0,0.0,0.0,,,0.0,0.0,True,False,0,0,False,False
Q9DBS2_114.0,0.0,0.0,0.0,,,0.0,0.0,True,False,0,0,False,False
Q9DBS2_123.0,0.0,0.0,0.0,,,0.0,0.0,True,False,0,0,False,False
Q9DBS2_201.0,1.5515716075897217,2.7965179284413657,0.8499012978793588,0.4538966054733997,,1.244946320851644,1.244946320851644,False,True,partial,partial,False,False
Q9DBS5_113.0,0.0,0.0,0.0,,,0.0,0.0,True,False,0,0,False,False
Q9DBS5_318.0,0.0,0.0,0.0,,,0.0,0.0,True,False,0,0,False,False
Q9DBS5_489.0,0.0,0.0,0.0,,,0.0,0.0,True,False,0,0,False,False
Q9DBS9_113.0,0.0,0.0,0.0,,,0.0,0.0,True,False,0,0,False,False
Q9DBS9_528.0,0.0,0.0,0.0,,,0.0,0.0,True,False,0,0,False,False
Q9DBT3_136.0,0.0,0.0,0.0,,,0.0,0.0,True,False,0,0,False,False
Q9DBT5_176.0,0.0,0.0,0.0,,,0.0,0.0,True,False,0,0,False,False
Q9DBT5_209.0,0.0,0.0,0.0,,,0.0,0.0,True,False,0,0,False,False
Q9DBT5_370.0,0.0,0.0,0.0,,,0.0,0.0,True,False,0,0,False,False
Q9DBT5_52.0,0.0,0.0,0.0,,,0.0,0.0,True,False,0,0,False,False
Q9DBT5_738.0,0.0,0.0,0.0,,,0.0,0.0,True,False,0,0,False,False
Q9DBX2_81.0,0.0,0.0,0.0,,,0.0,0.0,True,False,0,0,False,False
Q9DBX3_92.0,0.0,0.0,0.0,,,0.0,0.0,True,False,0,0,False,False
Q9DBZ5_190.0,0.0,0.0,0.0,,,0.0,0.0,True,False,0,0,False,False
Q9DBZ5_85.0,0.0,0.0,0.0,,,0.0,0.0,True,False,0,0,False,False
Q9DBZ5_87.0,0.0,0.0,0.0,,,0.0,0.0,True,False,0,0,False,False
Q9DC04_783.0,0.0,0.0,0.0,,,0.0,0.0,True,False,0,0,False,False
Q9DC16_115.0,0.0,0.0,0.0,,,0.0,0.0,True,False,0,0,False,False
Q9DC22_438.0,0.0,0.0,0.0,,,0.0,0.0,True,False,0,0,False,False
Q9DC23_186.0,0.0,0.0,0.0,,,0.0,0.0,True,False,0,0,False,False
Q9DC28_241.0,0.0,0.0,0.0,,,0.0,0.0,True,False,0,0,False,False
Q9DC28_255.0,0.0,0.0,0.0,,,0.0,0.0,True,False,0,0,False,False
Q9DC40_170.0,0.0,0.0,0.0,,,0.0,0.0,True,False,0,0,False,False
Q9DC48_366.0,0.0,0.0,0.0,,,0.0,0.0,True,False,0,0,False,False
Q9DC50_166.0,0.0,0.0,0.0,,,0.0,0.0,True,False,0,0,False,False
Q9DC50_458.0,0.0,0.0,0.0,,,0.0,0.0,True,False,0,0,False,False
Q9DC50_466.0,0.0,0.0,0.0,,,0.0,0.0,True,False,0,0,False,False
Q9DC51_139.0,0.0,0.0,0.0,,,0.0,0.0,True,False,0,0,False,False
Q9DC51_325.0,0.0,0.0,0.0,,,0.0,0.0,True,False,0,0,False,False
Q9DC51_66.0,0.0,0.0,0.0,,,0.0,0.0,True,False,0,0,False,False
Q9DC61_224.0,0.0,0.0,0.0,,,0.0,0.0,True,False,0,0,False,False
Q9DC61_265.0,0.0,0.0,0.0,,,0.0,0.0,True,False,0,0,False,False
Q9DC61_465.0,0.0,0.0,0.0,,,0.0,0.0,True,False,0,0,False,False
Q9DC63_136.0,0.0,0.0,0.0,,,0.0,0.0,True,False,0,0,False,False
Q9DC63_225.0,0.0,0.0,0.0,,,0.0,0.0,True,False,0,0,False,False
Q9DC63_403.0,0.0,0.0,0.0,,,0.0,0.0,True,False,0,0,False,False
Q9DC69_86.0,0.0,0.0,0.0,,,0.0,0.0,True,False,0,0,False,False
Q9DCB4_71.0,0.0,0.0,0.0,,,0.0,0.0,True,False,0,0,False,False
Q9DCB8_56.0,0.0,0.0,0.0,,,0.0,0.0,True,False,0,0,False,False
Q9DCB8_79.0,0.0,0.0,0.0,,,0.0,0.0,True,False,0,0,False,False
Q9DCC4_129.0,12.35983912150065,0.0,-33.524940913905475,0.36321746764912255,,-12.35983912150065,12.35983912150065,False,True,partial,0,False,False
Q9DCC4_266.0,0.0,0.0,0.0,,,0.0,0.0,True,False,0,0,False,False
Q9DCC4_49.0,0.0,0.0,0.0,,,0.0,0.0,True,False,0,0,False,False
Q9DCD0_171.0,0.0,0.0,0.0,,,0.0,0.0,True,False,0,0,False,False
Q9DCD0_199.0,0.0,0.0,0.0,,,0.0,0.0,True,False,0,0,False,False
Q9DCD0_402.0,0.0,0.0,0.0,,,0.0,0.0,True,False,0,0,False,False
Q9DCD2_676.0,0.0,0.0,0.0,,,0.0,0.0,True,False,0,0,False,False
Q9DCE5_288.0,100.0,100.0,0.0,,,0.0,0.0,True,False,100,100,False,False
Q9DCE9_277.0,0.0,0.0,0.0,,,0.0,0.0,True,False,0,0,False,False
Q9DCH2_9.0,0.0,0.0,0.0,,,0.0,0.0,True,False,0,0,False,False
Q9DCH4_260.0,0.0,0.0,0.0,,,0.0,0.0,True,False,0,0,False,False
Q9DCH6_178.0,0.0,0.0,0.0,,,0.0,0.0,True,False,0,0,False,False
Q9DCJ1_107.0,0.0,0.0,0.0,,,0.0,0.0,True,False,0,0,False,False
Q9DCJ5_110.0,18.44610087076823,16.926503658294678,-0.12403189156477701,0.2752079300086413,,-1.5195972124735526,1.5195972124735526,False,True,partial,partial,False,False
Q9DCJ5_36.0,17.748919010162354,13.451452096303305,-0.3999692391712046,0.09389357163091272,,-4.297466913859049,4.297466913859049,False,True,partial,partial,False,False
Q9DCJ5_66.0,7.38821546236674,7.1909559567769366,-0.03904236670714116,0.9065470645138427,,-0.19725950558980365,0.19725950558980365,False,True,partial,partial,False,False
Q9DCJ9_185.0,0.0,0.0,0.0,,,0.0,0.0,True,False,0,0,False,False
Q9DCL9_185.0,0.0,0.0,0.0,,,0.0,0.0,True,False,0,0,False,False
Q9DCL9_281.0,0.0,0.0,0.0,,,0.0,0.0,True,False,0,0,False,False
Q9DCL9_288.0,0.0,0.0,0.0,,,0.0,0.0,True,False,0,0,False,False
Q9DCM0_170.0,0.0,0.0,0.0,,,0.0,0.0,True,False,0,0,False,False
Q9DCM0_189.0,0.0,0.0,0.0,,,0.0,0.0,True,False,0,0,False,False
Q9DCM0_219.0,0.0,0.0,0.0,,,0.0,0.0,True,False,0,0,False,False
Q9DCM0_34.0,0.0,0.0,0.0,,,0.0,0.0,True,False,0,0,False,False
Q9DCM0_98.0,0.0,0.0,0.0,,,0.0,0.0,True,False,0,0,False,False
Q9DCM2_176.0,0.0,0.0,0.0,,,0.0,0.0,True,False,0,0,False,False
Q9DCM7_419.0,0.0,0.0,0.0,,,0.0,0.0,True,False,0,0,False,False
Q9DCN2_204.0,4.081053415934245,4.94289493560791,0.27641464752577705,0.8958051351784112,,0.8618415196736651,0.8618415196736651,False,True,partial,partial,False,False
Q9DCP2_41.0,0.0,0.0,0.0,,,0.0,0.0,True,False,0,0,False,False
Q9DCR2_47.0,0.0,0.0,0.0,,,0.0,0.0,True,False,0,0,False,False
Q9DCS2_162.0,0.0,0.0,0.0,,,0.0,0.0,True,False,0,0,False,False
Q9DCS3_169.0,0.0,0.0,0.0,,,0.0,0.0,True,False,0,0,False,False
Q9DCS3_263.0,0.0,0.0,0.0,,,0.0,0.0,True,False,0,0,False,False
Q9DCS3_345.0,0.0,0.0,0.0,,,0.0,0.0,True,False,0,0,False,False
Q9DCS9_125.0,19.5972638130188,13.061503092447916,-0.5853313090450305,0.0014029001950058154,,-6.535760720570883,6.535760720570883,False,True,partial,partial,False,False
Q9DCS9_77.0,19.49556016921997,9.689242521921793,-1.0086898191875016,0.014950855911350256,,-9.806317647298178,9.806317647298178,False,True,partial,partial,False,False
Q9DCT1_178.0,0.0,0.0,0.0,,,0.0,0.0,True,False,0,0,False,False
Q9DCT5_80.0,0.0,0.0,0.0,,,0.0,0.0,True,False,0,0,False,False
Q9DCT8_126.0,2.7688517769177756,2.6803404490152993,-0.04687156569807226,0.838793866372103,,-0.08851132790247629,0.08851132790247629,False,True,partial,partial,False,False
Q9DCT8_150.0,0.0,0.0,0.0,,,0.0,0.0,True,False,0,0,False,False
Q9DCT8_174.0,0.0,0.0,0.0,,,0.0,0.0,True,False,0,0,False,False
Q9DCT8_178.0,0.0,0.0,0.0,,,0.0,0.0,True,False,0,0,False,False
Q9DCT8_57.0,0.0,0.0,0.0,,,0.0,0.0,True,False,0,0,False,False
Q9DCV4_165.0,0.0,0.0,0.0,,,0.0,0.0,True,False,0,0,False,False
Q9DCW4_42.0,0.0,0.0,0.0,,,0.0,0.0,True,False,0,0,False,False
Q9DCW4_66.0,0.0,0.0,0.0,,,0.0,0.0,True,False,0,0,False,False
Q9DCW4_71.0,0.0,0.0,0.0,,,0.0,0.0,True,False,0,0,False,False
Q9DCX1_188.0,0.0,0.0,0.0,,,0.0,0.0,True,False,0,0,False,False
Q9DCX2_101.0,3.228346029917399,1.9576235214869182,-0.7216918806373369,0.19596524016380268,,-1.2707225084304807,1.2707225084304807,False,True,partial,partial,False,False
Q9DCZ1_127.0,0.0,0.0,0.0,,,0.0,0.0,True,False,0,0,False,False
Q9DCZ1_186.0,0.0,0.0,0.0,,,0.0,0.0,True,False,0,0,False,False
Q9DCZ1_205.0,0.0,0.0,0.0,,,0.0,0.0,True,False,0,0,False,False
Q9DCZ1_222.0,0.0,0.0,0.0,,,0.0,0.0,True,False,0,0,False,False
Q9DD02_4.0,0.0,0.0,0.0,,,0.0,0.0,True,False,0,0,False,False
Q9EP53_259.0,0.0,0.0,0.0,,,0.0,0.0,True,False,0,0,False,False
Q9EP53_583.0,0.0,0.0,0.0,,,0.0,0.0,True,False,0,0,False,False
Q9EP53_819.0,0.0,0.0,0.0,,,0.0,0.0,True,False,0,0,False,False
Q9EP69_445.0,0.0,0.0,0.0,,,0.0,0.0,True,False,0,0,False,False
Q9EP69_84.0,0.0,0.0,0.0,,,0.0,0.0,True,False,0,0,False,False
Q9EP89_152.0,0.0,0.0,0.0,,,0.0,0.0,True,False,0,0,False,False
Q9EP89_480.0,0.0,0.0,0.0,,,0.0,0.0,True,False,0,0,False,False
Q9EPE9_333.0,0.0,0.0,0.0,,,0.0,0.0,True,False,0,0,False,False
Q9EPE9_571.0,0.0,0.0,0.0,,,0.0,0.0,True,False,0,0,False,False
Q9EPE9_645.0,0.0,0.0,0.0,,,0.0,0.0,True,False,0,0,False,False
Q9EPE9_752.0,0.0,0.0,0.0,,,0.0,0.0,True,False,0,0,False,False
Q9EPE9_779.0,0.0,0.0,0.0,,,0.0,0.0,True,False,0,0,False,False
Q9EPJ9_350.0,0.7206192513306936,0.6851701339085897,-0.07277492703352631,0.9358338659245088,,-0.03544911742210388,0.03544911742210388,False,True,partial,partial,False,False
Q9EPK7_1038.0,0.0,0.0,0.0,,,0.0,0.0,True,False,0,0,False,False
Q9EPK7_123.0,0.0,0.0,0.0,,,0.0,0.0,True,False,0,0,False,False
Q9EPK7_331.0,0.0,0.0,0.0,,,0.0,0.0,True,False,0,0,False,False
Q9EPK7_43.0,0.0,0.0,0.0,,,0.0,0.0,True,False,0,0,False,False
Q9EPK7_66.0,0.0,0.0,0.0,,,0.0,0.0,True,False,0,0,False,False
Q9EPK7_767.0,0.0,0.0,0.0,,,0.0,0.0,True,False,0,0,False,False
Q9EPL2_133.0,0.0,0.0,0.0,,,0.0,0.0,True,False,0,0,False,False
Q9EPL2_242.0,0.0,0.0,0.0,,,0.0,0.0,True,False,0,0,False,False
Q9EPL2_261.0,0.0,0.0,0.0,,,0.0,0.0,True,False,0,0,False,False
Q9EPL2_314.0,0.0,0.0,0.0,,,0.0,0.0,True,False,0,0,False,False
Q9EPL2_406.0,0.0,0.0,0.0,,,0.0,0.0,True,False,0,0,False,False
Q9EPL2_557.0,0.0,0.0,0.0,,,0.0,0.0,True,False,0,0,False,False
Q9EPL2_794.0,0.0,0.0,0.0,,,0.0,0.0,True,False,0,0,False,False
Q9EPL8_415.0,0.0,0.0,0.0,,,0.0,0.0,True,False,0,0,False,False
Q9EPL8_722.0,0.0,0.0,0.0,,,0.0,0.0,True,False,0,0,False,False
Q9EPL8_736.0,0.0,0.0,0.0,,,0.0,0.0,True,False,0,0,False,False
Q9EPL8_749.0,0.0,0.0,0.0,,,0.0,0.0,True,False,0,0,False,False
Q9EPL9_630.0,0.0,0.0,0.0,,,0.0,0.0,True,False,0,0,False,False
Q9EPN1_1750.0,0.0,0.0,0.0,,,0.0,0.0,True,False,0,0,False,False
Q9EPN1_1919.0,0.0,0.0,0.0,,,0.0,0.0,True,False,0,0,False,False
Q9EPN1_1997.0,0.0,0.0,0.0,,,0.0,0.0,True,False,0,0,False,False
Q9EPN1_2011.0,0.0,0.0,0.0,,,0.0,0.0,True,False,0,0,False,False
Q9EPN1_228.0,0.0,0.0,0.0,,,0.0,0.0,True,False,0,0,False,False
Q9EPN1_2560.0,0.0,0.0,0.0,,,0.0,0.0,True,False,0,0,False,False
Q9EPN1_2794.0,0.0,0.0,0.0,,,0.0,0.0,True,False,0,0,False,False
Q9EPN1_2813.0,0.0,0.0,0.0,,,0.0,0.0,True,False,0,0,False,False
Q9EPN1_2893.0,0.0,0.0,0.0,,,0.0,0.0,True,False,0,0,False,False
Q9EPN1_447.0,0.0,0.0,0.0,,,0.0,0.0,True,False,0,0,False,False
Q9EPQ7_58.0,0.0,0.0,0.0,,,0.0,0.0,True,False,0,0,False,False
Q9EPR4_404.0,0.0,0.0,0.0,,,0.0,0.0,True,False,0,0,False,False
Q9EPR5_942.0,0.0,0.0,0.0,,,0.0,0.0,True,False,0,0,False,False
Q9EPU0_208.0,0.0,0.0,0.0,,,0.0,0.0,True,False,0,0,False,False
Q9EPU0_369.0,0.0,0.0,0.0,,,0.0,0.0,True,False,0,0,False,False
Q9EPU0_526.0,0.0,0.0,0.0,,,0.0,0.0,True,False,0,0,False,False
Q9EPU0_652.0,0.0,0.0,0.0,,,0.0,0.0,True,False,0,0,False,False
Q9EPU0_670.0,0.0,0.0,0.0,,,0.0,0.0,True,False,0,0,False,False
Q9EPU0_847.0,0.0,0.0,0.0,,,0.0,0.0,True,False,0,0,False,False
Q9EPU4_1042.0,0.0,0.0,0.0,,,0.0,0.0,True,False,0,0,False,False
Q9EPU4_914.0,0.0,0.0,0.0,,,0.0,0.0,True,False,0,0,False,False
Q9EPU5_211.0,0.0,0.0,0.0,,,0.0,0.0,True,False,0,0,False,False
Q9EPV8_18.0,0.0,0.0,0.0,,,0.0,0.0,True,False,0,0,False,False
Q9EPV8_6.0,0.0,0.0,0.0,,,0.0,0.0,True,False,0,0,False,False
Q9EPW0_230.0,0.0,0.0,0.0,,,0.0,0.0,True,False,0,0,False,False
Q9EPW0_275.0,0.0,0.0,0.0,,,0.0,0.0,True,False,0,0,False,False
Q9EPW0_367.0,0.0,0.0,0.0,,,0.0,0.0,True,False,0,0,False,False
Q9EPW0_463.0,0.0,0.0,0.0,,,0.0,0.0,True,False,0,0,False,False
Q9EPW0_541.0,0.0,0.0,0.0,,,0.0,0.0,True,False,0,0,False,False
Q9EPW0_560.0,0.0,0.0,0.0,,,0.0,0.0,True,False,0,0,False,False
Q9EPW0_658.0,0.0,0.0,0.0,,,0.0,0.0,True,False,0,0,False,False
Q9EPW0_807.0,0.0,0.0,0.0,,,0.0,0.0,True,False,0,0,False,False
Q9EPW0_816.0,0.0,0.0,0.0,,,0.0,0.0,True,False,0,0,False,False
Q9EPW0_846.0,0.0,0.0,0.0,,,0.0,0.0,True,False,0,0,False,False
Q9EQ06_215.0,0.0,0.0,0.0,,,0.0,0.0,True,False,0,0,False,False
Q9EQ06_94.0,0.0,0.0,0.0,,,0.0,0.0,True,False,0,0,False,False
Q9EQ20_149.0,0.0,0.0,0.0,,,0.0,0.0,True,False,0,0,False,False
Q9EQ20_368.0,0.0,0.0,0.0,,,0.0,0.0,True,False,0,0,False,False
Q9EQ20_413.0,0.0,0.0,0.0,,,0.0,0.0,True,False,0,0,False,False
Q9EQ20_86.0,0.0,0.0,0.0,,,0.0,0.0,True,False,0,0,False,False
Q9EQ80_147.0,0.0,0.0,0.0,,,0.0,0.0,True,False,0,0,False,False
Q9EQ80_336.0,0.0,0.0,0.0,,,0.0,0.0,True,False,0,0,False,False
Q9EQC5_241.0,0.0,0.0,0.0,,,0.0,0.0,True,False,0,0,False,False
Q9EQC5_309.0,0.0,0.0,0.0,,,0.0,0.0,True,False,0,0,False,False
Q9EQC5_503.0,0.0,0.0,0.0,,,0.0,0.0,True,False,0,0,False,False
Q9EQC5_512.0,0.0,0.0,0.0,,,0.0,0.0,True,False,0,0,False,False
Q9EQC5_88.0,0.0,0.0,0.0,,,0.0,0.0,True,False,0,0,False,False
Q9EQF6_181.0,0.0,0.0,0.0,,,0.0,0.0,True,False,0,0,False,False
Q9EQF6_22.0,0.6038231054941813,0.13933523495992026,-2.115565823746852,0.16767836106151307,,-0.464487870534261,0.464487870534261,False,True,partial,partial,False,False
Q9EQF6_241.0,0.0,0.0,0.0,,,0.0,0.0,True,False,0,0,False,False
Q9EQF6_432.0,0.0,0.0,0.0,,,0.0,0.0,True,False,0,0,False,False
Q9EQF6_454.0,0.0,0.0,0.0,,,0.0,0.0,True,False,0,0,False,False
Q9EQG7_244.0,0.0,0.0,0.0,,,0.0,0.0,True,False,0,0,False,False
Q9EQG9_185.0,0.0,0.0,0.0,,,0.0,0.0,True,False,0,0,False,False
Q9EQG9_555.0,0.0,0.0,0.0,,,0.0,0.0,True,False,0,0,False,False
Q9EQG9_65.0,0.0,0.0,0.0,,,0.0,0.0,True,False,0,0,False,False
Q9EQG9_84.0,0.0,0.0,0.0,,,0.0,0.0,True,False,0,0,False,False
Q9EQH2_182.0,0.0,0.0,0.0,,,0.0,0.0,True,False,0,0,False,False
Q9EQH3_137.0,0.0,0.0,0.0,,,0.0,0.0,True,False,0,0,False,False
Q9EQH3_156.0,0.0,0.0,0.0,,,0.0,0.0,True,False,0,0,False,False
Q9EQH3_253.0,0.0,0.0,0.0,,,0.0,0.0,True,False,0,0,False,False
Q9EQH3_286.0,0.0,3.5725202560424805,31.734295045755744,0.36321746764912255,,3.5725202560424805,3.5725202560424805,False,True,0,partial,False,False
Q9EQH3_361.0,0.0,0.0,0.0,,,0.0,0.0,True,False,0,0,False,False
Q9EQH3_640.0,0.0,0.0,0.0,,,0.0,0.0,True,False,0,0,False,False
Q9EQH3_673.0,0.0,0.0,0.0,,,0.0,0.0,True,False,0,0,False,False
Q9EQI5_94.0,11.916261037190756,8.765381971995035,-0.4430427663552019,0.691605041293857,,-3.1508790651957206,3.1508790651957206,False,True,partial,partial,False,False
Q9EQI8_208.0,0.0,0.0,0.0,,,0.0,0.0,True,False,0,0,False,False
Q9EQI8_50.0,0.0,0.0,0.0,,,0.0,0.0,True,False,0,0,False,False
Q9EQJ9_1020.0,0.0,0.0,0.0,,,0.0,0.0,True,False,0,0,False,False
Q9EQJ9_528.0,0.0,0.0,0.0,,,0.0,0.0,True,False,0,0,False,False
Q9EQJ9_613.0,0.0,0.0,0.0,,,0.0,0.0,True,False,0,0,False,False
Q9EQJ9_778.0,0.0,0.0,0.0,,,0.0,0.0,True,False,0,0,False,False
Q9EQK5_282.0,0.0,0.0,0.0,,,0.0,0.0,True,False,0,0,False,False
Q9EQK5_572.0,0.0,0.0,0.0,,,0.0,0.0,True,False,0,0,False,False
Q9EQP2_141.0,0.0,0.0,0.0,,,0.0,0.0,True,False,0,0,False,False
Q9EQQ2_42.0,0.0,0.0,0.0,,,0.0,0.0,True,False,0,0,False,False
Q9EQQ9_166.0,0.0,0.0,0.0,,,0.0,0.0,True,False,0,0,False,False
Q9EQQ9_181.0,0.0,0.0,0.0,,,0.0,0.0,True,False,0,0,False,False
Q9EQQ9_596.0,0.0,0.0,0.0,,,0.0,0.0,True,False,0,0,False,False
Q9EQQ9_631.0,0.0,0.0,0.0,,,0.0,0.0,True,False,0,0,False,False
Q9EQQ9_863.0,0.0,0.0,0.0,,,0.0,0.0,True,False,0,0,False,False
Q9EQQ9_896.0,0.0,0.0,0.0,,,0.0,0.0,True,False,0,0,False,False
Q9EQX4_35.0,0.0,0.0,0.0,,,0.0,0.0,True,False,0,0,False,False
Q9EQZ6_308.0,0.0,0.0,0.0,,,0.0,0.0,True,False,0,0,False,False
Q9EQZ6_413.0,0.0,0.0,0.0,,,0.0,0.0,True,False,0,0,False,False
Q9EQZ6_443.0,0.0,0.0,0.0,,,0.0,0.0,True,False,0,0,False,False
Q9EQZ6_676.0,0.0,0.0,0.0,,,0.0,0.0,True,False,0,0,False,False
Q9EQZ7_1020.0,0.0,0.0,0.0,,,0.0,0.0,True,False,0,0,False,False
Q9EQZ7_1425.0,0.0,0.0,0.0,,,0.0,0.0,True,False,0,0,False,False
Q9EQZ7_986.0,0.0,0.0,0.0,,,0.0,0.0,True,False,0,0,False,False
Q9ER00_29.0,3.6144898732503257,0.0,-31.751144902871957,5.6257722463224425e-06,,-3.6144898732503257,3.6144898732503257,False,True,partial,0,False,False
Q9ER35_130.0,0.0,0.0,0.0,,,0.0,0.0,True,False,0,0,False,False
Q9ER47_831.0,0.0,0.0,0.0,,,0.0,0.0,True,False,0,0,False,False
Q9ER58_101.0,0.0,0.0,0.0,,,0.0,0.0,True,False,0,0,False,False
Q9ER58_166.0,0.0,0.0,0.0,,,0.0,0.0,True,False,0,0,False,False
Q9ER58_199.0,24.629870732625324,13.29930337270101,-0.8890583776909473,0.13557782859524345,,-11.330567359924315,11.330567359924315,False,True,partial,partial,False,False
Q9ER58_312.0,0.0,0.0,0.0,,,0.0,0.0,True,False,0,0,False,False
Q9ER58_336.0,6.334851344426473,13.435792128245035,1.0846987099424912,0.11580287700272834,,7.1009407838185625,7.1009407838185625,False,True,partial,partial,False,False
Q9ER58_347.0,0.0,0.0,0.0,,,0.0,0.0,True,False,0,0,False,False
Q9ER58_90.0,30.296109835306805,20.015283902486164,-0.5980304771887556,0.16630791056676905,,-10.28082593282064,10.28082593282064,False,True,partial,partial,False,False
Q9ER64_36.0,0.0,0.0,0.0,,,0.0,0.0,True,False,0,0,False,False
Q9ER65_83.0,0.0,0.0,0.0,,,0.0,0.0,True,False,0,0,False,False
Q9ER72_110.0,0.0,0.0,0.0,,,0.0,0.0,True,False,0,0,False,False
Q9ER72_418.0,0.0,0.0,0.0,,,0.0,0.0,True,False,0,0,False,False
Q9ER72_589.0,0.0,0.0,0.0,,,0.0,0.0,True,False,0,0,False,False
Q9ER72_608.0,0.0,0.0,0.0,,,0.0,0.0,True,False,0,0,False,False
Q9ER73_216.0,0.0,0.0,0.0,,,0.0,0.0,True,False,0,0,False,False
Q9ER73_359.0,0.0,0.0,0.0,,,0.0,0.0,True,False,0,0,False,False
Q9ER73_410.0,0.0,0.0,0.0,,,0.0,0.0,True,False,0,0,False,False
Q9ER88_379.0,0.0,0.0,0.0,,,0.0,0.0,True,False,0,0,False,False
Q9ER97_55.0,0.0,0.0,0.0,,,0.0,0.0,True,False,0,0,False,False
Q9ERA0_369.0,0.0,0.0,0.0,,,0.0,0.0,True,False,0,0,False,False
Q9ERA6_384.0,0.0,0.0,0.0,,,0.0,0.0,True,False,0,0,False,False
Q9ERA6_401.0,0.0,0.0,0.0,,,0.0,0.0,True,False,0,0,False,False
Q9ERB5_479.0,0.0,0.0,0.0,,,0.0,0.0,True,False,0,0,False,False
Q9ERD6_246.0,0.0,0.0,0.0,,,0.0,0.0,True,False,0,0,False,False
Q9ERD7_12.0,6.993277702480555,7.073768824338913,0.01651027590794992,0.990957543613231,,0.08049112185835838,0.08049112185835838,False,True,partial,partial,False,False
Q9ERD7_303.0,0.0,0.0,0.0,,,0.0,0.0,True,False,0,0,False,False
Q9ERD7_354.0,0.0,0.0,0.0,,,0.0,0.0,True,False,0,0,False,False
Q9ERE7_171.0,0.0,0.0,0.0,,,0.0,0.0,True,False,0,0,False,False
Q9ERE8_156.0,0.0,0.0,0.0,,,0.0,0.0,True,False,0,0,False,False
Q9ERE8_198.0,0.0,0.0,0.0,,,0.0,0.0,True,False,0,0,False,False
Q9ERE8_37.0,0.0,0.0,0.0,,,0.0,0.0,True,False,0,0,False,False
Q9ERE9_438.0,0.0,0.0,0.0,,,0.0,0.0,True,False,0,0,False,False
Q9ERG0_164.0,0.0,0.0,0.0,,,0.0,0.0,True,False,0,0,False,False
Q9ERG0_342.0,0.0,0.0,0.0,,,0.0,0.0,True,False,0,0,False,False
Q9ERG2_603.0,0.0,0.0,0.0,,,0.0,0.0,True,False,0,0,False,False
Q9ERI6_124.0,0.0,0.0,0.0,,,0.0,0.0,True,False,0,0,False,False
Q9ERI6_146.0,0.0,0.0,0.0,,,0.0,0.0,True,False,0,0,False,False
Q9ERI6_289.0,0.0,0.0,0.0,,,0.0,0.0,True,False,0,0,False,False
Q9ERI6_304.0,0.0,0.0,0.0,,,0.0,0.0,True,False,0,0,False,False
Q9ERK4_195.0,0.0,0.0,0.0,,,0.0,0.0,True,False,0,0,False,False
Q9ERK4_272.0,0.0,0.0,0.0,,,0.0,0.0,True,False,0,0,False,False
Q9ERK4_344.0,0.0,0.0,0.0,,,0.0,0.0,True,False,0,0,False,False
Q9ERK4_61.0,0.0,0.0,0.0,,,0.0,0.0,True,False,0,0,False,False
Q9ERK4_842.0,0.0,0.0,0.0,,,0.0,0.0,True,False,0,0,False,False
Q9ERK4_853.0,0.0,0.0,0.0,,,0.0,0.0,True,False,0,0,False,False
Q9ERK4_939.0,0.0,0.0,0.0,,,0.0,0.0,True,False,0,0,False,False
Q9ERL9_15.0,0.0,0.0,0.0,,,0.0,0.0,True,False,0,0,False,False
Q9ERL9_244.0,0.0,0.0,0.0,,,0.0,0.0,True,False,0,0,False,False
Q9ERL9_595.0,0.0,0.0,0.0,,,0.0,0.0,True,False,0,0,False,False
Q9ERL9_629.0,0.0,0.0,0.0,,,0.0,0.0,True,False,0,0,False,False
Q9ERL9_79.0,0.0,0.0,0.0,,,0.0,0.0,True,False,0,0,False,False
Q9ERL9_86.0,0.0,0.0,0.0,,,0.0,0.0,True,False,0,0,False,False
Q9ERQ8_180.0,0.0,0.0,0.0,,,0.0,0.0,True,False,0,0,False,False
Q9ERR7_70.0,0.0,0.0,0.0,,,0.0,0.0,True,False,0,0,False,False
Q9ERS5_191.0,0.0,0.0,0.0,,,0.0,0.0,True,False,0,0,False,False
Q9ERT9_147.0,0.0,0.0,0.0,,,0.0,0.0,True,False,0,0,False,False
Q9ERU9_1190.0,0.0,0.0,0.0,,,0.0,0.0,True,False,0,0,False,False
Q9ERU9_1329.0,0.0,0.0,0.0,,,0.0,0.0,True,False,0,0,False,False
Q9ERU9_141.0,0.0,0.0,0.0,,,0.0,0.0,True,False,0,0,False,False
Q9ERU9_1727.0,5.028904279073079,1.8964333534240723,-1.4069554210030046,0.42617911821544174,,-3.132470925649007,3.132470925649007,False,True,partial,partial,False,False
Q9ERU9_188.0,0.0,0.0,0.0,,,0.0,0.0,True,False,0,0,False,False
Q9ERU9_220.0,0.0,0.0,0.0,,,0.0,0.0,True,False,0,0,False,False
Q9ERU9_2244.0,0.0,0.0,0.0,,,0.0,0.0,True,False,0,0,False,False
Q9ERU9_2496.0,0.0,0.0,0.0,,,0.0,0.0,True,False,0,0,False,False
Q9ERU9_2626.0,0.0,0.0,0.0,,,0.0,0.0,True,False,0,0,False,False
Q9ERU9_2869.0,0.0,0.0,0.0,,,0.0,0.0,True,False,0,0,False,False
Q9ERU9_2929.0,0.0,0.0,0.0,,,0.0,0.0,True,False,0,0,False,False
Q9ERU9_2951.0,0.0,0.0,0.0,,,0.0,0.0,True,False,0,0,False,False
Q9ERU9_386.0,0.0,0.0,0.0,,,0.0,0.0,True,False,0,0,False,False
Q9ERU9_707.0,0.0,0.0,0.0,,,0.0,0.0,True,False,0,0,False,False
Q9ERU9_815.0,0.0,0.0,0.0,,,0.0,0.0,True,False,0,0,False,False
Q9ERZ3_289.0,0.0,0.0,0.0,,,0.0,0.0,True,False,0,0,False,False
Q9ERZ4_274.0,0.0,0.0,0.0,,,0.0,0.0,True,False,0,0,False,False
Q9ES00_113.0,0.0,0.0,0.0,,,0.0,0.0,True,False,0,0,False,False
Q9ES00_319.0,0.0,0.0,0.0,,,0.0,0.0,True,False,0,0,False,False
Q9ES00_405.0,0.0,0.0,0.0,,,0.0,0.0,True,False,0,0,False,False
Q9ES00_423.0,0.0,0.0,0.0,,,0.0,0.0,True,False,0,0,False,False
Q9ES00_700.0,0.0,0.0,0.0,,,0.0,0.0,True,False,0,0,False,False
Q9ES28_122.0,0.0,0.0,0.0,,,0.0,0.0,True,False,0,0,False,False
Q9ES28_328.0,0.0,0.0,0.0,,,0.0,0.0,True,False,0,0,False,False
Q9ES28_42.0,0.0,0.0,0.0,,,0.0,0.0,True,False,0,0,False,False
Q9ES28_427.0,0.0,0.0,0.0,,,0.0,0.0,True,False,0,0,False,False
Q9ES28_66.0,0.0,0.0,0.0,,,0.0,0.0,True,False,0,0,False,False
Q9ES28_700.0,0.0,0.0,0.0,,,0.0,0.0,True,False,0,0,False,False
Q9ES34_1038.0,0.0,0.0,0.0,,,0.0,0.0,True,False,0,0,False,False
Q9ES74_247.0,0.0,0.0,0.0,,,0.0,0.0,True,False,0,0,False,False
Q9ES74_253.0,4.23882516225179,0.0,-31.981017315469746,0.36321746764912255,,-4.23882516225179,4.23882516225179,False,True,partial,0,False,False
Q9ES74_53.0,0.0,0.0,0.0,,,0.0,0.0,True,False,0,0,False,False
Q9ES97_212.0,0.0,0.0,0.0,,,0.0,0.0,True,False,0,0,False,False
Q9ES97_315.0,0.0,0.0,0.0,,,0.0,0.0,True,False,0,0,False,False
Q9ES97_344.0,1.438851813475291,1.219851056734721,-0.23821301108652615,0.6948451838642122,,-0.21900075674057007,0.21900075674057007,False,True,partial,partial,False,False
Q9ES97_376.0,0.0,0.0,0.0,,,0.0,0.0,True,False,0,0,False,False
Q9ES97_512.0,0.0,6.354499816894531,32.56513142474876,0.36321746764912255,,6.354499816894531,6.354499816894531,False,True,0,partial,False,False
Q9ES97_559.0,0.0,0.0,0.0,,,0.0,0.0,True,False,0,0,False,False
Q9ESB3_216.0,0.0,0.0,0.0,,,0.0,0.0,True,False,0,0,False,False
Q9ESE1_832.0,0.0,0.0,0.0,,,0.0,0.0,True,False,0,0,False,False
Q9ESJ4_323.0,0.0,0.0,0.0,,,0.0,0.0,True,False,0,0,False,False
Q9ESJ4_368.0,0.0,0.0,0.0,,,0.0,0.0,True,False,0,0,False,False
Q9ESJ4_692.0,1.2924259006977081,1.0516393979390461,-0.2974414716213678,0.65487812496884,,-0.24078650275866198,0.24078650275866198,False,True,partial,partial,False,False
Q9ESK3_378.0,0.0,0.0,0.0,,,0.0,0.0,True,False,0,0,False,False
Q9ESK9_1132.0,0.0,0.0,0.0,,,0.0,0.0,True,False,0,0,False,False
Q9ESK9_207.0,0.0,0.0,0.0,,,0.0,0.0,True,False,0,0,False,False
Q9ESK9_378.0,0.0,0.0,0.0,,,0.0,0.0,True,False,0,0,False,False
Q9ESK9_571.0,0.0,0.0,0.0,,,0.0,0.0,True,False,0,0,False,False
Q9ESM3_129.0,0.0,0.0,0.0,,,0.0,0.0,True,False,0,0,False,False
Q9ESM3_171.0,3.938530921936035,4.123837788899739,0.06632998285809874,0.9747173340681197,,0.18530686696370413,0.18530686696370413,False,True,partial,partial,False,False
Q9ESM3_216.0,0.0,0.0,0.0,,,0.0,0.0,True,False,0,0,False,False
Q9ESM3_266.0,11.671696503957113,4.992769956588745,-1.225101933978271,0.00031838179408191395,,-6.678926547368368,6.678926547368368,False,True,partial,partial,False,False
Q9ESM3_291.0,0.0,0.0,0.0,,,0.0,0.0,True,False,0,0,False,False
Q9ESM3_312.0,0.0,0.0,0.0,,,0.0,0.0,True,False,0,0,False,False
Q9ESM3_337.0,36.4807710647583,26.856677691141766,-0.44185537587435164,0.030143739594406704,,-9.624093373616535,9.624093373616535,False,True,partial,partial,False,False
Q9ESM3_58.0,14.98161522547404,10.72991148630778,-0.4815549996414197,0.33187082661448764,,-4.25170373916626,4.25170373916626,False,True,partial,partial,False,False
Q9ESN4_192.0,0.0,0.0,0.0,,,0.0,0.0,True,False,0,0,False,False
Q9ESN6_141.0,50.631699879964195,39.39130369822184,-0.36216375596714506,0.15989017403361724,,-11.240396181742355,11.240396181742355,False,True,partial,partial,False,False
Q9ESN6_254.0,1.2769056558609009,2.12990935643514,0.7381400983514202,0.44632993499267226,,0.8530037005742392,0.8530037005742392,False,True,partial,partial,False,False
Q9ESN6_358.0,0.0,0.0,0.0,,,0.0,0.0,True,False,0,0,False,False
Q9ESN6_38.0,0.0,0.0,0.0,,,0.0,0.0,True,False,0,0,False,False
Q9ESN6_46.0,0.0,0.0,0.0,,,0.0,0.0,True,False,0,0,False,False
Q9ESN6_509.0,0.0,0.0,0.0,,,0.0,0.0,True,False,0,0,False,False
Q9ESN9_1308.0,0.0,0.0,0.0,,,0.0,0.0,True,False,0,0,False,False
Q9ESN9_46.0,0.0,0.0,0.0,,,0.0,0.0,True,False,0,0,False,False
Q9ESN9_510.0,0.0,0.0,0.0,,,0.0,0.0,True,False,0,0,False,False
Q9ESN9_635.0,0.0,0.0,0.0,,,0.0,0.0,True,False,0,0,False,False
Q9ESN9_665.0,0.0,0.0,0.0,,,0.0,0.0,True,False,0,0,False,False
Q9ESN9_696.0,0.0,0.0,0.0,,,0.0,0.0,True,False,0,0,False,False
Q9ESP1_38.0,0.0,0.0,0.0,,,0.0,0.0,True,False,0,0,False,False
Q9ESP1_92.0,0.0,0.0,0.0,,,0.0,0.0,True,False,0,0,False,False
Q9ESS0_219.0,0.0,0.0,0.0,,,0.0,0.0,True,False,0,0,False,False
Q9EST4_146.0,0.0,0.0,0.0,,,0.0,0.0,True,False,0,0,False,False
Q9EST4_195.0,0.0,0.0,0.0,,,0.0,0.0,True,False,0,0,False,False
Q9EST5_123.0,0.0,0.0,0.0,,,0.0,0.0,True,False,0,0,False,False
Q9ESW4_333.0,7.7806605497996015,4.974369605382283,-0.6453789332730867,0.054081225016680064,,-2.8062909444173183,2.8062909444173183,False,True,partial,partial,False,False
Q9ESW4_34.0,0.0,0.0,0.0,,,0.0,0.0,True,False,0,0,False,False
Q9ESW4_43.0,0.0,0.0,0.0,,,0.0,0.0,True,False,0,0,False,False
Q9ESW4_72.0,0.0,0.0,0.0,,,0.0,0.0,True,False,0,0,False,False
Q9ESX5_310.0,0.0,0.0,0.0,,,0.0,0.0,True,False,0,0,False,False
Q9ESX5_74.0,0.0,0.0,0.0,,,0.0,0.0,True,False,0,0,False,False
Q9ESZ8_121.0,0.0,0.0,0.0,,,0.0,0.0,True,False,0,0,False,False
Q9ESZ8_215.0,0.0,0.0,0.0,,,0.0,0.0,True,False,0,0,False,False
Q9ESZ8_475.0,0.0,0.0,0.0,,,0.0,0.0,True,False,0,0,False,False
Q9ESZ8_80.0,0.0,0.0,0.0,,,0.0,0.0,True,False,0,0,False,False
Q9ET22_256.0,0.0,0.0,0.0,,,0.0,0.0,True,False,0,0,False,False
Q9ET22_392.0,0.0,0.0,0.0,,,0.0,0.0,True,False,0,0,False,False
Q9ET26_144.0,0.0,0.0,0.0,,,0.0,0.0,True,False,0,0,False,False
Q9ET26_161.0,0.0,0.0,0.0,,,0.0,0.0,True,False,0,0,False,False
Q9ET26_92.0,0.0,0.0,0.0,,,0.0,0.0,True,False,0,0,False,False
Q9ET30_106.0,0.0,0.0,0.0,,,0.0,0.0,True,False,0,0,False,False
Q9ET30_426.0,0.0,0.0,0.0,,,0.0,0.0,True,False,0,0,False,False
Q9ET30_64.0,18.8792823155721,9.120956420898438,-1.0495469044595316,0.004554421179295103,,-9.758325894673664,9.758325894673664,False,True,partial,partial,False,False
Q9ET54_1047.0,0.0,0.0,0.0,,,0.0,0.0,True,False,0,0,False,False
Q9ET77_325.0,0.0,0.0,0.0,,,0.0,0.0,True,False,0,0,False,False
Q9ET77_594.0,0.0,0.0,0.0,,,0.0,0.0,True,False,0,0,False,False
Q9ET77_624.0,0.0,0.0,0.0,,,0.0,0.0,True,False,0,0,False,False
Q9ET80_318.0,0.0,0.0,0.0,,,0.0,0.0,True,False,0,0,False,False
Q9ET80_428.0,0.0,0.0,0.0,,,0.0,0.0,True,False,0,0,False,False
Q9ET80_625.0,0.0,0.0,0.0,,,0.0,0.0,True,False,0,0,False,False
Q9JHE3_87.0,0.0,0.0,0.0,,,0.0,0.0,True,False,0,0,False,False
Q9JHE7_205.0,0.0,0.0,0.0,,,0.0,0.0,True,False,0,0,False,False
Q9JHE7_96.0,0.0,0.0,0.0,,,0.0,0.0,True,False,0,0,False,False
Q9JHG0_107.0,0.0,0.0,0.0,,,0.0,0.0,True,False,0,0,False,False
Q9JHG2_42.0,0.0,0.0,0.0,,,0.0,0.0,True,False,0,0,False,False
Q9JHG6_81.0,0.0,0.0,0.0,,,0.0,0.0,True,False,0,0,False,False
Q9JHI5_134.0,0.0,0.0,0.0,,,0.0,0.0,True,False,0,0,False,False
Q9JHI5_252.0,0.0,0.0,0.0,,,0.0,0.0,True,False,0,0,False,False
Q9JHI5_259.0,0.0,0.0,0.0,,,0.0,0.0,True,False,0,0,False,False
Q9JHI5_348.0,0.49577991167704266,0.0,-28.885124578590716,0.36321746764912255,,-0.49577991167704266,0.49577991167704266,False,True,partial,0,False,False
Q9JHK4_132.0,0.0,0.0,0.0,,,0.0,0.0,True,False,0,0,False,False
Q9JHK4_186.0,0.0,0.0,0.0,,,0.0,0.0,True,False,0,0,False,False
Q9JHK4_340.0,0.0,0.0,0.0,,,0.0,0.0,True,False,0,0,False,False
Q9JHK4_371.0,0.0,0.0,0.0,,,0.0,0.0,True,False,0,0,False,False
Q9JHK4_516.0,0.0,0.0,0.0,,,0.0,0.0,True,False,0,0,False,False
Q9JHK4_532.0,0.0,0.0,0.0,,,0.0,0.0,True,False,0,0,False,False
Q9JHK4_546.0,0.0,0.0,0.0,,,0.0,0.0,True,False,0,0,False,False
Q9JHK4_99.0,0.0,0.0,0.0,,,0.0,0.0,True,False,0,0,False,False
Q9JHL1_103.0,0.0,0.0,0.0,,,0.0,0.0,True,False,0,0,False,False
Q9JHL1_127.0,83.33333333333333,84.58276176452637,0.021469978417847833,0.9500392401236645,,1.2494284311930386,1.2494284311930386,False,True,partial,partial,False,False
Q9JHL1_97.0,0.0,0.0,0.0,,,0.0,0.0,True,False,0,0,False,False
Q9JHQ5_35.0,0.0,0.0,0.0,,,0.0,0.0,True,False,0,0,False,False
Q9JHR7_414.0,0.0,0.0,0.0,,,0.0,0.0,True,False,0,0,False,False
Q9JHR9_112.0,0.0,0.0,0.0,,,0.0,0.0,True,False,0,0,False,False
Q9JHR9_136.0,0.0,0.0,0.0,,,0.0,0.0,True,False,0,0,False,False
Q9JHS3_76.0,0.0,0.0,0.0,,,0.0,0.0,True,False,0,0,False,False
Q9JHU4_1975.0,0.0,0.0,0.0,,,0.0,0.0,True,False,0,0,False,False
Q9JHU4_1997.0,1.587833156188329,1.7483089764912922,0.1389008457791138,0.8734728151410247,,0.16047582030296326,0.16047582030296326,False,True,partial,partial,False,False
Q9JHU4_2074.0,3.6739047368367515,5.147733688354492,0.486623201012549,0.8209171608030991,,1.4738289515177407,1.4738289515177407,False,True,partial,partial,False,False
Q9JHU4_2592.0,0.0,0.0,0.0,,,0.0,0.0,True,False,0,0,False,False
Q9JHU4_2637.0,0.0,0.0,0.0,,,0.0,0.0,True,False,0,0,False,False
Q9JHU4_2710.0,2.503575086593628,2.818590462207794,0.17098414620625402,0.5313190448719929,,0.31501537561416626,0.31501537561416626,False,True,partial,partial,False,False
Q9JHU4_3145.0,0.0,0.0,0.0,,,0.0,0.0,True,False,0,0,False,False
Q9JHU4_3387.0,0.0,0.0,0.0,,,0.0,0.0,True,False,0,0,False,False
Q9JHU4_3571.0,0.0,0.0,0.0,,,0.0,0.0,True,False,0,0,False,False
Q9JHU4_3691.0,0.0,0.0,0.0,,,0.0,0.0,True,False,0,0,False,False
Q9JHU4_3710.0,7.466774781545003,3.533503850301107,-1.0793857347888878,0.3844219385977763,,-3.933270931243896,3.933270931243896,False,True,partial,partial,False,False
Q9JHU4_3938.0,0.0,0.0,0.0,,,0.0,0.0,True,False,0,0,False,False
Q9JHU4_4119.0,0.0,0.0,0.0,,,0.0,0.0,True,False,0,0,False,False
Q9JHU4_4214.0,1.6914727687835693,2.639390468597412,0.6419248457011114,0.28907489882435566,,0.9479176998138428,0.9479176998138428,False,True,partial,partial,False,False
Q9JHU4_4436.0,1.031671146551768,0.5039639671643575,-1.0335906804524413,0.23080114871908658,,-0.5277071793874105,0.5277071793874105,False,True,partial,partial,False,False
Q9JHU4_4508.0,0.0,0.0,0.0,,,0.0,0.0,True,False,0,0,False,False
Q9JHU4_4568.0,0.0,0.0,0.0,,,0.0,0.0,True,False,0,0,False,False
Q9JHU4_4642.0,0.0,0.0,0.0,,,0.0,0.0,True,False,0,0,False,False
Q9JHU4_631.0,1.4165028234322865,1.2306081056594849,-0.2029620769071187,0.5337137355316128,,-0.18589471777280164,0.18589471777280164,False,True,partial,partial,False,False
Q9JHU4_865.0,0.0,0.0,0.0,,,0.0,0.0,True,False,0,0,False,False
Q9JHU4_976.0,0.0,0.0,0.0,,,0.0,0.0,True,False,0,0,False,False
Q9JHU9_159.0,0.0,0.0,0.0,,,0.0,0.0,True,False,0,0,False,False
Q9JHU9_235.0,0.0,0.0,0.0,,,0.0,0.0,True,False,0,0,False,False
Q9JHU9_485.0,0.0,0.0,0.0,,,0.0,0.0,True,False,0,0,False,False
Q9JHU9_493.0,0.0,0.0,0.0,,,0.0,0.0,True,False,0,0,False,False
Q9JHW2_153.0,0.0,0.0,0.0,,,0.0,0.0,True,False,0,0,False,False
Q9JHW2_97.0,0.6511867046356201,2.4422815243403115,1.9070863599256527,0.23025633000417378,,1.7910948197046914,1.7910948197046914,False,True,partial,partial,False,False
Q9JHW4_217.0,0.0,0.0,0.0,,,0.0,0.0,True,False,0,0,False,False
Q9JHW4_275.0,0.0,0.0,0.0,,,0.0,0.0,True,False,0,0,False,False
Q9JHW4_367.0,0.0,0.0,0.0,,,0.0,0.0,True,False,0,0,False,False
Q9JI18_3645.0,0.0,0.0,0.0,,,0.0,0.0,True,False,0,0,False,False
Q9JI19_255.0,0.0,0.0,0.0,,,0.0,0.0,True,False,0,0,False,False
Q9JI46_131.0,0.0,0.0,0.0,,,0.0,0.0,True,False,0,0,False,False
Q9JI46_23.0,0.0,0.0,0.0,,,0.0,0.0,True,False,0,0,False,False
Q9JI46_68.0,0.0,0.0,0.0,,,0.0,0.0,True,False,0,0,False,False
Q9JI59_214.0,21.150092601776123,6.173795382181804,-1.7764344060852781,0.012355587537202527,,-14.976297219594318,14.976297219594318,False,True,partial,partial,False,False
Q9JI75_223.0,0.0,0.0,0.0,,,0.0,0.0,True,False,0,0,False,False
Q9JI78_194.0,0.0,0.0,0.0,,,0.0,0.0,True,False,0,0,False,False
Q9JI90_107.0,0.0,0.0,0.0,,,0.0,0.0,True,False,0,0,False,False
Q9JI90_351.0,0.0,0.0,0.0,,,0.0,0.0,True,False,0,0,False,False
Q9JI90_454.0,0.0,0.0,0.0,,,0.0,0.0,True,False,0,0,False,False
Q9JI91_187.0,0.0,0.0,0.0,,,0.0,0.0,True,False,0,0,False,False
Q9JI91_487.0,0.0,0.0,0.0,,,0.0,0.0,True,False,0,0,False,False
Q9JI91_862.0,0.0,0.0,0.0,,,0.0,0.0,True,False,0,0,False,False
Q9JI99_381.0,0.0,0.0,0.0,,,0.0,0.0,True,False,0,0,False,False
Q9JI99_388.0,0.0,0.0,0.0,,,0.0,0.0,True,False,0,0,False,False
Q9JIA1_177.0,0.0,0.0,0.0,,,0.0,0.0,True,False,0,0,False,False
Q9JIA1_221.0,24.2470121383667,18.30912685394287,-0.40524398880866164,5.661773193579205e-05,,-5.937885284423828,5.937885284423828,False,True,partial,partial,False,False
Q9JIA1_260.0,0.0,0.0,0.0,,,0.0,0.0,True,False,0,0,False,False
Q9JIA1_447.0,0.0,0.0,0.0,,,0.0,0.0,True,False,0,0,False,False
Q9JIA1_55.0,0.0,0.0,0.0,,,0.0,0.0,True,False,0,0,False,False
Q9JIA7_165.0,0.0,0.0,0.0,,,0.0,0.0,True,False,0,0,False,False
Q9JIA7_533.0,0.0,0.0,0.0,,,0.0,0.0,True,False,0,0,False,False
Q9JIF0_119.0,0.0,0.0,0.0,,,0.0,0.0,True,False,0,0,False,False
Q9JIF0_250.0,0.0,0.0,0.0,,,0.0,0.0,True,False,0,0,False,False
Q9JIF0_272.0,0.0,0.0,0.0,,,0.0,0.0,True,False,0,0,False,False
Q9JIF0_360.0,0.0,0.0,0.0,,,0.0,0.0,True,False,0,0,False,False
Q9JIF7_102.0,0.0,0.0,0.0,,,0.0,0.0,True,False,0,0,False,False
Q9JIF7_235.0,0.0,0.0,0.0,,,0.0,0.0,True,False,0,0,False,False
Q9JIF7_284.0,0.0,0.0,0.0,,,0.0,0.0,True,False,0,0,False,False
Q9JIF7_466.0,0.0,0.0,0.0,,,0.0,0.0,True,False,0,0,False,False
Q9JIF7_623.0,1.8931994438171387,3.9323768615722656,1.054575186053423,0.530326766533346,,2.039177417755127,2.039177417755127,False,True,partial,partial,False,False
Q9JIG4_191.0,0.0,0.0,0.0,,,0.0,0.0,True,False,0,0,False,False
Q9JIG4_419.0,0.0,0.0,0.0,,,0.0,0.0,True,False,0,0,False,False
Q9JIG7_369.0,0.0,0.0,0.0,,,0.0,0.0,True,False,0,0,False,False
Q9JIG7_567.0,0.0,0.0,0.0,,,0.0,0.0,True,False,0,0,False,False
Q9JIH2_164.0,0.0,0.0,0.0,,,0.0,0.0,True,False,0,0,False,False
Q9JIH2_426.0,0.0,0.0,0.0,,,0.0,0.0,True,False,0,0,False,False
Q9JII5_124.0,0.0,0.0,0.0,,,0.0,0.0,True,False,0,0,False,False
Q9JII5_39.0,0.0,0.0,0.0,,,0.0,0.0,True,False,0,0,False,False
Q9JII6_46.0,0.0,0.0,0.0,,,0.0,0.0,True,False,0,0,False,False
Q9JIL5_905.0,0.0,0.0,0.0,,,0.0,0.0,True,False,0,0,False,False
Q9JIN6_148.0,0.0,0.0,0.0,,,0.0,0.0,True,False,0,0,False,False
Q9JIP6_89.0,0.0,0.0,0.0,,,0.0,0.0,True,False,0,0,False,False
Q9JIS5_198.0,0.0,0.0,0.0,,,0.0,0.0,True,False,0,0,False,False
Q9JIS8_323.0,0.0,0.0,0.0,,,0.0,0.0,True,False,0,0,False,False
Q9JIS8_51.0,0.0,0.0,0.0,,,0.0,0.0,True,False,0,0,False,False
Q9JIX0_40.0,0.0,0.0,0.0,,,0.0,0.0,True,False,0,0,False,False
Q9JIX8_1051.0,0.0,0.0,0.0,,,0.0,0.0,True,False,0,0,False,False
Q9JIX8_1082.0,0.0,0.0,0.0,,,0.0,0.0,True,False,0,0,False,False
Q9JIX8_1222.0,0.0,0.0,0.0,,,0.0,0.0,True,False,0,0,False,False
Q9JIX8_513.0,0.0,0.0,0.0,,,0.0,0.0,True,False,0,0,False,False
Q9JJ28_119.0,0.0,0.0,0.0,,,0.0,0.0,True,False,0,0,False,False
Q9JJ28_241.0,0.0,0.0,0.0,,,0.0,0.0,True,False,0,0,False,False
Q9JJ28_289.0,0.0,0.0,0.0,,,0.0,0.0,True,False,0,0,False,False
Q9JJ28_46.0,0.0,0.0,0.0,,,0.0,0.0,True,False,0,0,False,False
Q9JJ28_560.0,0.0,0.0,0.0,,,0.0,0.0,True,False,0,0,False,False
Q9JJ28_808.0,0.0,0.0,0.0,,,0.0,0.0,True,False,0,0,False,False
Q9JJ69_118.0,0.0,0.0,0.0,,,0.0,0.0,True,False,0,0,False,False
Q9JJA2_231.0,0.0,0.0,0.0,,,0.0,0.0,True,False,0,0,False,False
Q9JJC6_47.0,0.0,0.0,0.0,,,0.0,0.0,True,False,0,0,False,False
Q9JJF3_546.0,0.0,0.0,0.0,,,0.0,0.0,True,False,0,0,False,False
Q9JJG0_858.0,0.0,0.0,0.0,,,0.0,0.0,True,False,0,0,False,False
Q9JJG9_366.0,0.0,0.0,0.0,,,0.0,0.0,True,False,0,0,False,False
Q9JJK2_149.0,0.0,0.0,0.0,,,0.0,0.0,True,False,0,0,False,False
Q9JJK2_169.0,0.0,0.0,0.0,,,0.0,0.0,True,False,0,0,False,False
Q9JJK2_174.0,0.0,0.0,0.0,,,0.0,0.0,True,False,0,0,False,False
Q9JJK2_187.0,0.0,0.0,0.0,,,0.0,0.0,True,False,0,0,False,False
Q9JJK2_248.0,0.0,0.0,0.0,,,0.0,0.0,True,False,0,0,False,False
Q9JJK2_350.0,1.0012731154759724,0.47911139329274494,-1.0634025212774203,0.2276287523965479,,-0.5221617221832275,0.5221617221832275,False,True,partial,partial,False,False
Q9JJK2_400.0,0.0,0.0,0.0,,,0.0,0.0,True,False,0,0,False,False
Q9JJK2_51.0,1.2847129106521606,0.38796500364939374,-1.7274475746861724,0.2335872083903985,,-0.8967479070027669,0.8967479070027669,False,True,partial,partial,False,False
Q9JJL8_425.0,0.0,0.0,0.0,,,0.0,0.0,True,False,0,0,False,False
Q9JJR8_67.0,0.0,0.0,0.0,,,0.0,0.0,True,False,0,0,False,False
Q9JJR8_87.0,3.6631627082824707,3.867955207824707,0.07848130473502465,0.9476186913393869,,0.20479249954223633,0.20479249954223633,False,True,partial,partial,False,False
Q9JJT9_77.0,8.12120501200358,0.0,-32.919046662345295,0.36321746764912255,,-8.12120501200358,8.12120501200358,False,True,partial,0,False,False
Q9JJU8_25.0,0.0,0.0,0.0,,,0.0,0.0,True,False,0,0,False,False
Q9JJV2_84.0,0.0,0.0,0.0,,,0.0,0.0,True,False,0,0,False,False
Q9JJV5_67.0,0.0,0.0,0.0,,,0.0,0.0,True,False,0,0,False,False
Q9JJX6_217.0,0.0,0.0,0.0,,,0.0,0.0,True,False,0,0,False,False
Q9JJY3_457.0,0.0,0.0,0.0,,,0.0,0.0,True,False,0,0,False,False
Q9JJY3_617.0,0.0,0.0,0.0,,,0.0,0.0,True,False,0,0,False,False
Q9JJZ2_295.0,8.396820545196533,11.715452512105307,0.48049761951636333,0.3036675930041512,,3.3186319669087734,3.3186319669087734,False,True,partial,partial,False,False
Q9JJZ2_347.0,7.246451735496521,3.867066582043966,-0.9060351398318102,0.028349348045454293,,-3.379385153452555,3.379385153452555,False,True,partial,partial,False,False
Q9JJZ2_376.0,16.838162104288738,14.836554209391275,-0.18257861108632675,0.03708651151038046,,-2.0016078948974627,2.0016078948974627,False,True,partial,partial,False,False
Q9JJZ4_148.0,0.0,0.0,0.0,,,0.0,0.0,True,False,0,0,False,False
Q9JK23_107.0,0.0,0.0,0.0,,,0.0,0.0,True,False,0,0,False,False
Q9JK23_170.0,0.0,0.0,0.0,,,0.0,0.0,True,False,0,0,False,False
Q9JK23_183.0,0.0,0.0,0.0,,,0.0,0.0,True,False,0,0,False,False
Q9JK38_128.0,0.0,0.0,0.0,,,0.0,0.0,True,False,0,0,False,False
Q9JK38_157.0,0.0,0.0,0.0,,,0.0,0.0,True,False,0,0,False,False
Q9JK38_179.0,0.0,0.0,0.0,,,0.0,0.0,True,False,0,0,False,False
Q9JK42_195.0,0.0,0.0,0.0,,,0.0,0.0,True,False,0,0,False,False
Q9JK42_392.0,0.0,0.0,0.0,,,0.0,0.0,True,False,0,0,False,False
Q9JK42_45.0,0.0,0.0,0.0,,,0.0,0.0,True,False,0,0,False,False
Q9JK81_119.0,0.0,0.0,0.0,,,0.0,0.0,True,False,0,0,False,False
Q9JKB1_209.0,0.0,0.0,0.0,,,0.0,0.0,True,False,0,0,False,False
Q9JKB1_95.0,0.0,0.0,0.0,,,0.0,0.0,True,False,0,0,False,False
Q9JKC8_236.0,0.0,0.0,0.0,,,0.0,0.0,True,False,0,0,False,False
Q9JKD3_20.0,0.0,0.0,0.0,,,0.0,0.0,True,False,0,0,False,False
Q9JKF1_1270.0,0.0,0.0,0.0,,,0.0,0.0,True,False,0,0,False,False
Q9JKF1_660.0,0.0,0.0,0.0,,,0.0,0.0,True,False,0,0,False,False
Q9JKF1_781.0,0.0,0.0,0.0,,,0.0,0.0,True,False,0,0,False,False
Q9JKF6_124.0,0.0,0.0,0.0,,,0.0,0.0,True,False,0,0,False,False
Q9JKF6_172.0,13.007733662923178,6.091330210367839,-1.0945404031073458,0.5172316992920096,,-6.916403452555339,6.916403452555339,False,True,partial,partial,False,False
Q9JKL4_151.0,0.0,0.0,0.0,,,0.0,0.0,True,False,0,0,False,False
Q9JKL4_72.0,0.0,0.0,0.0,,,0.0,0.0,True,False,0,0,False,False
Q9JKL5_213.0,0.0,0.0,0.0,,,0.0,0.0,True,False,0,0,False,False
Q9JKN1_310.0,0.0,0.0,0.0,,,0.0,0.0,True,False,0,0,False,False
Q9JKP5_27.0,0.0,0.0,0.0,,,0.0,0.0,True,False,0,0,False,False
Q9JKR6_352.0,0.0,0.0,0.0,,,0.0,0.0,True,False,0,0,False,False
Q9JKR6_805.0,0.0,0.0,0.0,,,0.0,0.0,True,False,0,0,False,False
Q9JKS5_22.0,0.0,0.0,0.0,,,0.0,0.0,True,False,0,0,False,False
Q9JKS5_234.0,0.0,0.0,0.0,,,0.0,0.0,True,False,0,0,False,False
Q9JKV1_121.0,0.0,0.0,0.0,,,0.0,0.0,True,False,0,0,False,False
Q9JKV1_80.0,0.0,0.0,0.0,,,0.0,0.0,True,False,0,0,False,False
Q9JKV1_88.0,0.0,0.0,0.0,,,0.0,0.0,True,False,0,0,False,False
Q9JKW0_109.0,0.0,0.0,0.0,,,0.0,0.0,True,False,0,0,False,False
Q9JKY0_252.0,0.0,0.0,0.0,,,0.0,0.0,True,False,0,0,False,False
Q9JKY0_91.0,0.0,0.0,0.0,,,0.0,0.0,True,False,0,0,False,False
Q9JKY5_211.0,0.0,0.0,0.0,,,0.0,0.0,True,False,0,0,False,False
Q9JKY5_240.0,0.0,0.0,0.0,,,0.0,0.0,True,False,0,0,False,False
Q9JKY5_650.0,0.0,0.0,0.0,,,0.0,0.0,True,False,0,0,False,False
Q9JKY5_827.0,0.0,0.0,0.0,,,0.0,0.0,True,False,0,0,False,False
Q9JKY5_906.0,0.0,0.0,0.0,,,0.0,0.0,True,False,0,0,False,False
Q9JKY7_347.0,0.0,0.0,0.0,,,0.0,0.0,True,False,0,0,False,False
Q9JKY7_491.0,0.0,0.0,0.0,,,0.0,0.0,True,False,0,0,False,False
Q9JKZ2_346.0,0.0,0.0,0.0,,,0.0,0.0,True,False,0,0,False,False
Q9JKZ2_609.0,0.0,0.0,0.0,,,0.0,0.0,True,False,0,0,False,False
Q9JL04_1181.0,0.0,0.0,0.0,,,0.0,0.0,True,False,0,0,False,False
Q9JL04_1446.0,0.0,0.0,0.0,,,0.0,0.0,True,False,0,0,False,False
Q9JL04_1551.0,0.0,0.0,0.0,,,0.0,0.0,True,False,0,0,False,False
Q9JL26_684.0,0.0,0.0,0.0,,,0.0,0.0,True,False,0,0,False,False
Q9JL56_127.0,0.0,0.0,0.0,,,0.0,0.0,True,False,0,0,False,False
Q9JL56_164.0,0.0,0.0,0.0,,,0.0,0.0,True,False,0,0,False,False
Q9JL56_327.0,0.0,0.0,0.0,,,0.0,0.0,True,False,0,0,False,False
Q9JL62_176.0,0.0,0.0,0.0,,,0.0,0.0,True,False,0,0,False,False
Q9JLB0_235.0,0.0,0.0,0.0,,,0.0,0.0,True,False,0,0,False,False
Q9JLB0_311.0,0.0,0.0,0.0,,,0.0,0.0,True,False,0,0,False,False
Q9JLB0_445.0,1.0911455551783245,0.0,-30.023196420514623,0.17765072967754414,,-1.0911455551783245,1.0911455551783245,False,True,partial,0,False,False
Q9JLB2_366.0,0.0,0.0,0.0,,,0.0,0.0,True,False,0,0,False,False
Q9JLC8_1440.0,0.0,0.0,0.0,,,0.0,0.0,True,False,0,0,False,False
Q9JLC8_1848.0,0.0,0.0,0.0,,,0.0,0.0,True,False,0,0,False,False
Q9JLC8_2027.0,0.0,0.0,0.0,,,0.0,0.0,True,False,0,0,False,False
Q9JLC8_2044.0,0.0,0.0,0.0,,,0.0,0.0,True,False,0,0,False,False
Q9JLC8_2697.0,0.0,0.0,0.0,,,0.0,0.0,True,False,0,0,False,False
Q9JLC8_3352.0,0.0,0.0,0.0,,,0.0,0.0,True,False,0,0,False,False
Q9JLC8_3758.0,0.0,0.0,0.0,,,0.0,0.0,True,False,0,0,False,False
Q9JLC8_395.0,0.0,0.0,0.0,,,0.0,0.0,True,False,0,0,False,False
Q9JLC8_445.0,0.0,0.0,0.0,,,0.0,0.0,True,False,0,0,False,False
Q9JLC8_816.0,0.0,0.0,0.0,,,0.0,0.0,True,False,0,0,False,False
Q9JLC8_891.0,0.0,0.0,0.0,,,0.0,0.0,True,False,0,0,False,False
Q9JLI6_304.0,0.0,0.0,0.0,,,0.0,0.0,True,False,0,0,False,False
Q9JLI8_342.0,0.0,0.0,0.0,,,0.0,0.0,True,False,0,0,False,False
Q9JLI8_538.0,0.0,0.0,0.0,,,0.0,0.0,True,False,0,0,False,False
Q9JLI8_749.0,0.0,0.0,0.0,,,0.0,0.0,True,False,0,0,False,False
Q9JLJ2_220.0,0.0,0.0,0.0,,,0.0,0.0,True,False,0,0,False,False
Q9JLJ2_267.0,0.0,1.3689831097920735,30.350457502096447,0.36321746764912255,,1.3689831097920735,1.3689831097920735,False,True,0,partial,False,False
Q9JLJ2_355.0,0.0,0.0,0.0,,,0.0,0.0,True,False,0,0,False,False
Q9JLJ2_376.0,0.0,0.0,0.0,,,0.0,0.0,True,False,0,0,False,False
Q9JLJ2_387.0,0.0,0.0,0.0,,,0.0,0.0,True,False,0,0,False,False
Q9JLJ2_45.0,0.0,0.0,0.0,,,0.0,0.0,True,False,0,0,False,False
Q9JLK7_110.0,0.0,0.0,0.0,,,0.0,0.0,True,False,0,0,False,False
Q9JLM4_213.0,0.0,0.0,0.0,,,0.0,0.0,True,False,0,0,False,False
Q9JLM8_131.0,0.0,0.0,0.0,,,0.0,0.0,True,False,0,0,False,False
Q9JLM8_276.0,0.0,0.0,0.0,,,0.0,0.0,True,False,0,0,False,False
Q9JLM8_362.0,0.0,0.0,0.0,,,0.0,0.0,True,False,0,0,False,False
Q9JLM8_39.0,0.0,0.0,0.0,,,0.0,0.0,True,False,0,0,False,False
Q9JLN9_1214.0,0.0,0.0,0.0,,,0.0,0.0,True,False,0,0,False,False
Q9JLN9_1303.0,0.0,0.0,0.0,,,0.0,0.0,True,False,0,0,False,False
Q9JLN9_1483.0,0.0,0.0,0.0,,,0.0,0.0,True,False,0,0,False,False
Q9JLN9_1563.0,0.0,0.0,0.0,,,0.0,0.0,True,False,0,0,False,False
Q9JLN9_1999.0,0.0,0.0,0.0,,,0.0,0.0,True,False,0,0,False,False
Q9JLN9_2085.0,0.0,0.0,0.0,,,0.0,0.0,True,False,0,0,False,False
Q9JLN9_216.0,0.0,0.0,0.0,,,0.0,0.0,True,False,0,0,False,False
Q9JLN9_2243.0,0.0,0.0,0.0,,,0.0,0.0,True,False,0,0,False,False
Q9JLN9_2400.0,4.489171028137207,4.560182571411133,0.022642524261949182,0.9913642285957691,,0.07101154327392578,0.07101154327392578,False,True,partial,partial,False,False
Q9JLN9_374.0,0.0,0.0,0.0,,,0.0,0.0,True,False,0,0,False,False
Q9JLN9_423.0,0.0,0.0,0.0,,,0.0,0.0,True,False,0,0,False,False
Q9JLN9_674.0,27.374391555786133,29.724871317545574,0.11884366576011249,0.8437688490696629,,2.3504797617594413,2.3504797617594413,False,True,partial,partial,False,False
Q9JLN9_713.0,0.0,0.0,0.0,,,0.0,0.0,True,False,0,0,False,False
Q9JLQ2_31.0,0.0,0.0,0.0,,,0.0,0.0,True,False,0,0,False,False
Q9JLQ2_621.0,0.0,0.0,0.0,,,0.0,0.0,True,False,0,0,False,False
Q9JLT4_279.0,0.0,0.0,0.0,,,0.0,0.0,True,False,0,0,False,False
Q9JLT4_446.0,0.0,0.0,0.0,,,0.0,0.0,True,False,0,0,False,False
Q9JLT4_483.0,0.0,0.0,0.0,,,0.0,0.0,True,False,0,0,False,False
Q9JLV1_154.0,0.0,0.0,0.0,,,0.0,0.0,True,False,0,0,False,False
Q9JLV1_185.0,0.0,0.0,0.0,,,0.0,0.0,True,False,0,0,False,False
Q9JLV1_295.0,0.0,0.0,0.0,,,0.0,0.0,True,False,0,0,False,False
Q9JLV5_187.0,0.0,0.0,0.0,,,0.0,0.0,True,False,0,0,False,False
Q9JLV5_251.0,0.0,0.0,0.0,,,0.0,0.0,True,False,0,0,False,False
Q9JLV5_298.0,0.0,0.0,0.0,,,0.0,0.0,True,False,0,0,False,False
Q9JLV5_314.0,0.0,0.0,0.0,,,0.0,0.0,True,False,0,0,False,False
Q9JLV5_636.0,0.0,0.0,0.0,,,0.0,0.0,True,False,0,0,False,False
Q9JLZ3_113.0,0.0,0.0,0.0,,,0.0,0.0,True,False,0,0,False,False
Q9JM13_19.0,0.0,0.0,0.0,,,0.0,0.0,True,False,0,0,False,False
Q9JM13_225.0,0.0,0.0,0.0,,,0.0,0.0,True,False,0,0,False,False
Q9JM13_404.0,0.0,0.0,0.0,,,0.0,0.0,True,False,0,0,False,False
Q9JM14_100.0,0.3905324935913086,1.6925394733746846,2.115674982399414,0.046503702971243406,,1.302006979783376,1.302006979783376,False,True,partial,partial,False,False
Q9JM14_110.0,0.0,0.0,0.0,,,0.0,0.0,True,False,0,0,False,False
Q9JM52_129.0,0.0,0.0,0.0,,,0.0,0.0,True,False,0,0,False,False
Q9JM52_269.0,0.0,0.0,0.0,,,0.0,0.0,True,False,0,0,False,False
Q9JM63_211.0,0.0,0.0,0.0,,,0.0,0.0,True,False,0,0,False,False
Q9JM76_162.0,0.0,0.0,0.0,,,0.0,0.0,True,False,0,0,False,False
Q9JMA1_203.0,2.1251872380574546,0.0,-30.984942809099888,0.36321746764912255,,-2.1251872380574546,2.1251872380574546,False,True,partial,0,False,False
Q9JMA1_257.0,0.0,0.0,0.0,,,0.0,0.0,True,False,0,0,False,False
Q9JMA1_277.0,0.0,0.0,0.0,,,0.0,0.0,True,False,0,0,False,False
Q9JMA2_67.0,0.0,0.0,0.0,,,0.0,0.0,True,False,0,0,False,False
Q9JMB8_920.0,0.0,0.0,0.0,,,0.0,0.0,True,False,0,0,False,False
Q9JMC3_194.0,0.0,0.0,0.0,,,0.0,0.0,True,False,0,0,False,False
Q9JMC3_272.0,0.0,0.0,0.0,,,0.0,0.0,True,False,0,0,False,False
Q9JMC8_437.0,0.0,0.0,0.0,,,0.0,0.0,True,False,0,0,False,False
Q9JMD3_181.0,0.0,0.0,0.0,,,0.0,0.0,True,False,0,0,False,False
Q9JME5_1005.0,0.0,0.0,0.0,,,0.0,0.0,True,False,0,0,False,False
Q9JME5_1026.0,0.0,0.0,0.0,,,0.0,0.0,True,False,0,0,False,False
Q9JME5_210.0,0.0,0.0,0.0,,,0.0,0.0,True,False,0,0,False,False
Q9JME5_512.0,0.0,0.0,0.0,,,0.0,0.0,True,False,0,0,False,False
Q9JME7_112.0,15.596026102701822,3.0888427098592124,-2.336040161091752,0.06374828401445223,,-12.50718339284261,12.50718339284261,False,True,partial,partial,False,False
Q9JMF7_86.0,0.0,0.0,0.0,,,0.0,0.0,True,False,0,0,False,False
Q9JMH6_173.0,0.0,0.0,0.0,,,0.0,0.0,True,False,0,0,False,False
Q9JMH6_541.0,0.0,0.0,0.0,,,0.0,0.0,True,False,0,0,False,False
Q9JMH6_589.0,0.0,0.0,0.0,,,0.0,0.0,True,False,0,0,False,False
Q9JMH9_1018.0,0.0,0.0,0.0,,,0.0,0.0,True,False,0,0,False,False
Q9JMH9_1195.0,0.0,0.0,0.0,,,0.0,0.0,True,False,0,0,False,False
Q9JMH9_1695.0,0.0,0.0,0.0,,,0.0,0.0,True,False,0,0,False,False
Q9JMH9_404.0,0.0,0.0,0.0,,,0.0,0.0,True,False,0,0,False,False
Q9JMH9_809.0,0.0,0.0,0.0,,,0.0,0.0,True,False,0,0,False,False
Q9JMK2_255.0,0.0,0.0,0.0,,,0.0,0.0,True,False,0,0,False,False
Q9QUG9_11.0,0.0,0.0,0.0,,,0.0,0.0,True,False,0,0,False,False
Q9QUG9_20.0,0.0,0.0,0.0,,,0.0,0.0,True,False,0,0,False,False
Q9QUG9_296.0,0.0,0.0,0.0,,,0.0,0.0,True,False,0,0,False,False
Q9QUH0_23.0,0.0,0.0,0.0,,,0.0,0.0,True,False,0,0,False,False
Q9QUH0_79.0,0.0,0.0,0.0,,,0.0,0.0,True,False,0,0,False,False
Q9QUI0_107.0,2.432857741912206,1.1871870011091232,-1.0351047618386944,0.05511504265704624,,-1.245670740803083,1.245670740803083,False,True,partial,partial,False,False
Q9QUI0_159.0,2.6790611147880554,1.3861204783121746,-0.9506748332730868,0.02543212756589293,,-1.2929406364758809,1.2929406364758809,False,True,partial,partial,False,False
Q9QUI0_16.0,1.8035450180371602,1.6624755760033925,-0.11750228877412064,0.7774383428623153,,-0.1410694420337677,0.1410694420337677,False,True,partial,partial,False,False
Q9QUJ7_221.0,0.0,0.0,0.0,,,0.0,0.0,True,False,0,0,False,False
Q9QUJ7_303.0,0.0,0.0,0.0,,,0.0,0.0,True,False,0,0,False,False
Q9QUJ7_363.0,0.0,0.0,0.0,,,0.0,0.0,True,False,0,0,False,False
Q9QUJ7_420.0,0.0,0.0,0.0,,,0.0,0.0,True,False,0,0,False,False
Q9QUJ7_494.0,0.0,0.0,0.0,,,0.0,0.0,True,False,0,0,False,False
Q9QUJ7_542.0,0.0,0.0,0.0,,,0.0,0.0,True,False,0,0,False,False
Q9QUJ7_552.0,0.0,0.0,0.0,,,0.0,0.0,True,False,0,0,False,False
Q9QUM9_115.0,0.0,0.0,0.0,,,0.0,0.0,True,False,0,0,False,False
Q9QUM9_154.0,0.0,0.0,0.0,,,0.0,0.0,True,False,0,0,False,False
Q9QUM9_47.0,0.27933170398076373,0.0,-28.057404092196077,0.36321746764912255,,-0.27933170398076373,0.27933170398076373,False,True,partial,0,False,False
Q9QUM9_78.0,0.8303549687067667,0.0,-29.62915296731512,0.18395503166145954,,-0.8303549687067667,0.8303549687067667,False,True,partial,0,False,False
Q9QUN9_159.0,0.0,0.0,0.0,,,0.0,0.0,True,False,0,0,False,False
Q9QUN9_178.0,0.0,0.0,0.0,,,0.0,0.0,True,False,0,0,False,False
Q9QUP5_207.0,3.196918487548828,2.5109742482503257,-0.3484347269227653,0.8695521563045832,,-0.6859442392985025,0.6859442392985025,False,True,partial,partial,False,False
Q9QUP5_228.0,17.83544985453288,2.963318188985189,-2.589462153803992,0.0639039642710003,,-14.87213166554769,14.87213166554769,False,True,partial,partial,False,False
Q9QUP5_254.0,0.0,0.0,0.0,,,0.0,0.0,True,False,0,0,False,False
Q9QUP5_306.0,5.2657402356465655,5.790408770243327,0.13702884441140092,0.9186781478018096,,0.5246685345967617,0.5246685345967617,False,True,partial,partial,False,False
Q9QUP5_327.0,0.0,0.0,0.0,,,0.0,0.0,True,False,0,0,False,False
Q9QUP5_351.0,18.179619471232098,10.583309729894003,-0.7805311282612677,0.001350470177887614,,-7.596309741338095,7.596309741338095,False,True,partial,partial,False,False
Q9QUR6_175.0,0.0,0.0,0.0,,,0.0,0.0,True,False,0,0,False,False
Q9QUR6_255.0,0.0,0.0,0.0,,,0.0,0.0,True,False,0,0,False,False
Q9QUR6_264.0,0.0,0.0,0.0,,,0.0,0.0,True,False,0,0,False,False
Q9QUR6_343.0,0.0,0.0,0.0,,,0.0,0.0,True,False,0,0,False,False
Q9QUR6_526.0,0.0,0.0,0.0,,,0.0,0.0,True,False,0,0,False,False
Q9QUR6_57.0,0.0,0.0,0.0,,,0.0,0.0,True,False,0,0,False,False
Q9QUR6_601.0,0.0,0.0,0.0,,,0.0,0.0,True,False,0,0,False,False
Q9QUR7_115.0,0.0,0.0,0.0,,,0.0,0.0,True,False,0,0,False,False
Q9QUR8_123.0,0.0,0.0,0.0,,,0.0,0.0,True,False,0,0,False,False
Q9QUR8_289.0,7.213069359461467,1.2026004393895466,-2.58445590479379,0.007693012121818039,,-6.01046892007192,6.01046892007192,False,True,partial,partial,False,False
Q9QUR8_364.0,0.0,0.0,0.0,,,0.0,0.0,True,False,0,0,False,False
Q9QUR8_509.0,0.0,0.0,0.0,,,0.0,0.0,True,False,0,0,False,False
Q9QUR8_539.0,29.53262742360433,25.73919614156087,-0.1983427165601307,0.5172866607438364,,-3.793431282043457,3.793431282043457,False,True,partial,partial,False,False
Q9QUR8_564.0,18.17668358484904,9.432533423105875,-0.9463717852877322,0.06536628871259327,,-8.744150161743166,8.744150161743166,False,True,partial,partial,False,False
Q9QVP9_180.0,0.0,0.0,0.0,,,0.0,0.0,True,False,0,0,False,False
Q9QVP9_298.0,0.0,0.0,0.0,,,0.0,0.0,True,False,0,0,False,False
Q9QVP9_352.0,0.0,0.0,0.0,,,0.0,0.0,True,False,0,0,False,False
Q9QVP9_44.0,0.0,0.0,0.0,,,0.0,0.0,True,False,0,0,False,False
Q9QVP9_463.0,0.0,0.0,0.0,,,0.0,0.0,True,False,0,0,False,False
Q9QVP9_545.0,0.0,0.0,0.0,,,0.0,0.0,True,False,0,0,False,False
Q9QVP9_562.0,0.0,0.0,0.0,,,0.0,0.0,True,False,0,0,False,False
Q9QVP9_650.0,0.0,0.0,0.0,,,0.0,0.0,True,False,0,0,False,False
Q9QVP9_89.0,0.0,0.0,0.0,,,0.0,0.0,True,False,0,0,False,False
Q9QVP9_972.0,0.0,0.0,0.0,,,0.0,0.0,True,False,0,0,False,False
Q9QWI6_1017.0,0.0,0.0,0.0,,,0.0,0.0,True,False,0,0,False,False
Q9QWI6_681.0,3.0397014220555625,1.4757314523061116,-1.0424994104289196,0.04111131352347553,,-1.563969969749451,1.563969969749451,False,True,partial,partial,False,False
Q9QWR8_127.0,14.959339459737143,16.05154514312744,0.10166570636561467,0.8405975064068403,,1.0922056833902989,1.0922056833902989,False,True,partial,partial,False,False
Q9QWR8_158.0,0.0,0.0,0.0,,,0.0,0.0,True,False,0,0,False,False
Q9QWR8_353.0,0.0,0.0,0.0,,,0.0,0.0,True,False,0,0,False,False
Q9QWW1_236.0,0.0,0.0,0.0,,,0.0,0.0,True,False,0,0,False,False
Q9QWY8_219.0,0.0,0.0,0.0,,,0.0,0.0,True,False,0,0,False,False
Q9QWY8_248.0,0.0,0.0,0.0,,,0.0,0.0,True,False,0,0,False,False
Q9QWY8_388.0,0.0,0.0,0.0,,,0.0,0.0,True,False,0,0,False,False
Q9QWY8_642.0,0.0,0.0,0.0,,,0.0,0.0,True,False,0,0,False,False
Q9QWY8_700.0,0.0,0.0,0.0,,,0.0,0.0,True,False,0,0,False,False
Q9QWY8_755.0,0.0,0.0,0.0,,,0.0,0.0,True,False,0,0,False,False
Q9QX11_94.0,0.0,0.0,0.0,,,0.0,0.0,True,False,0,0,False,False
Q9QX47_1580.0,27.445475896199543,28.387856165568035,0.04870554625932992,0.9420559998061534,,0.942380269368492,0.942380269368492,False,True,partial,partial,False,False
Q9QX47_1702.0,0.0,0.0,0.0,,,0.0,0.0,True,False,0,0,False,False
Q9QX47_92.0,0.0,0.0,0.0,,,0.0,0.0,True,False,0,0,False,False
Q9QXA5_32.0,0.0,0.0,0.0,,,0.0,0.0,True,False,0,0,False,False
Q9QXA5_45.0,0.0,0.0,0.0,,,0.0,0.0,True,False,0,0,False,False
Q9QXA5_59.0,0.0,0.0,0.0,,,0.0,0.0,True,False,0,0,False,False
Q9QXB9_223.0,0.0,0.0,0.0,,,0.0,0.0,True,False,0,0,False,False
Q9QXB9_241.0,0.0,0.0,0.0,,,0.0,0.0,True,False,0,0,False,False
Q9QXB9_319.0,0.0,0.0,0.0,,,0.0,0.0,True,False,0,0,False,False
Q9QXE0_243.0,0.0,0.0,0.0,,,0.0,0.0,True,False,0,0,False,False
Q9QXE0_264.0,0.0,0.0,0.0,,,0.0,0.0,True,False,0,0,False,False
Q9QXE0_415.0,0.0,0.0,0.0,,,0.0,0.0,True,False,0,0,False,False
Q9QXE0_556.0,0.0,0.0,0.0,,,0.0,0.0,True,False,0,0,False,False
Q9QXG2_288.0,0.0,0.0,0.0,,,0.0,0.0,True,False,0,0,False,False
Q9QXG2_376.0,0.0,0.0,0.0,,,0.0,0.0,True,False,0,0,False,False
Q9QXG2_505.0,0.0,0.0,0.0,,,0.0,0.0,True,False,0,0,False,False
Q9QXG4_104.0,0.0,0.0,0.0,,,0.0,0.0,True,False,0,0,False,False
Q9QXG4_146.0,0.0,0.0,0.0,,,0.0,0.0,True,False,0,0,False,False
Q9QXG4_554.0,0.0,0.0,0.0,,,0.0,0.0,True,False,0,0,False,False
Q9QXG4_75.0,0.0,0.0,0.0,,,0.0,0.0,True,False,0,0,False,False
Q9QXJ1_397.0,0.0,0.0,0.0,,,0.0,0.0,True,False,0,0,False,False
Q9QXJ1_499.0,0.0,0.0,0.0,,,0.0,0.0,True,False,0,0,False,False
Q9QXJ1_672.0,3.1244045893351235,1.2746048768361409,-1.293531198341974,0.6015502450669903,,-1.8497997124989827,1.8497997124989827,False,True,partial,partial,False,False
Q9QXK3_325.0,0.0,0.0,0.0,,,0.0,0.0,True,False,0,0,False,False
Q9QXK3_420.0,0.0,0.0,0.0,,,0.0,0.0,True,False,0,0,False,False
Q9QXK3_88.0,0.0,0.0,0.0,,,0.0,0.0,True,False,0,0,False,False
Q9QXK7_223.0,0.0,0.0,0.0,,,0.0,0.0,True,False,0,0,False,False
Q9QXK7_655.0,0.0,0.0,0.0,,,0.0,0.0,True,False,0,0,False,False
Q9QXL1_698.0,0.0,0.0,0.0,,,0.0,0.0,True,False,0,0,False,False
Q9QXL2_1327.0,0.0,0.0,0.0,,,0.0,0.0,True,False,0,0,False,False
Q9QXL2_1337.0,0.0,0.0,0.0,,,0.0,0.0,True,False,0,0,False,False
Q9QXL2_1350.0,0.0,0.0,0.0,,,0.0,0.0,True,False,0,0,False,False
Q9QXL2_1586.0,0.0,0.0,0.0,,,0.0,0.0,True,False,0,0,False,False
Q9QXL2_1631.0,0.0,0.0,0.0,,,0.0,0.0,True,False,0,0,False,False
Q9QXL2_204.0,0.0,0.0,0.0,,,0.0,0.0,True,False,0,0,False,False
Q9QXL2_240.0,2.845789988835653,4.7658530076344805,0.7439052561972161,0.22071227810677332,,1.9200630187988277,1.9200630187988277,False,True,partial,partial,False,False
Q9QXL8_344.0,0.0,0.0,0.0,,,0.0,0.0,True,False,0,0,False,False
Q9QXL8_375.0,4.151355743408203,0.0,-31.950935420883848,0.36321746764912255,,-4.151355743408203,4.151355743408203,False,True,partial,0,False,False
Q9QXM1_708.0,0.0,0.0,0.0,,,0.0,0.0,True,False,0,0,False,False
Q9QXQ1_342.0,0.0,0.0,0.0,,,0.0,0.0,True,False,0,0,False,False
Q9QXQ1_363.0,0.0,0.0,0.0,,,0.0,0.0,True,False,0,0,False,False
Q9QXS1_1106.0,0.0,0.0,0.0,,,0.0,0.0,True,False,0,0,False,False
Q9QXS1_1144.0,0.0,0.0,0.0,,,0.0,0.0,True,False,0,0,False,False
Q9QXS1_1386.0,0.0,0.0,0.0,,,0.0,0.0,True,False,0,0,False,False
Q9QXS1_3015.0,0.0,0.0,0.0,,,0.0,0.0,True,False,0,0,False,False
Q9QXS1_3117.0,0.0,0.0,0.0,,,0.0,0.0,True,False,0,0,False,False
Q9QXS1_328.0,0.0,0.0,0.0,,,0.0,0.0,True,False,0,0,False,False
Q9QXS1_3343.0,0.0,0.0,0.0,,,0.0,0.0,True,False,0,0,False,False
Q9QXS1_3500.0,0.0,0.0,0.0,,,0.0,0.0,True,False,0,0,False,False
Q9QXS1_3674.0,0.0,0.0,0.0,,,0.0,0.0,True,False,0,0,False,False
Q9QXS1_4078.0,3.6856420834859214,6.140772978464763,0.7365042919802633,0.49099930281348036,,2.4551308949788413,2.4551308949788413,False,True,partial,partial,False,False
Q9QXS1_4252.0,0.0,0.0,0.0,,,0.0,0.0,True,False,0,0,False,False
Q9QXS1_4461.0,0.0,0.0,0.0,,,0.0,0.0,True,False,0,0,False,False
Q9QXS1_4501.0,0.0,0.0,0.0,,,0.0,0.0,True,False,0,0,False,False
Q9QXS1_556.0,53.303582509358726,42.98955980936686,-0.3102461611558846,0.289848171047028,,-10.314022699991867,10.314022699991867,False,True,partial,partial,False,False
Q9QXS1_958.0,0.0,0.0,0.0,,,0.0,0.0,True,False,0,0,False,False
Q9QXS1_973.0,14.103803316752115,11.192649682362875,-0.3335326489924144,0.5464978841629794,,-2.9111536343892404,2.9111536343892404,False,True,partial,partial,False,False
Q9QXS6_308.0,0.0,0.0,0.0,,,0.0,0.0,True,False,0,0,False,False
Q9QXS6_325.0,0.0,0.0,0.0,,,0.0,0.0,True,False,0,0,False,False
Q9QXS6_355.0,1.4418187042077382,1.0764996707439423,-0.4215418914141855,0.2537783564255623,,-0.3653190334637959,0.3653190334637959,False,True,partial,partial,False,False
Q9QXS6_367.0,0.0,0.0,0.0,,,0.0,0.0,True,False,0,0,False,False
Q9QXS6_68.0,0.0,0.0,0.0,,,0.0,0.0,True,False,0,0,False,False
Q9QXT0_28.0,0.0,0.0,0.0,,,0.0,0.0,True,False,0,0,False,False
Q9QXT0_86.0,0.0,0.0,0.0,,,0.0,0.0,True,False,0,0,False,False
Q9QXW2_82.0,0.0,0.0,0.0,,,0.0,0.0,True,False,0,0,False,False
Q9QXX4_566.0,0.0,0.0,0.0,,,0.0,0.0,True,False,0,0,False,False
Q9QXY7_418.0,0.0,0.0,0.0,,,0.0,0.0,True,False,0,0,False,False
Q9QXY9_234.0,0.0,0.0,0.0,,,0.0,0.0,True,False,0,0,False,False
Q9QXY9_65.0,0.0,0.0,0.0,,,0.0,0.0,True,False,0,0,False,False
Q9QXZ0_1025.0,0.0,0.0,0.0,,,0.0,0.0,True,False,0,0,False,False
Q9QXZ0_1063.0,0.0,0.0,0.0,,,0.0,0.0,True,False,0,0,False,False
Q9QXZ0_3587.0,0.0,0.0,0.0,,,0.0,0.0,True,False,0,0,False,False
Q9QXZ0_37.0,0.0,15.793095906575521,33.87857495811486,0.17604360993069593,,15.793095906575521,15.793095906575521,False,True,0,partial,False,False
Q9QXZ0_4041.0,0.0,0.0,0.0,,,0.0,0.0,True,False,0,0,False,False
Q9QXZ0_4060.0,0.0,0.0,0.0,,,0.0,0.0,True,False,0,0,False,False
Q9QXZ0_4287.0,0.0,0.0,0.0,,,0.0,0.0,True,False,0,0,False,False
Q9QXZ0_4399.0,0.0,0.0,0.0,,,0.0,0.0,True,False,0,0,False,False
Q9QXZ0_443.0,0.0,0.0,0.0,,,0.0,0.0,True,False,0,0,False,False
Q9QXZ0_4543.0,0.0,0.0,0.0,,,0.0,0.0,True,False,0,0,False,False
Q9QXZ0_4795.0,0.0,0.0,0.0,,,0.0,0.0,True,False,0,0,False,False
Q9QXZ0_4886.0,0.0,0.0,0.0,,,0.0,0.0,True,False,0,0,False,False
Q9QXZ0_5008.0,0.0,0.0,0.0,,,0.0,0.0,True,False,0,0,False,False
Q9QXZ0_5075.0,0.0,0.0,0.0,,,0.0,0.0,True,False,0,0,False,False
Q9QXZ0_5090.0,0.0,0.0,0.0,,,0.0,0.0,True,False,0,0,False,False
Q9QXZ0_5147.0,0.0,0.0,0.0,,,0.0,0.0,True,False,0,0,False,False
Q9QXZ0_523.0,0.0,0.0,0.0,,,0.0,0.0,True,False,0,0,False,False
Q9QXZ0_5268.0,0.0,0.0,0.0,,,0.0,0.0,True,False,0,0,False,False
Q9QXZ0_5305.0,0.0,0.0,0.0,,,0.0,0.0,True,False,0,0,False,False
Q9QXZ0_5701.0,0.0,0.0,0.0,,,0.0,0.0,True,False,0,0,False,False
Q9QXZ0_5715.0,0.0,0.0,0.0,,,0.0,0.0,True,False,0,0,False,False
Q9QXZ0_5886.0,0.0,0.0,0.0,,,0.0,0.0,True,False,0,0,False,False
Q9QXZ0_6031.0,0.0,0.0,0.0,,,0.0,0.0,True,False,0,0,False,False
Q9QXZ0_6093.0,0.3976690371831258,0.5138862133026123,0.3698807096042901,0.861844318134622,,0.11621717611948651,0.11621717611948651,False,True,partial,partial,False,False
Q9QXZ0_6268.0,0.0,0.0,0.0,,,0.0,0.0,True,False,0,0,False,False
Q9QXZ0_6602.0,0.0,0.0,0.0,,,0.0,0.0,True,False,0,0,False,False
Q9QXZ0_666.0,0.0,0.0,0.0,,,0.0,0.0,True,False,0,0,False,False
Q9QXZ0_7211.0,0.0,0.0,0.0,,,0.0,0.0,True,False,0,0,False,False
Q9QXZ0_775.0,0.0,0.0,0.0,,,0.0,0.0,True,False,0,0,False,False
Q9QXZ0_887.0,0.0,0.0,0.0,,,0.0,0.0,True,False,0,0,False,False
Q9QXZ0_892.0,0.0,0.0,0.0,,,0.0,0.0,True,False,0,0,False,False
Q9QXZ0_919.0,0.0,0.0,0.0,,,0.0,0.0,True,False,0,0,False,False
Q9QXZ0_986.0,0.0,0.0,0.0,,,0.0,0.0,True,False,0,0,False,False
Q9QY01_452.0,0.0,0.0,0.0,,,0.0,0.0,True,False,0,0,False,False
Q9QY36_17.0,0.0,0.0,0.0,,,0.0,0.0,True,False,0,0,False,False
Q9QY36_194.0,0.0,0.0,0.0,,,0.0,0.0,True,False,0,0,False,False
Q9QY42_321.0,0.0,0.0,0.0,,,0.0,0.0,True,False,0,0,False,False
Q9QY42_600.0,0.0,0.0,0.0,,,0.0,0.0,True,False,0,0,False,False
Q9QY76_121.0,0.09630198280016582,0.3371252814928691,1.8076474026670861,0.22628303645721598,,0.24082329869270325,0.24082329869270325,False,True,partial,partial,False,False
Q9QY81_1592.0,0.0,0.0,0.0,,,0.0,0.0,True,False,0,0,False,False
Q9QY81_1611.0,0.0,0.0,0.0,,,0.0,0.0,True,False,0,0,False,False
Q9QY81_543.0,0.0,0.0,0.0,,,0.0,0.0,True,False,0,0,False,False
Q9QY81_746.0,0.0,0.0,0.0,,,0.0,0.0,True,False,0,0,False,False
Q9QY81_76.0,48.53119341532389,43.09457524617513,-0.17140606339387982,0.16543657296665532,,-5.436618169148758,5.436618169148758,False,True,partial,partial,False,False
Q9QYA2_90.0,0.0,0.0,0.0,,,0.0,0.0,True,False,0,0,False,False
Q9QYB1_100.0,0.0,0.0,0.0,,,0.0,0.0,True,False,0,0,False,False
Q9QYB1_189.0,0.0,0.0,0.0,,,0.0,0.0,True,False,0,0,False,False
Q9QYB1_234.0,0.0,0.0,0.0,,,0.0,0.0,True,False,0,0,False,False
Q9QYB1_35.0,0.0,0.0,0.0,,,0.0,0.0,True,False,0,0,False,False
Q9QYB5_286.0,0.0,0.0,0.0,,,0.0,0.0,True,False,0,0,False,False
Q9QYB5_73.0,0.0,0.0,0.0,,,0.0,0.0,True,False,0,0,False,False
Q9QYB8_177.0,0.0,0.0,0.0,,,0.0,0.0,True,False,0,0,False,False
Q9QYB8_201.0,2.020016670227051,0.0,-30.91172005359568,0.36321746764912255,,-2.020016670227051,2.020016670227051,False,True,partial,0,False,False
Q9QYB8_224.0,0.0,0.0,0.0,,,0.0,0.0,True,False,0,0,False,False
Q9QYC0_236.0,0.0,0.0,0.0,,,0.0,0.0,True,False,0,0,False,False
Q9QYC0_430.0,0.0,0.0,0.0,,,0.0,0.0,True,False,0,0,False,False
Q9QYC0_525.0,2.577595591545105,2.9836579958597818,0.21105624322064803,0.20748549334839833,,0.4060624043146768,0.4060624043146768,False,True,partial,partial,False,False
Q9QYE3_112.0,0.0,0.0,0.0,,,0.0,0.0,True,False,0,0,False,False
Q9QYE3_163.0,0.0,0.0,0.0,,,0.0,0.0,True,False,0,0,False,False
Q9QYE9_109.0,0.0,0.0,0.0,,,0.0,0.0,True,False,0,0,False,False
Q9QYE9_81.0,1.8939310709635417,2.750395139058431,0.5382550746092034,0.8034350829441422,,0.8564640680948894,0.8564640680948894,False,True,partial,partial,False,False
Q9QYF1_200.0,0.0,0.0,0.0,,,0.0,0.0,True,False,0,0,False,False
Q9QYF1_30.0,0.0,0.0,0.0,,,0.0,0.0,True,False,0,0,False,False
Q9QYF9_166.0,0.0,0.0,0.0,,,0.0,0.0,True,False,0,0,False,False
Q9QYF9_254.0,0.0,0.0,0.0,,,0.0,0.0,True,False,0,0,False,False
Q9QYF9_290.0,2.939864675203959,2.7571255763371787,-0.09258476993081856,0.44393507433960455,,-0.1827390988667803,0.1827390988667803,False,True,partial,partial,False,False
Q9QYF9_30.0,90.27498308817546,59.27376619974772,-0.6069325169823141,0.1268963571558482,,-31.00121688842774,31.00121688842774,False,True,partial,partial,False,False
Q9QYF9_359.0,0.0,0.0,0.0,,,0.0,0.0,True,False,0,0,False,False
Q9QYF9_375.0,0.0,0.0,0.0,,,0.0,0.0,True,False,0,0,False,False
Q9QYG0_255.0,0.0,0.0,0.0,,,0.0,0.0,True,False,0,0,False,False
Q9QYG0_321.0,0.0,0.0,0.0,,,0.0,0.0,True,False,0,0,False,False
Q9QYG0_371.0,0.0,0.0,0.0,,,0.0,0.0,True,False,0,0,False,False
Q9QYG0_78.0,7.568088054656982,7.17479133605957,-0.0769919999099268,0.91042550647796,,-0.3932967185974121,0.3932967185974121,False,True,partial,partial,False,False
Q9QYI3_105.0,0.0,0.0,0.0,,,0.0,0.0,True,False,0,0,False,False
Q9QYI3_164.0,0.0,0.0,0.0,,,0.0,0.0,True,False,0,0,False,False
Q9QYI3_175.0,0.0,0.0,0.0,,,0.0,0.0,True,False,0,0,False,False
Q9QYI3_185.0,0.0,0.0,0.0,,,0.0,0.0,True,False,0,0,False,False
Q9QYI3_219.0,0.0,0.0,0.0,,,0.0,0.0,True,False,0,0,False,False
Q9QYI3_317.0,0.0,0.0,0.0,,,0.0,0.0,True,False,0,0,False,False
Q9QYI3_337.0,0.0,0.0,0.0,,,0.0,0.0,True,False,0,0,False,False
Q9QYI3_58.0,0.0,0.0,0.0,,,0.0,0.0,True,False,0,0,False,False
Q9QYI4_364.0,0.0,0.0,0.0,,,0.0,0.0,True,False,0,0,False,False
Q9QYJ0_143.0,0.0,0.0,0.0,,,0.0,0.0,True,False,0,0,False,False
Q9QYJ0_308.0,0.0,0.0,0.0,,,0.0,0.0,True,False,0,0,False,False
Q9QYJ3_179.0,0.0,0.0,0.0,,,0.0,0.0,True,False,0,0,False,False
Q9QYJ3_267.0,0.0,0.0,0.0,,,0.0,0.0,True,False,0,0,False,False
Q9QYM9_206.0,0.0,0.0,0.0,,,0.0,0.0,True,False,0,0,False,False
Q9QYM9_80.0,0.0,0.0,0.0,,,0.0,0.0,True,False,0,0,False,False
Q9QYP6_270.0,0.0,0.0,0.0,,,0.0,0.0,True,False,0,0,False,False
Q9QYR6_160.0,0.9549235502878824,0.7052198251088461,-0.4373122050804224,0.7939978925195241,,-0.24970372517903638,0.24970372517903638,False,True,partial,partial,False,False
Q9QYR6_1954.0,0.0,0.0,0.0,,,0.0,0.0,True,False,0,0,False,False
Q9QYR6_2058.0,0.0,0.0,0.0,,,0.0,0.0,True,False,0,0,False,False
Q9QYR6_2165.0,3.6328910986582437,3.0459381341934204,-0.2542314797255778,0.5707844019717034,,-0.5869529644648233,0.5869529644648233,False,True,partial,partial,False,False
Q9QYR6_2675.0,0.7829129695892334,0.0,-29.544276704064025,0.18615692842102669,,-0.7829129695892334,0.7829129695892334,False,True,partial,0,False,False
Q9QYR6_39.0,0.0,0.0,0.0,,,0.0,0.0,True,False,0,0,False,False
Q9QYR6_911.0,0.3160411516825358,0.5860513548056284,0.8909146655058042,0.543314140247535,,0.2700102031230926,0.2700102031230926,False,True,partial,partial,False,False
Q9QYR6_979.0,0.0,0.0,0.0,,,0.0,0.0,True,False,0,0,False,False
Q9QYR9_55.0,0.2641078432401021,0.0,-27.97655191057828,0.36321746764912255,,-0.2641078432401021,0.2641078432401021,False,True,partial,0,False,False
Q9QYS2_240.0,0.0,0.0,0.0,,,0.0,0.0,True,False,0,0,False,False
Q9QYS2_412.0,0.0,0.0,0.0,,,0.0,0.0,True,False,0,0,False,False
Q9QYS2_57.0,28.59732437133789,19.12806224822998,-0.5801894414514385,0.0695468714485161,,-9.46926212310791,9.46926212310791,False,True,partial,partial,False,False
Q9QYS2_99.0,7.404582659403483,4.094870726267497,-0.8546005166130001,0.0008065340958521765,,-3.3097119331359863,3.3097119331359863,False,True,partial,partial,False,False
Q9QYS9_119.0,0.0,0.0,0.0,,,0.0,0.0,True,False,0,0,False,False
Q9QYS9_35.0,0.0,0.0,0.0,,,0.0,0.0,True,False,0,0,False,False
Q9QYX7_1222.0,0.0,0.0,0.0,,,0.0,0.0,True,False,0,0,False,False
Q9QYX7_2869.0,0.0,0.0,0.0,,,0.0,0.0,True,False,0,0,False,False
Q9QYX7_2882.0,0.0,0.0,0.0,,,0.0,0.0,True,False,0,0,False,False
Q9QYX7_3496.0,0.0,0.0,0.0,,,0.0,0.0,True,False,0,0,False,False
Q9QYX7_4513.0,0.0,0.0,0.0,,,0.0,0.0,True,False,0,0,False,False
Q9QYX7_532.0,0.0,0.0,0.0,,,0.0,0.0,True,False,0,0,False,False
Q9QYX7_580.0,0.0,0.0,0.0,,,0.0,0.0,True,False,0,0,False,False
Q9QYY0_360.0,0.0,0.0,0.0,,,0.0,0.0,True,False,0,0,False,False
Q9QYY0_406.0,0.0,0.0,0.0,,,0.0,0.0,True,False,0,0,False,False
Q9QYY0_515.0,0.0,0.0,0.0,,,0.0,0.0,True,False,0,0,False,False
Q9QYY8_218.0,0.0,0.0,0.0,,,0.0,0.0,True,False,0,0,False,False
Q9QZ06_106.0,0.0,0.0,0.0,,,0.0,0.0,True,False,0,0,False,False
Q9QZ23_210.0,0.0,0.0,0.0,,,0.0,0.0,True,False,0,0,False,False
Q9QZ73_29.0,0.0,0.0,0.0,,,0.0,0.0,True,False,0,0,False,False
Q9QZ88_36.0,0.0,0.0,0.0,,,0.0,0.0,True,False,0,0,False,False
Q9QZB0_117.0,0.0,0.0,0.0,,,0.0,0.0,True,False,0,0,False,False
Q9QZB7_183.0,0.0,0.0,0.0,,,0.0,0.0,True,False,0,0,False,False
Q9QZB7_215.0,0.0,0.0,0.0,,,0.0,0.0,True,False,0,0,False,False
Q9QZB7_97.0,0.0,0.0,0.0,,,0.0,0.0,True,False,0,0,False,False
Q9QZB9_29.0,0.0,0.0,0.0,,,0.0,0.0,True,False,0,0,False,False
Q9QZB9_46.0,0.0,0.0,0.0,,,0.0,0.0,True,False,0,0,False,False
Q9QZC2_1067.0,0.0,0.0,0.0,,,0.0,0.0,True,False,0,0,False,False
Q9QZC2_1184.0,0.0,0.0,0.0,,,0.0,0.0,True,False,0,0,False,False
Q9QZC2_1223.0,0.0,0.0,0.0,,,0.0,0.0,True,False,0,0,False,False
Q9QZC2_1233.0,0.0,0.0,0.0,,,0.0,0.0,True,False,0,0,False,False
Q9QZC2_194.0,0.0,0.0,0.0,,,0.0,0.0,True,False,0,0,False,False
Q9QZC2_633.0,0.0,0.0,0.0,,,0.0,0.0,True,False,0,0,False,False
Q9QZC2_913.0,0.0,0.0,0.0,,,0.0,0.0,True,False,0,0,False,False
Q9QZC7_53.0,0.0,0.0,0.0,,,0.0,0.0,True,False,0,0,False,False
Q9QZD4_242.0,0.0,0.0,0.0,,,0.0,0.0,True,False,0,0,False,False
Q9QZD4_804.0,0.0,0.0,0.0,,,0.0,0.0,True,False,0,0,False,False
Q9QZD8_180.0,0.0,0.0,0.0,,,0.0,0.0,True,False,0,0,False,False
Q9QZD8_239.0,0.0,0.0,0.0,,,0.0,0.0,True,False,0,0,False,False
Q9QZD9_144.0,0.0,0.0,0.0,,,0.0,0.0,True,False,0,0,False,False
Q9QZD9_76.0,0.0,0.0,0.0,,,0.0,0.0,True,False,0,0,False,False
Q9QZD9_81.0,0.0,0.0,0.0,,,0.0,0.0,True,False,0,0,False,False
Q9QZE5_129.0,0.0,0.0,0.0,,,0.0,0.0,True,False,0,0,False,False
Q9QZE5_325.0,0.0,0.0,0.0,,,0.0,0.0,True,False,0,0,False,False
Q9QZE5_813.0,0.0,0.0,0.0,,,0.0,0.0,True,False,0,0,False,False
Q9QZE7_202.0,39.857714335123696,41.19535573323568,0.04762272023110171,0.9430524712109387,,1.337641398111984,1.337641398111984,False,True,partial,partial,False,False
Q9QZE7_257.0,0.0,0.0,0.0,,,0.0,0.0,True,False,0,0,False,False
Q9QZF2_190.0,48.66541862487793,33.53284231821696,-0.53732219095884,0.011835797956132871,,-15.132576306660972,15.132576306660972,False,True,partial,partial,False,False
Q9QZF2_245.0,0.0,0.0,0.0,,,0.0,0.0,True,False,0,0,False,False
Q9QZF2_278.0,0.0,0.0,0.0,,,0.0,0.0,True,False,0,0,False,False
Q9QZF2_342.0,0.0,0.0,0.0,,,0.0,0.0,True,False,0,0,False,False
Q9QZH6_160.0,0.0,0.0,0.0,,,0.0,0.0,True,False,0,0,False,False
Q9QZI8_81.0,0.0,0.0,0.0,,,0.0,0.0,True,False,0,0,False,False
Q9QZI9_72.0,0.0,0.0,0.0,,,0.0,0.0,True,False,0,0,False,False
Q9QZK2_255.0,0.0,0.0,0.0,,,0.0,0.0,True,False,0,0,False,False
Q9QZN4_111.0,0.0,0.0,0.0,,,0.0,0.0,True,False,0,0,False,False
Q9QZN4_145.0,0.0,0.0,0.0,,,0.0,0.0,True,False,0,0,False,False
Q9QZN4_60.0,0.0,0.0,0.0,,,0.0,0.0,True,False,0,0,False,False
Q9QZN4_84.0,0.0,0.0,0.0,,,0.0,0.0,True,False,0,0,False,False
Q9QZQ1_1700.0,12.314826965332031,15.011282761891684,0.28565090830413625,0.8135393919735089,,2.6964557965596523,2.6964557965596523,False,True,partial,partial,False,False
Q9QZQ1_324.0,0.0,0.0,0.0,,,0.0,0.0,True,False,0,0,False,False
Q9QZQ1_811.0,0.0,0.0,0.0,,,0.0,0.0,True,False,0,0,False,False
Q9QZQ1_841.0,0.0,0.0,0.0,,,0.0,0.0,True,False,0,0,False,False
Q9QZQ1_870.0,0.0,0.0,0.0,,,0.0,0.0,True,False,0,0,False,False
Q9QZQ8_273.0,0.0,0.0,0.0,,,0.0,0.0,True,False,0,0,False,False
Q9QZQ8_294.0,0.0,0.0,0.0,,,0.0,0.0,True,False,0,0,False,False
Q9QZR0_195.0,0.0,0.0,0.0,,,0.0,0.0,True,False,0,0,False,False
Q9QZS3_58.0,0.0,0.0,0.0,,,0.0,0.0,True,False,0,0,False,False
Q9QZS3_613.0,0.0,0.0,0.0,,,0.0,0.0,True,False,0,0,False,False
Q9QZS8_491.0,0.0,0.0,0.0,,,0.0,0.0,True,False,0,0,False,False
Q9QZX7_113.0,0.0,0.0,0.0,,,0.0,0.0,True,False,0,0,False,False
Q9QZX7_217.0,3.2910902897516885,3.030214269955953,-0.11914579479124,0.3638269611512829,,-0.2608760197957354,0.2608760197957354,False,True,partial,partial,False,False
Q9R013_304.0,11.715686957041422,8.227237701416016,-0.509961518426041,0.5433802366580438,,-3.4884492556254063,3.4884492556254063,False,True,partial,partial,False,False
Q9R013_311.0,0.0,0.0,0.0,,,0.0,0.0,True,False,0,0,False,False
Q9R020_15.0,0.0,0.0,0.0,,,0.0,0.0,True,False,0,0,False,False
Q9R020_71.0,0.0,0.0,0.0,,,0.0,0.0,True,False,0,0,False,False
Q9R020_74.0,0.0,0.0,0.0,,,0.0,0.0,True,False,0,0,False,False
Q9R022_174.0,0.0,0.0,0.0,,,0.0,0.0,True,False,0,0,False,False
Q9R049_375.0,0.0,0.0,0.0,,,0.0,0.0,True,False,0,0,False,False
Q9R061_58.0,0.0,0.0,0.0,,,0.0,0.0,True,False,0,0,False,False
Q9R069_165.0,63.25750223795573,47.573239962259926,-0.41108630826598236,0.38543289893549193,,-15.6842622756958,15.6842622756958,False,True,partial,partial,False,False
Q9R069_284.0,68.65312194824219,62.275525410970054,-0.14066003895755974,0.42649861941382583,,-6.377596537272133,6.377596537272133,False,True,partial,partial,False,False
Q9R069_47.0,0.0,0.0,0.0,,,0.0,0.0,True,False,0,0,False,False
Q9R069_516.0,15.77168337504069,15.410860061645508,-0.03338927379208645,0.9570342950824079,,-0.3608233133951817,0.3608233133951817,False,True,partial,partial,False,False
Q9R078_223.0,0.0,0.0,0.0,,,0.0,0.0,True,False,0,0,False,False
Q9R087_244.0,0.0,0.0,0.0,,,0.0,0.0,True,False,0,0,False,False
Q9R087_341.0,0.0,0.0,0.0,,,0.0,0.0,True,False,0,0,False,False
Q9R087_407.0,0.0,0.0,0.0,,,0.0,0.0,True,False,0,0,False,False
Q9R088_194.0,0.0,0.0,0.0,,,0.0,0.0,True,False,0,0,False,False
Q9R099_104.0,0.0,0.0,0.0,,,0.0,0.0,True,False,0,0,False,False
Q9R099_243.0,0.0,0.0,0.0,,,0.0,0.0,True,False,0,0,False,False
Q9R099_255.0,0.0,0.0,0.0,,,0.0,0.0,True,False,0,0,False,False
Q9R099_330.0,0.0,0.0,0.0,,,0.0,0.0,True,False,0,0,False,False
Q9R099_43.0,0.0,0.0,0.0,,,0.0,0.0,True,False,0,0,False,False
Q9R0A1_737.0,0.0,0.0,0.0,,,0.0,0.0,True,False,0,0,False,False
Q9R0D8_194.0,0.0,0.0,0.0,,,0.0,0.0,True,False,0,0,False,False
Q9R0E1_694.0,0.0,0.0,0.0,,,0.0,0.0,True,False,0,0,False,False
Q9R0H0_199.0,0.0,7.836733500162761,32.86760529102067,0.36321746764912255,,7.836733500162761,7.836733500162761,False,True,0,partial,False,False
Q9R0K7_26.0,12.594895044962565,8.025529702504477,-0.6501705783591019,0.4150763382692846,,-4.569365342458088,4.569365342458088,False,True,partial,partial,False,False
Q9R0K7_442.0,0.0,0.0,0.0,,,0.0,0.0,True,False,0,0,False,False
Q9R0K7_57.0,0.0,0.0,0.0,,,0.0,0.0,True,False,0,0,False,False
Q9R0K7_621.0,1.887296199798584,1.4238571325937908,-0.40651646678108,0.05785046647196618,,-0.4634390672047932,0.4634390672047932,False,True,partial,partial,False,False
Q9R0K7_628.0,0.0,0.0,0.0,,,0.0,0.0,True,False,0,0,False,False
Q9R0K7_700.0,0.0,0.0,0.0,,,0.0,0.0,True,False,0,0,False,False
Q9R0L6_587.0,0.0,0.0,0.0,,,0.0,0.0,True,False,0,0,False,False
Q9R0L6_607.0,0.0,0.0,0.0,,,0.0,0.0,True,False,0,0,False,False
Q9R0L7_129.0,0.0,0.0,0.0,,,0.0,0.0,True,False,0,0,False,False
Q9R0L7_212.0,0.0,0.0,0.0,,,0.0,0.0,True,False,0,0,False,False
Q9R0L7_485.0,0.0,0.0,0.0,,,0.0,0.0,True,False,0,0,False,False
Q9R0M0_137.0,0.0,0.0,0.0,,,0.0,0.0,True,False,0,0,False,False
Q9R0M0_1487.0,0.0,0.0,0.0,,,0.0,0.0,True,False,0,0,False,False
Q9R0M0_1609.0,0.0,0.0,0.0,,,0.0,0.0,True,False,0,0,False,False
Q9R0M0_1999.0,0.0,0.0,0.0,,,0.0,0.0,True,False,0,0,False,False
Q9R0M4_326.0,0.0,0.0,0.0,,,0.0,0.0,True,False,0,0,False,False
Q9R0M4_340.0,0.0,0.0,0.0,,,0.0,0.0,True,False,0,0,False,False
Q9R0M5_20.0,0.0,0.0,0.0,,,0.0,0.0,True,False,0,0,False,False
Q9R0M5_88.0,0.0,0.0,0.0,,,0.0,0.0,True,False,0,0,False,False
Q9R0M6_142.0,0.0,0.0,0.0,,,0.0,0.0,True,False,0,0,False,False
Q9R0M8_357.0,100.0,100.0,0.0,,,0.0,0.0,True,False,100,100,False,False
Q9R0N0_203.0,0.0,0.0,0.0,,,0.0,0.0,True,False,0,0,False,False
Q9R0N0_243.0,0.0,0.0,0.0,,,0.0,0.0,True,False,0,0,False,False
Q9R0N3_117.0,0.0,0.0,0.0,,,0.0,0.0,True,False,0,0,False,False
Q9R0N5_316.0,0.0,0.0,0.0,,,0.0,0.0,True,False,0,0,False,False
Q9R0N7_260.0,0.0,0.0,0.0,,,0.0,0.0,True,False,0,0,False,False
Q9R0N8_263.0,0.0,0.0,0.0,,,0.0,0.0,True,False,0,0,False,False
Q9R0N8_408.0,0.0,0.0,0.0,,,0.0,0.0,True,False,0,0,False,False
Q9R0N8_466.0,0.0,0.0,0.0,,,0.0,0.0,True,False,0,0,False,False
Q9R0P3_206.0,0.0,0.0,0.0,,,0.0,0.0,True,False,0,0,False,False
Q9R0P3_243.0,0.0,0.0,0.0,,,0.0,0.0,True,False,0,0,False,False
Q9R0P5_23.0,0.0,0.0,0.0,,,0.0,0.0,True,False,0,0,False,False
Q9R0P5_39.0,0.0,0.0,0.0,,,0.0,0.0,True,False,0,0,False,False
Q9R0P5_46.0,0.0,0.0,0.0,,,0.0,0.0,True,False,0,0,False,False
Q9R0P5_80.0,0.0,0.0,0.0,,,0.0,0.0,True,False,0,0,False,False
Q9R0P9_152.0,8.82203358411789,5.146014412244161,-0.7776557548629834,0.12097677259012131,,-3.6760191718737287,3.6760191718737287,False,True,partial,partial,False,False
Q9R0P9_220.0,0.0,0.0,0.0,,,0.0,0.0,True,False,0,0,False,False
Q9R0P9_90.0,0.0,0.535957932472229,28.997544529273288,0.36321746764912255,,0.535957932472229,0.535957932472229,False,True,0,partial,False,False
Q9R0Q6_162.0,0.0,0.0,0.0,,,0.0,0.0,True,False,0,0,False,False
Q9R0Q6_279.0,0.0,0.0,0.0,,,0.0,0.0,True,False,0,0,False,False
Q9R0Q6_344.0,0.0,0.0,0.0,,,0.0,0.0,True,False,0,0,False,False
Q9R0Q6_70.0,0.0,0.0,0.0,,,0.0,0.0,True,False,0,0,False,False
Q9R0Q7_40.0,3.3072278102238974,2.455442945162455,-0.42963912492353895,0.3475757160870552,,-0.8517848650614424,0.8517848650614424,False,True,partial,partial,False,False
Q9R0Q7_58.0,0.0,0.0,0.0,,,0.0,0.0,True,False,0,0,False,False
Q9R0Q7_75.0,0.0,0.0,0.0,,,0.0,0.0,True,False,0,0,False,False
Q9R0X4_299.0,0.0,0.0,0.0,,,0.0,0.0,True,False,0,0,False,False
Q9R111_140.0,8.235762596130371,3.5916452407836914,-1.1972573861150568,0.4887799199015538,,-4.64411735534668,4.64411735534668,False,True,partial,partial,False,False
Q9R111_170.0,14.35699494679769,13.262354532877604,-0.11441688406086896,0.4044733615124807,,-1.0946404139200858,1.0946404139200858,False,True,partial,partial,False,False
Q9R111_218.0,0.0,0.0,0.0,,,0.0,0.0,True,False,0,0,False,False
Q9R111_24.0,0.8256291548411051,0.0,-29.620918677346342,0.36321746764912255,,-0.8256291548411051,0.8256291548411051,False,True,partial,0,False,False
Q9R111_281.0,0.0,0.0,0.0,,,0.0,0.0,True,False,0,0,False,False
Q9R111_301.0,0.0,0.0,0.0,,,0.0,0.0,True,False,0,0,False,False
Q9R111_59.0,0.0,0.0,0.0,,,0.0,0.0,True,False,0,0,False,False
Q9R112_127.0,0.0,0.0,0.0,,,0.0,0.0,True,False,0,0,False,False
Q9R112_337.0,0.0,0.0,0.0,,,0.0,0.0,True,False,0,0,False,False
Q9R112_361.0,0.0,0.0,0.0,,,0.0,0.0,True,False,0,0,False,False
Q9R112_379.0,0.0,0.0,0.0,,,0.0,0.0,True,False,0,0,False,False
Q9R118_155.0,7.101124445597331,14.057480494181315,0.9852186498993042,0.3026384968721106,,6.9563560485839835,6.9563560485839835,False,True,partial,partial,False,False
Q9R118_37.0,0.0,0.0,0.0,,,0.0,0.0,True,False,0,0,False,False
Q9R144_264.0,0.0,0.0,0.0,,,0.0,0.0,True,False,0,0,False,False
Q9R190_209.0,0.0,0.0,0.0,,,0.0,0.0,True,False,0,0,False,False
Q9R194_478.0,0.0,0.0,0.0,,,0.0,0.0,True,False,0,0,False,False
Q9R1C0_72.0,0.0,0.0,0.0,,,0.0,0.0,True,False,0,0,False,False
Q9R1C6_142.0,0.0,0.0,0.0,,,0.0,0.0,True,False,0,0,False,False
Q9R1C6_164.0,0.0,0.0,0.0,,,0.0,0.0,True,False,0,0,False,False
Q9R1C6_96.0,0.0,0.0,0.0,,,0.0,0.0,True,False,0,0,False,False
Q9R1E0_454.0,0.0,0.0,0.0,,,0.0,0.0,True,False,0,0,False,False
Q9R1E6_651.0,0.0,0.0,0.0,,,0.0,0.0,True,False,0,0,False,False
Q9R1E6_666.0,0.0,0.0,0.0,,,0.0,0.0,True,False,0,0,False,False
Q9R1J0_121.0,0.0,0.0,0.0,,,0.0,0.0,True,False,0,0,False,False
Q9R1J0_29.0,0.0,0.0,0.0,,,0.0,0.0,True,False,0,0,False,False
Q9R1J0_75.0,0.0,0.0,0.0,,,0.0,0.0,True,False,0,0,False,False
Q9R1J0_93.0,0.0,0.0,0.0,,,0.0,0.0,True,False,0,0,False,False
Q9R1L5_1370.0,0.0,0.0,0.0,,,0.0,0.0,True,False,0,0,False,False
Q9R1L5_709.0,0.0,0.0,0.0,,,0.0,0.0,True,False,0,0,False,False
Q9R1P0_163.0,0.41448696454366046,0.3665813207626343,-0.1771934548872004,0.9327426966988173,,-0.047905643781026186,0.047905643781026186,False,True,partial,partial,False,False
Q9R1P0_74.0,0.0,0.0,0.0,,,0.0,0.0,True,False,0,0,False,False
Q9R1P1_19.0,0.0,0.0,0.0,,,0.0,0.0,True,False,0,0,False,False
Q9R1P3_91.0,0.0,0.0,0.0,,,0.0,0.0,True,False,0,0,False,False
Q9R1P4_182.0,0.0,0.0,0.0,,,0.0,0.0,True,False,0,0,False,False
Q9R1P4_85.0,0.0,0.0,0.0,,,0.0,0.0,True,False,0,0,False,False
Q9R1P4_92.0,0.0,0.0,0.0,,,0.0,0.0,True,False,0,0,False,False
Q9R1Q8_143.0,0.0,0.0,0.0,,,0.0,0.0,True,False,0,0,False,False
Q9R1Q8_38.0,0.0,0.0,0.0,,,0.0,0.0,True,False,0,0,False,False
Q9R1Q8_63.0,0.0,0.0,0.0,,,0.0,0.0,True,False,0,0,False,False
Q9R1R2_115.0,0.0,0.0,0.0,,,0.0,0.0,True,False,0,0,False,False
Q9R1R2_22.0,0.0,0.0,0.0,,,0.0,0.0,True,False,0,0,False,False
Q9R1R2_227.0,0.0,0.0,0.0,,,0.0,0.0,True,False,0,0,False,False
Q9R1R2_252.0,0.0,0.0,0.0,,,0.0,0.0,True,False,0,0,False,False
Q9R1R2_363.0,0.0,0.0,0.0,,,0.0,0.0,True,False,0,0,False,False
Q9R1R2_509.0,26.81512451171875,23.402825673421223,-0.19636421996514594,0.8390842339379139,,-3.4122988382975272,3.4122988382975272,False,True,partial,partial,False,False
Q9R1S8_242.0,0.0,0.0,0.0,,,0.0,0.0,True,False,0,0,False,False
Q9R1S8_329.0,0.0,0.0,0.0,,,0.0,0.0,True,False,0,0,False,False
Q9R1S8_361.0,0.0,0.0,0.0,,,0.0,0.0,True,False,0,0,False,False
Q9R1S8_548.0,0.0,0.0,0.0,,,0.0,0.0,True,False,0,0,False,False
Q9R1T2_134.0,0.0,0.0,0.0,,,0.0,0.0,True,False,0,0,False,False
Q9R1T2_218.0,0.0,0.0,0.0,,,0.0,0.0,True,False,0,0,False,False
Q9R1T2_346.0,7.761641184488933,11.551716486612955,0.5736735947505222,0.6792290524669256,,3.7900753021240225,3.7900753021240225,False,True,partial,partial,False,False
Q9R1T4_14.0,0.0,0.0,0.0,,,0.0,0.0,True,False,0,0,False,False
Q9R1T4_269.0,0.0,0.0,0.0,,,0.0,0.0,True,False,0,0,False,False
Q9R1T4_388.0,0.0,0.0,0.0,,,0.0,0.0,True,False,0,0,False,False
Q9R1V4_396.0,0.0,0.0,0.0,,,0.0,0.0,True,False,0,0,False,False
Q9R1V4_539.0,17.794004281361897,13.630547364552816,-0.3845477067179677,0.08148875163474466,,-4.16345691680908,4.16345691680908,False,True,partial,partial,False,False
Q9R1V4_558.0,29.106971104939777,0.0,-34.76064566817652,0.046337161045992024,,-29.106971104939777,29.106971104939777,False,True,partial,0,False,False
Q9R1V4_595.0,0.0,0.0,0.0,,,0.0,0.0,True,False,0,0,False,False
Q9R1V4_690.0,0.0,0.0,0.0,,,0.0,0.0,True,False,0,0,False,False
Q9R1V6_347.0,6.271395047505696,4.072823246320088,-0.6227571953577367,0.01677660639066936,,-2.198571801185608,2.198571801185608,False,True,partial,partial,False,False
Q9R1V6_390.0,0.0,0.0,0.0,,,0.0,0.0,True,False,0,0,False,False
Q9R1V6_501.0,0.0,0.0,0.0,,,0.0,0.0,True,False,0,0,False,False
Q9R1V6_508.0,15.893662293752035,11.852458953857422,-0.4232651987706284,0.06547597234475173,,-4.041203339894613,4.041203339894613,False,True,partial,partial,False,False
Q9R1V6_591.0,6.472507079442342,2.3825278679529824,-1.441831548572134,0.011538128082485706,,-4.089979211489359,4.089979211489359,False,True,partial,partial,False,False
Q9R1V6_686.0,0.0,0.0,0.0,,,0.0,0.0,True,False,0,0,False,False
Q9R1V6_709.0,31.620549201965332,25.945872624715168,-0.2853573672313983,0.7414828602698473,,-5.674676577250164,5.674676577250164,False,True,partial,partial,False,False
Q9R1V6_823.0,0.0,0.0,0.0,,,0.0,0.0,True,False,0,0,False,False
Q9R1V7_405.0,8.136267503102621,2.1012604236602783,-1.9531121359846442,0.010508580126359723,,-6.035007079442343,6.035007079442343,False,True,partial,partial,False,False
Q9R1V7_472.0,0.0,0.0,0.0,,,0.0,0.0,True,False,0,0,False,False
Q9R1V7_488.0,8.803897937138876,2.2227729956309,-1.98578180152649,0.004564125602844697,,-6.5811249415079764,6.5811249415079764,False,True,partial,partial,False,False
Q9R1V7_589.0,17.492472648620605,12.988315264383951,-0.4295199272274291,0.09086455920668444,,-4.504157384236654,4.504157384236654,False,True,partial,partial,False,False
Q9R1V7_608.0,5.632324854532878,4.457050800323486,-0.33764114184292554,0.705094293186209,,-1.1752740542093916,1.1752740542093916,False,True,partial,partial,False,False
Q9WTI7_161.0,0.0,0.0,0.0,,,0.0,0.0,True,False,0,0,False,False
Q9WTI7_480.0,0.0,0.0,0.0,,,0.0,0.0,True,False,0,0,False,False
Q9WTI7_498.0,0.0,0.0,0.0,,,0.0,0.0,True,False,0,0,False,False
Q9WTI7_679.0,15.219710032145182,0.0,-33.82522182166196,0.1757595583907363,,-15.219710032145182,15.219710032145182,False,True,partial,0,False,False
Q9WTK7_151.0,0.0,0.0,0.0,,,0.0,0.0,True,False,0,0,False,False
Q9WTK7_210.0,0.0,0.0,0.0,,,0.0,0.0,True,False,0,0,False,False
Q9WTK7_394.0,0.0,0.0,0.0,,,0.0,0.0,True,False,0,0,False,False
Q9WTK7_73.0,0.0,0.0,0.0,,,0.0,0.0,True,False,0,0,False,False
Q9WTL7_171.0,0.3518842061360677,0.38089672724405926,0.11429912960649088,0.9564919170998973,,0.029012521107991573,0.029012521107991573,False,True,partial,partial,False,False
Q9WTL7_213.0,0.0,0.0,0.0,,,0.0,0.0,True,False,0,0,False,False
Q9WTL7_56.0,0.0,0.0,0.0,,,0.0,0.0,True,False,0,0,False,False
Q9WTM5_227.0,0.0,0.0,0.0,,,0.0,0.0,True,False,0,0,False,False
Q9WTM5_375.0,0.0,0.0,0.0,,,0.0,0.0,True,False,0,0,False,False
Q9WTN0_138.0,0.0,0.0,0.0,,,0.0,0.0,True,False,0,0,False,False
Q9WTN0_205.0,0.0,0.0,0.0,,,0.0,0.0,True,False,0,0,False,False
Q9WTN0_278.0,0.0,0.0,0.0,,,0.0,0.0,True,False,0,0,False,False
Q9WTP6_40.0,0.0,0.0,0.0,,,0.0,0.0,True,False,0,0,False,False
Q9WTP6_92.0,0.0,0.0,0.0,,,0.0,0.0,True,False,0,0,False,False
Q9WTP7_85.0,4.069975694020589,1.313145399093628,-1.6319935093097733,0.1171829807422106,,-2.756830294926961,2.756830294926961,False,True,partial,partial,False,False
Q9WTQ5_1113.0,0.0,0.0,0.0,,,0.0,0.0,True,False,0,0,False,False
Q9WTQ5_1366.0,0.0,0.0,0.0,,,0.0,0.0,True,False,0,0,False,False
Q9WTQ5_1403.0,0.0,9.765803019205729,33.18509153257209,0.36321746764912255,,9.765803019205729,9.765803019205729,False,True,0,partial,False,False
Q9WTQ5_454.0,0.0,0.0,0.0,,,0.0,0.0,True,False,0,0,False,False
Q9WTR1_277.0,0.0,0.0,0.0,,,0.0,0.0,True,False,0,0,False,False
Q9WTR1_329.0,0.0,0.0,0.0,,,0.0,0.0,True,False,0,0,False,False
Q9WTS5_2261.0,0.0,0.0,0.0,,,0.0,0.0,True,False,0,0,False,False
Q9WTS5_32.0,0.0,0.0,0.0,,,0.0,0.0,True,False,0,0,False,False
Q9WTS5_87.0,0.0,0.0,0.0,,,0.0,0.0,True,False,0,0,False,False
Q9WTS6_2537.0,0.0,0.0,0.0,,,0.0,0.0,True,False,0,0,False,False
Q9WTT4_104.0,0.0,0.0,0.0,,,0.0,0.0,True,False,0,0,False,False
Q9WTU3_1804.0,0.0,0.0,0.0,,,0.0,0.0,True,False,0,0,False,False
Q9WTU3_623.0,0.0,0.0,0.0,,,0.0,0.0,True,False,0,0,False,False
Q9WTU3_645.0,41.55344772338867,52.312936782836914,0.33219957983337906,0.5319659890239232,,10.759489059448242,10.759489059448242,False,True,partial,partial,False,False
Q9WTX2_77.0,0.0,0.0,0.0,,,0.0,0.0,True,False,0,0,False,False
Q9WTX5_120.0,0.0,0.0,0.0,,,0.0,0.0,True,False,0,0,False,False
Q9WTX5_160.0,0.0,0.0,0.0,,,0.0,0.0,True,False,0,0,False,False
Q9WTX5_62.0,1.8863622347513835,1.307929515838623,-0.5283219441430865,0.8067665981073247,,-0.5784327189127605,0.5784327189127605,False,True,partial,partial,False,False
Q9WTX6_170.0,0.0,0.0,0.0,,,0.0,0.0,True,False,0,0,False,False
Q9WTX6_426.0,0.0,0.0,0.0,,,0.0,0.0,True,False,0,0,False,False
Q9WTX6_594.0,0.0,0.0,0.0,,,0.0,0.0,True,False,0,0,False,False
Q9WTX8_233.0,0.0,0.0,0.0,,,0.0,0.0,True,False,0,0,False,False
Q9WTZ1_99.0,0.0,0.0,0.0,,,0.0,0.0,True,False,0,0,False,False
Q9WU28_49.0,0.0,0.0,0.0,,,0.0,0.0,True,False,0,0,False,False
Q9WU40_256.0,0.0,0.0,0.0,,,0.0,0.0,True,False,0,0,False,False
Q9WU40_458.0,0.0,0.0,0.0,,,0.0,0.0,True,False,0,0,False,False
Q9WU40_557.0,32.124500592549644,22.062195142110188,-0.5420976831253922,0.15854811887107115,,-10.062305450439457,10.062305450439457,False,True,partial,partial,False,False
Q9WU40_694.0,0.0,0.0,0.0,,,0.0,0.0,True,False,0,0,False,False
Q9WU40_764.0,0.0,0.0,0.0,,,0.0,0.0,True,False,0,0,False,False
Q9WU40_824.0,0.0,0.0,0.0,,,0.0,0.0,True,False,0,0,False,False
Q9WU60_1360.0,0.0,0.0,0.0,,,0.0,0.0,True,False,0,0,False,False
Q9WU60_656.0,0.0,0.0,0.0,,,0.0,0.0,True,False,0,0,False,False
Q9WU78_40.0,0.0,0.0,0.0,,,0.0,0.0,True,False,0,0,False,False
Q9WU78_524.0,0.0,0.0,0.0,,,0.0,0.0,True,False,0,0,False,False
Q9WU78_76.0,0.0,0.0,0.0,,,0.0,0.0,True,False,0,0,False,False
Q9WU79_162.0,0.0,0.0,0.0,,,0.0,0.0,True,False,0,0,False,False
Q9WU79_435.0,0.0,0.0,0.0,,,0.0,0.0,True,False,0,0,False,False
Q9WU79_79.0,20.982842763264973,11.216510772705078,-0.9035861951609727,0.5371576257604797,,-9.766331990559895,9.766331990559895,False,True,partial,partial,False,False
Q9WU84_141.0,0.0,0.0,0.0,,,0.0,0.0,True,False,0,0,False,False
Q9WU84_227.0,0.0,0.0,0.0,,,0.0,0.0,True,False,0,0,False,False
Q9WU84_244.0,0.0,0.0,0.0,,,0.0,0.0,True,False,0,0,False,False
Q9WUA2_195.0,0.0,0.0,0.0,,,0.0,0.0,True,False,0,0,False,False
Q9WUA2_255.0,0.0,0.0,0.0,,,0.0,0.0,True,False,0,0,False,False
Q9WUA2_498.0,0.0,0.0,0.0,,,0.0,0.0,True,False,0,0,False,False
Q9WUA2_76.0,0.0,0.0,0.0,,,0.0,0.0,True,False,0,0,False,False
Q9WUA3_111.0,0.0,0.0,0.0,,,0.0,0.0,True,False,0,0,False,False
Q9WUA3_122.0,0.0,0.0,0.0,,,0.0,0.0,True,False,0,0,False,False
Q9WUA3_359.0,2.0013274550437927,0.6791917681694031,-1.5590663587736993,0.005722309987971859,,-1.3221356868743896,1.3221356868743896,False,True,partial,partial,False,False
Q9WUA3_410.0,0.0,0.0,0.0,,,0.0,0.0,True,False,0,0,False,False
Q9WUA3_640.0,0.0,0.0,0.0,,,0.0,0.0,True,False,0,0,False,False
Q9WUA3_717.0,0.0,0.0,0.0,,,0.0,0.0,True,False,0,0,False,False
Q9WUA6_119.0,0.0,0.0,0.0,,,0.0,0.0,True,False,0,0,False,False
Q9WUA6_307.0,0.0,0.0,0.0,,,0.0,0.0,True,False,0,0,False,False
Q9WUB0_491.0,0.0,0.0,0.0,,,0.0,0.0,True,False,0,0,False,False
Q9WUB3_172.0,0.0,0.0,0.0,,,0.0,0.0,True,False,0,0,False,False
Q9WUB3_373.0,39.05613136291504,13.367756227652231,-1.5467917225990198,0.022889863580667365,,-25.68837513526281,25.68837513526281,False,True,partial,partial,False,False
Q9WUB3_446.0,0.0,0.0,0.0,,,0.0,0.0,True,False,0,0,False,False
Q9WUB3_496.0,0.0,0.0,0.0,,,0.0,0.0,True,False,0,0,False,False
Q9WUB3_581.0,0.0,0.0,0.0,,,0.0,0.0,True,False,0,0,False,False
Q9WUB4_18.0,0.0,0.0,0.0,,,0.0,0.0,True,False,0,0,False,False
Q9WUC3_103.0,100.0,100.0,0.0,,,0.0,0.0,True,False,100,100,False,False
Q9WUC3_104.0,0.0,0.0,0.0,,,0.0,0.0,True,False,0,0,False,False
Q9WUC3_44.0,2.6268088022867837,3.1464502016703286,0.2604139149623458,0.7873857879041265,,0.5196413993835449,0.5196413993835449,False,True,partial,partial,False,False
Q9WUC3_51.0,13.168243090311686,18.60098361968994,0.4983160392408023,0.43714895989658087,,5.432740529378256,5.432740529378256,False,True,partial,partial,False,False
Q9WUC3_72.0,0.0,0.0,0.0,,,0.0,0.0,True,False,0,0,False,False
Q9WUC3_76.0,0.0,0.0,0.0,,,0.0,0.0,True,False,0,0,False,False
Q9WUD1_104.0,0.0,0.0,0.0,,,0.0,0.0,True,False,0,0,False,False
Q9WUD1_181.0,0.0,0.0,0.0,,,0.0,0.0,True,False,0,0,False,False
Q9WUD1_200.0,0.0,0.0,0.0,,,0.0,0.0,True,False,0,0,False,False
Q9WUD1_233.0,0.0,0.0,0.0,,,0.0,0.0,True,False,0,0,False,False
Q9WUD1_245.0,0.0,0.0,0.0,,,0.0,0.0,True,False,0,0,False,False
Q9WUD1_49.0,0.0,0.0,0.0,,,0.0,0.0,True,False,0,0,False,False
Q9WUD1_84.0,0.0,0.0,0.0,,,0.0,0.0,True,False,0,0,False,False
Q9WUE4_145.0,0.0,0.0,0.0,,,0.0,0.0,True,False,0,0,False,False
Q9WUH7_582.0,0.0,0.0,0.0,,,0.0,0.0,True,False,0,0,False,False
Q9WUK2_85.0,0.0,0.0,0.0,,,0.0,0.0,True,False,0,0,False,False
Q9WUL7_118.0,0.0,0.0,0.0,,,0.0,0.0,True,False,0,0,False,False
Q9WUL7_158.0,0.0,0.0,0.0,,,0.0,0.0,True,False,0,0,False,False
Q9WUM3_25.0,0.0,0.0,0.0,,,0.0,0.0,True,False,0,0,False,False
Q9WUM3_345.0,0.0,0.0,0.0,,,0.0,0.0,True,False,0,0,False,False
Q9WUM3_41.0,0.0,0.0,0.0,,,0.0,0.0,True,False,0,0,False,False
Q9WUM4_190.0,0.0,0.0,0.0,,,0.0,0.0,True,False,0,0,False,False
Q9WUM4_23.0,0.0,0.0,0.0,,,0.0,0.0,True,False,0,0,False,False
Q9WUM4_343.0,0.0,0.0,0.0,,,0.0,0.0,True,False,0,0,False,False
Q9WUM4_39.0,0.0,0.0,0.0,,,0.0,0.0,True,False,0,0,False,False
Q9WUM4_424.0,0.0,0.0,0.0,,,0.0,0.0,True,False,0,0,False,False
Q9WUM4_456.0,0.0,0.0,0.0,,,0.0,0.0,True,False,0,0,False,False
Q9WUM5_172.0,0.0,0.0,0.0,,,0.0,0.0,True,False,0,0,False,False
Q9WUM5_181.0,0.0,0.0,0.0,,,0.0,0.0,True,False,0,0,False,False
Q9WUM5_60.0,0.0,0.0,0.0,,,0.0,0.0,True,False,0,0,False,False
Q9WUN2_605.0,0.0,0.0,0.0,,,0.0,0.0,True,False,0,0,False,False
Q9WUP7_191.0,0.0,0.0,0.0,,,0.0,0.0,True,False,0,0,False,False
Q9WUQ2_161.0,0.0,2.8977530797322593,31.432287521213784,0.36321746764912255,,2.8977530797322593,2.8977530797322593,False,True,0,partial,False,False
Q9WUQ2_280.0,0.0,0.0,0.0,,,0.0,0.0,True,False,0,0,False,False
Q9WUQ2_90.0,0.0,0.0,0.0,,,0.0,0.0,True,False,0,0,False,False
Q9WUR2_279.0,0.0,0.0,0.0,,,0.0,0.0,True,False,0,0,False,False
Q9WUR2_365.0,0.0,0.0,0.0,,,0.0,0.0,True,False,0,0,False,False
Q9WUR2_75.0,0.0,0.0,0.0,,,0.0,0.0,True,False,0,0,False,False
Q9WUT3_429.0,0.0,0.0,0.0,,,0.0,0.0,True,False,0,0,False,False
Q9WUU7_156.0,30.24455777804057,40.75697843233744,0.430371533101523,0.6298327990110681,,10.512420654296871,10.512420654296871,False,True,partial,partial,False,False
Q9WUU8_274.0,0.0,0.0,0.0,,,0.0,0.0,True,False,0,0,False,False
Q9WV18_130.0,0.0,0.0,0.0,,,0.0,0.0,True,False,0,0,False,False
Q9WV18_245.0,0.0,0.0,0.0,,,0.0,0.0,True,False,0,0,False,False
Q9WV18_375.0,0.0,0.0,0.0,,,0.0,0.0,True,False,0,0,False,False
Q9WV18_760.0,0.0,0.0,0.0,,,0.0,0.0,True,False,0,0,False,False
Q9WV18_950.0,0.0,0.0,0.0,,,0.0,0.0,True,False,0,0,False,False
Q9WV30_108.0,0.0,0.0,0.0,,,0.0,0.0,True,False,0,0,False,False
Q9WV30_217.0,0.0,0.0,0.0,,,0.0,0.0,True,False,0,0,False,False
Q9WV30_579.0,0.0,0.0,0.0,,,0.0,0.0,True,False,0,0,False,False
Q9WV31_34.0,0.0,0.0,0.0,,,0.0,0.0,True,False,0,0,False,False
Q9WV32_26.0,0.0,0.0,0.0,,,0.0,0.0,True,False,0,0,False,False
Q9WV34_232.0,0.0,0.0,0.0,,,0.0,0.0,True,False,0,0,False,False
Q9WV34_246.0,0.0,0.0,0.0,,,0.0,0.0,True,False,0,0,False,False
Q9WV34_310.0,2.73822029431661,2.3379176457722983,-0.2280144071923223,0.6013861901218804,,-0.4003026485443115,0.4003026485443115,False,True,partial,partial,False,False
Q9WV34_444.0,4.205178737640381,5.575294494628906,0.406880889731389,0.4005863569191116,,1.3701157569885254,1.3701157569885254,False,True,partial,partial,False,False
Q9WV54_291.0,0.0,0.0,0.0,,,0.0,0.0,True,False,0,0,False,False
Q9WV55_128.0,0.0,0.0,0.0,,,0.0,0.0,True,False,0,0,False,False
Q9WV55_179.0,0.0,0.0,0.0,,,0.0,0.0,True,False,0,0,False,False
Q9WV60_107.0,0.0,0.0,0.0,,,0.0,0.0,True,False,0,0,False,False
Q9WV60_14.0,0.0,0.0,0.0,,,0.0,0.0,True,False,0,0,False,False
Q9WV60_199.0,0.0,0.0,0.0,,,0.0,0.0,True,False,0,0,False,False
Q9WV60_218.0,0.0,0.0,0.0,,,0.0,0.0,True,False,0,0,False,False
Q9WV60_317.0,0.0,0.0,0.0,,,0.0,0.0,True,False,0,0,False,False
Q9WV60_335.0,0.0,0.0,0.0,,,0.0,0.0,True,False,0,0,False,False
Q9WV60_76.0,0.0,0.0,0.0,,,0.0,0.0,True,False,0,0,False,False
Q9WV69_194.0,0.0,0.43481091658274335,28.69581292426803,0.36321746764912255,,0.43481091658274335,0.43481091658274335,False,True,0,partial,False,False
Q9WV69_336.0,0.0,0.0,0.0,,,0.0,0.0,True,False,0,0,False,False
Q9WV70_195.0,0.0,0.0,0.0,,,0.0,0.0,True,False,0,0,False,False
Q9WV80_318.0,0.0,0.0,0.0,,,0.0,0.0,True,False,0,0,False,False
Q9WV85_126.0,0.0,0.0,0.0,,,0.0,0.0,True,False,0,0,False,False
Q9WV89_164.0,0.0,0.0,0.0,,,0.0,0.0,True,False,0,0,False,False
Q9WV91_169.0,0.0,0.0,0.0,,,0.0,0.0,True,False,0,0,False,False
Q9WV91_429.0,34.985047022501625,0.0,-35.02601937965812,0.07870688058916117,,-34.985047022501625,34.985047022501625,False,True,partial,0,False,False
Q9WV92_132.0,0.0,0.0,0.0,,,0.0,0.0,True,False,0,0,False,False
Q9WV92_148.0,0.0,0.0,0.0,,,0.0,0.0,True,False,0,0,False,False
Q9WV92_388.0,0.0,0.0,0.0,,,0.0,0.0,True,False,0,0,False,False
Q9WV95_61.0,0.0,0.0,0.0,,,0.0,0.0,True,False,0,0,False,False
Q9WV96_25.0,2.858407656351725,0.0,-31.412564537844556,0.36321746764912255,,-2.858407656351725,2.858407656351725,False,True,partial,0,False,False
Q9WV96_45.0,0.0,0.0,0.0,,,0.0,0.0,True,False,0,0,False,False
Q9WV98_28.0,0.0,0.0,0.0,,,0.0,0.0,True,False,0,0,False,False
Q9WV98_32.0,0.0,0.0,0.0,,,0.0,0.0,True,False,0,0,False,False
Q9WV98_48.0,0.0,0.0,0.0,,,0.0,0.0,True,False,0,0,False,False
Q9WVA2_43.0,0.0,0.0,0.0,,,0.0,0.0,True,False,0,0,False,False
Q9WVA2_62.0,0.0,0.0,0.0,,,0.0,0.0,True,False,0,0,False,False
Q9WVA3_129.0,0.0,0.0,0.0,,,0.0,0.0,True,False,0,0,False,False
Q9WVA4_124.0,0.0,0.0,0.0,,,0.0,0.0,True,False,0,0,False,False
Q9WVA4_63.0,0.0,0.0,0.0,,,0.0,0.0,True,False,0,0,False,False
Q9WVD4_781.0,0.0,0.0,0.0,,,0.0,0.0,True,False,0,0,False,False
Q9WVE8_38.0,0.0,0.0,0.0,,,0.0,0.0,True,False,0,0,False,False
Q9WVE8_465.0,0.0,0.0,0.0,,,0.0,0.0,True,False,0,0,False,False
Q9WVI9_583.0,0.0,0.0,0.0,,,0.0,0.0,True,False,0,0,False,False
Q9WVJ2_114.0,0.0,0.0,0.0,,,0.0,0.0,True,False,0,0,False,False
Q9WVJ2_182.0,0.0,0.0,0.0,,,0.0,0.0,True,False,0,0,False,False
Q9WVJ2_253.0,0.0,0.0,0.0,,,0.0,0.0,True,False,0,0,False,False
Q9WVJ2_357.0,0.0,0.0,0.0,,,0.0,0.0,True,False,0,0,False,False
Q9WVK8_129.0,0.0,0.0,0.0,,,0.0,0.0,True,False,0,0,False,False
Q9WVK8_437.0,0.0,0.0,0.0,,,0.0,0.0,True,False,0,0,False,False
Q9WVK8_500.0,0.0,0.0,0.0,,,0.0,0.0,True,False,0,0,False,False
Q9WVK8_56.0,0.0,0.0,0.0,,,0.0,0.0,True,False,0,0,False,False
Q9WVL0_154.0,0.0,0.0,0.0,,,0.0,0.0,True,False,0,0,False,False
Q9WVM3_295.0,0.0,0.0,0.0,,,0.0,0.0,True,False,0,0,False,False
Q9WVM3_97.0,16.19420878092448,11.800900141398111,-0.4565810736718442,0.7400525820732768,,-4.393308639526369,4.393308639526369,False,True,partial,partial,False,False
Q9WVQ1_668.0,0.0,0.0,0.0,,,0.0,0.0,True,False,0,0,False,False
Q9WVQ5_187.0,0.0,0.0,0.0,,,0.0,0.0,True,False,0,0,False,False
Q9WVQ5_31.0,0.0,0.0,0.0,,,0.0,0.0,True,False,0,0,False,False
Q9WVQ5_75.0,50.0,0.0,-35.54120904378984,0.0755868184216124,,-50.0,50.0,False,True,partial,0,False,False
Q9WVR4_151.0,0.0,0.0,0.0,,,0.0,0.0,True,False,0,0,False,False
Q9WVR4_270.0,0.0,0.0,0.0,,,0.0,0.0,True,False,0,0,False,False
Q9WVR4_282.0,0.0,0.0,0.0,,,0.0,0.0,True,False,0,0,False,False
Q9WVS7_300.0,0.0,0.0,0.0,,,0.0,0.0,True,False,0,0,False,False
Q9Z0E0_113.0,0.0,0.0,0.0,,,0.0,0.0,True,False,0,0,False,False
Q9Z0E0_158.0,0.0,0.0,0.0,,,0.0,0.0,True,False,0,0,False,False
Q9Z0E0_292.0,0.0,0.0,0.0,,,0.0,0.0,True,False,0,0,False,False
Q9Z0E0_351.0,0.0,0.0,0.0,,,0.0,0.0,True,False,0,0,False,False
Q9Z0E0_415.0,0.0,1.8095448017120361,30.752979681978722,0.1762665786190917,,1.8095448017120361,1.8095448017120361,False,True,0,partial,False,False
Q9Z0E0_469.0,0.0,1.8580784797668457,30.79116429296299,0.36321746764912255,,1.8580784797668457,1.8580784797668457,False,True,0,partial,False,False
Q9Z0E0_491.0,0.10960344473520915,0.0,-26.707717913847663,0.36321746764912255,,-0.10960344473520915,0.10960344473520915,False,True,partial,0,False,False
Q9Z0E0_725.0,0.0,0.0,0.0,,,0.0,0.0,True,False,0,0,False,False
Q9Z0E0_98.0,0.0,0.0,0.0,,,0.0,0.0,True,False,0,0,False,False
Q9Z0F5_274.0,0.0,0.0,0.0,,,0.0,0.0,True,False,0,0,False,False
Q9Z0G0_100.0,0.0,0.0,0.0,,,0.0,0.0,True,False,0,0,False,False
Q9Z0H3_147.0,0.0,0.0,0.0,,,0.0,0.0,True,False,0,0,False,False
Q9Z0H3_167.0,0.0,1.9828119277954102,30.884900697331293,0.36321746764912255,,1.9828119277954102,1.9828119277954102,False,True,0,partial,False,False
Q9Z0H4_161.0,0.0,0.0,0.0,,,0.0,0.0,True,False,0,0,False,False
Q9Z0H4_174.0,0.0,0.0,0.0,,,0.0,0.0,True,False,0,0,False,False
Q9Z0H4_201.0,0.0,0.0,0.0,,,0.0,0.0,True,False,0,0,False,False
Q9Z0H8_133.0,0.0,0.0,0.0,,,0.0,0.0,True,False,0,0,False,False
Q9Z0H8_391.0,0.0,0.0,0.0,,,0.0,0.0,True,False,0,0,False,False
Q9Z0H8_526.0,0.0,0.0,0.0,,,0.0,0.0,True,False,0,0,False,False
Q9Z0H8_726.0,0.0,0.0,0.0,,,0.0,0.0,True,False,0,0,False,False
Q9Z0H8_802.0,33.094626108805336,25.09984079996745,-0.39891875816932343,0.700176834359771,,-7.994785308837887,7.994785308837887,False,True,partial,partial,False,False
Q9Z0J0_42.0,0.0,0.0,0.0,,,0.0,0.0,True,False,0,0,False,False
Q9Z0J0_93.0,0.0,0.0,0.0,,,0.0,0.0,True,False,0,0,False,False
Q9Z0J4_1088.0,0.0,0.0,0.0,,,0.0,0.0,True,False,0,0,False,False
Q9Z0J4_1211.0,0.0,0.0,0.0,,,0.0,0.0,True,False,0,0,False,False
Q9Z0J4_1226.0,0.0,0.0,0.0,,,0.0,0.0,True,False,0,0,False,False
Q9Z0J4_1244.0,0.0,0.0,0.0,,,0.0,0.0,True,False,0,0,False,False
Q9Z0J4_774.0,0.0,0.0,0.0,,,0.0,0.0,True,False,0,0,False,False
Q9Z0J4_823.0,0.0,0.0,0.0,,,0.0,0.0,True,False,0,0,False,False
Q9Z0J4_921.0,12.827133814493815,17.14769999186198,0.4188162412884435,0.7572103020700895,,4.320566177368166,4.320566177368166,False,True,partial,partial,False,False
Q9Z0J4_939.0,0.0,0.0,0.0,,,0.0,0.0,True,False,0,0,False,False
Q9Z0L0_134.0,3.6336162090301514,2.3203641970952353,-0.6470547825790915,0.488938795248237,,-1.313252011934916,1.313252011934916,False,True,partial,partial,False,False
Q9Z0N1_269.0,0.0,0.0,0.0,,,0.0,0.0,True,False,0,0,False,False
Q9Z0N1_311.0,0.0,0.0,0.0,,,0.0,0.0,True,False,0,0,False,False
Q9Z0N1_348.0,0.0,0.0,0.0,,,0.0,0.0,True,False,0,0,False,False
Q9Z0N1_434.0,0.0,0.0,0.0,,,0.0,0.0,True,False,0,0,False,False
Q9Z0N1_96.0,0.0,0.0,0.0,,,0.0,0.0,True,False,0,0,False,False
Q9Z0N2_105.0,0.0,0.0,0.0,,,0.0,0.0,True,False,0,0,False,False
Q9Z0P5_141.0,0.0,0.0,0.0,,,0.0,0.0,True,False,0,0,False,False
Q9Z0R4_1284.0,0.0,0.0,0.0,,,0.0,0.0,True,False,0,0,False,False
Q9Z0R4_1410.0,0.0,0.0,0.0,,,0.0,0.0,True,False,0,0,False,False
Q9Z0R4_1604.0,0.0,0.0,0.0,,,0.0,0.0,True,False,0,0,False,False
Q9Z0R4_1614.0,0.0,0.0,0.0,,,0.0,0.0,True,False,0,0,False,False
Q9Z0R4_1653.0,0.0,0.0,0.0,,,0.0,0.0,True,False,0,0,False,False
Q9Z0R6_531.0,0.0,0.0,0.0,,,0.0,0.0,True,False,0,0,False,False
Q9Z0R6_771.0,0.0,0.0,0.0,,,0.0,0.0,True,False,0,0,False,False
Q9Z0S1_100.0,0.0,0.0,0.0,,,0.0,0.0,True,False,0,0,False,False
Q9Z0S1_206.0,3.7428998152414956,3.4020025730133057,-0.13777220050789646,0.41013585538840425,,-0.34089724222818996,0.34089724222818996,False,True,partial,partial,False,False
Q9Z0S1_243.0,0.0,0.0,0.0,,,0.0,0.0,True,False,0,0,False,False
Q9Z0S1_249.0,2.175605217615763,1.3652955094973247,-0.672203543374927,0.24212447592097197,,-0.8103097081184385,0.8103097081184385,False,True,partial,partial,False,False
Q9Z0S1_28.0,0.0,0.0,0.0,,,0.0,0.0,True,False,0,0,False,False
Q9Z0S1_59.0,0.0,0.0,0.0,,,0.0,0.0,True,False,0,0,False,False
Q9Z0S9_64.0,0.0,0.0,0.0,,,0.0,0.0,True,False,0,0,False,False
Q9Z0U0_188.0,0.0,0.0,0.0,,,0.0,0.0,True,False,0,0,False,False
Q9Z0U0_62.0,0.0,0.0,0.0,,,0.0,0.0,True,False,0,0,False,False
Q9Z0U1_581.0,0.0,0.0,0.0,,,0.0,0.0,True,False,0,0,False,False
Q9Z0U1_595.0,0.0,0.0,0.0,,,0.0,0.0,True,False,0,0,False,False
Q9Z0V1_25.0,41.59418741861979,11.059725443522135,-1.9110663616100871,0.10956209077490975,,-30.534461975097656,30.534461975097656,False,True,partial,partial,False,False
Q9Z0V1_605.0,0.0,0.0,0.0,,,0.0,0.0,True,False,0,0,False,False
Q9Z0W3_446.0,0.0,0.0,0.0,,,0.0,0.0,True,False,0,0,False,False
Q9Z0X1_255.0,0.0,0.0,0.0,,,0.0,0.0,True,False,0,0,False,False
Q9Z0X1_440.0,0.0,0.0,0.0,,,0.0,0.0,True,False,0,0,False,False
Q9Z0Y1_140.0,0.0,0.0,0.0,,,0.0,0.0,True,False,0,0,False,False
Q9Z0Y1_173.0,0.0,0.0,0.0,,,0.0,0.0,True,False,0,0,False,False
Q9Z0Z3_205.0,0.0,0.0,0.0,,,0.0,0.0,True,False,0,0,False,False
Q9Z0Z4_206.0,0.0,0.0,0.0,,,0.0,0.0,True,False,0,0,False,False
Q9Z0Z4_366.0,0.0,0.0,0.0,,,0.0,0.0,True,False,0,0,False,False
Q9Z0Z4_559.0,0.0,0.0,0.0,,,0.0,0.0,True,False,0,0,False,False
Q9Z103_31.0,0.0,0.0,0.0,,,0.0,0.0,True,False,0,0,False,False
Q9Z108_427.0,0.0,0.0,0.0,,,0.0,0.0,True,False,0,0,False,False
Q9Z108_451.0,0.0,0.0,0.0,,,0.0,0.0,True,False,0,0,False,False
Q9Z110_546.0,0.0,0.0,0.0,,,0.0,0.0,True,False,0,0,False,False
Q9Z110_88.0,0.0,0.0,0.0,,,0.0,0.0,True,False,0,0,False,False
Q9Z130_158.0,0.0,0.0,0.0,,,0.0,0.0,True,False,0,0,False,False
Q9Z140_28.0,0.0,0.0,0.0,,,0.0,0.0,True,False,0,0,False,False
Q9Z140_287.0,0.0,0.0,0.0,,,0.0,0.0,True,False,0,0,False,False
Q9Z140_328.0,0.0,0.0,0.0,,,0.0,0.0,True,False,0,0,False,False
Q9Z140_348.0,0.0,0.0,0.0,,,0.0,0.0,True,False,0,0,False,False
Q9Z140_400.0,0.0,0.0,0.0,,,0.0,0.0,True,False,0,0,False,False
Q9Z140_43.0,0.0,0.0,0.0,,,0.0,0.0,True,False,0,0,False,False
Q9Z140_66.0,0.0,0.0,0.0,,,0.0,0.0,True,False,0,0,False,False
Q9Z148_1168.0,0.0,0.0,0.0,,,0.0,0.0,True,False,0,0,False,False
Q9Z160_402.0,0.0,0.0,0.0,,,0.0,0.0,True,False,0,0,False,False
Q9Z1B3_1049.0,0.9350228110949198,0.3045574227968852,-1.618287291855288,0.2643331992768861,,-0.6304653882980347,0.6304653882980347,False,True,partial,partial,False,False
Q9Z1B3_1061.0,0.0,0.0,0.0,,,0.0,0.0,True,False,0,0,False,False
Q9Z1B3_192.0,0.0,0.0,0.0,,,0.0,0.0,True,False,0,0,False,False
Q9Z1B3_220.0,6.702833970387776,7.976370731989543,0.25096126732534874,0.4575413593232134,,1.2735367616017665,1.2735367616017665,False,True,partial,partial,False,False
Q9Z1B3_357.0,0.0,0.0,0.0,,,0.0,0.0,True,False,0,0,False,False
Q9Z1B3_359.0,0.0,0.0,0.0,,,0.0,0.0,True,False,0,0,False,False
Q9Z1B3_398.0,0.0,0.0,0.0,,,0.0,0.0,True,False,0,0,False,False
Q9Z1B3_744.0,3.7893648544947305,3.00485889116923,-0.33465881136111436,0.04853265768435247,,-0.7845059633255005,0.7845059633255005,False,True,partial,partial,False,False
Q9Z1B3_775.0,0.0,0.0,0.0,,,0.0,0.0,True,False,0,0,False,False
Q9Z1D1_139.0,0.0,0.9856568972269694,29.876510298837637,0.36321746764912255,,0.9856568972269694,0.9856568972269694,False,True,0,partial,False,False
Q9Z1E4_444.0,17.80916404724121,0.0,-34.051900747639856,0.09586066185264022,,-17.80916404724121,17.80916404724121,False,True,partial,0,False,False
Q9Z1E4_699.0,0.0,0.0,0.0,,,0.0,0.0,True,False,0,0,False,False
Q9Z1F9_129.0,0.0,0.0,0.0,,,0.0,0.0,True,False,0,0,False,False
Q9Z1F9_158.0,0.0,0.0,0.0,,,0.0,0.0,True,False,0,0,False,False
Q9Z1F9_185.0,0.0,0.0,0.0,,,0.0,0.0,True,False,0,0,False,False
Q9Z1F9_30.0,0.0,0.0,0.0,,,0.0,0.0,True,False,0,0,False,False
Q9Z1G3_15.0,2.5823615988095603,1.3927594224611919,-0.890744953393155,0.05290574430087991,,-1.1896021763483684,1.1896021763483684,False,True,partial,partial,False,False
Q9Z1G3_225.0,0.8210935592651367,0.0,-29.612971379689185,0.36321746764912255,,-0.8210935592651367,0.8210935592651367,False,True,partial,0,False,False
Q9Z1G3_376.0,0.0,0.0,0.0,,,0.0,0.0,True,False,0,0,False,False
Q9Z1G4_244.0,0.0,0.0,0.0,,,0.0,0.0,True,False,0,0,False,False
Q9Z1G4_254.0,3.2617465257644653,2.452091177304586,-0.41163204823656613,0.07880819338050912,,-0.8096553484598794,0.8096553484598794,False,True,partial,partial,False,False
Q9Z1G4_317.0,0.0,0.0,0.0,,,0.0,0.0,True,False,0,0,False,False
Q9Z1G4_58.0,0.0,0.0,0.0,,,0.0,0.0,True,False,0,0,False,False
Q9Z1J2_712.0,0.0,0.0,0.0,,,0.0,0.0,True,False,0,0,False,False
Q9Z1J3_224.0,0.0,0.0,0.0,,,0.0,0.0,True,False,0,0,False,False
Q9Z1J3_310.0,0.0,0.0,0.0,,,0.0,0.0,True,False,0,0,False,False
Q9Z1K5_159.0,0.0,0.0,0.0,,,0.0,0.0,True,False,0,0,False,False
Q9Z1K5_267.0,0.0,0.0,0.0,,,0.0,0.0,True,False,0,0,False,False
Q9Z1K5_274.0,0.0,0.0,0.0,,,0.0,0.0,True,False,0,0,False,False
Q9Z1K5_325.0,0.0,0.0,0.0,,,0.0,0.0,True,False,0,0,False,False
Q9Z1K5_355.0,0.0,0.0,0.0,,,0.0,0.0,True,False,0,0,False,False
Q9Z1K5_416.0,0.0,0.0,0.0,,,0.0,0.0,True,False,0,0,False,False
Q9Z1K5_464.0,0.0,0.0,0.0,,,0.0,0.0,True,False,0,0,False,False
Q9Z1K6_279.0,0.0,0.0,0.0,,,0.0,0.0,True,False,0,0,False,False
Q9Z1L5_241.0,0.0,0.0,0.0,,,0.0,0.0,True,False,0,0,False,False
Q9Z1L5_412.0,0.0,0.0,0.0,,,0.0,0.0,True,False,0,0,False,False
Q9Z1L5_686.0,0.0,0.0,0.0,,,0.0,0.0,True,False,0,0,False,False
Q9Z1L5_838.0,0.0,0.0,0.0,,,0.0,0.0,True,False,0,0,False,False
Q9Z1L5_907.0,28.492374738057453,23.679172197977703,-0.26695722360087676,0.5044830675439693,,-4.81320254007975,4.81320254007975,False,True,partial,partial,False,False
Q9Z1L5_991.0,0.0,0.0,0.0,,,0.0,0.0,True,False,0,0,False,False
Q9Z1M0_119.0,22.749250411987305,0.0,-34.40509995821651,0.0055395419255974115,,-22.749250411987305,22.749250411987305,False,True,partial,0,False,False
Q9Z1M0_226.0,0.0,0.0,0.0,,,0.0,0.0,True,False,0,0,False,False
Q9Z1M0_388.0,0.0,0.0,0.0,,,0.0,0.0,True,False,0,0,False,False
Q9Z1N5_165.0,0.8513097167015076,0.5131585200627645,-0.7302795377314248,0.5261010244934519,,-0.33815119663874305,0.33815119663874305,False,True,partial,partial,False,False
Q9Z1N5_198.0,0.0,0.0,0.0,,,0.0,0.0,True,False,0,0,False,False
Q9Z1P6_55.0,2.5328925053278604,1.7296024560928345,-0.5503453739784488,0.011990204015611834,,-0.8032900492350259,0.8032900492350259,False,True,partial,partial,False,False
Q9Z1P7_539.0,0.0,0.0,0.0,,,0.0,0.0,True,False,0,0,False,False
Q9Z1Q2_248.0,0.0,0.0,0.0,,,0.0,0.0,True,False,0,0,False,False
Q9Z1Q2_258.0,0.0,0.0,0.0,,,0.0,0.0,True,False,0,0,False,False
Q9Z1Q2_416.0,0.0,0.0,0.0,,,0.0,0.0,True,False,0,0,False,False
Q9Z1Q2_7.0,0.0,0.0,0.0,,,0.0,0.0,True,False,0,0,False,False
Q9Z1Q5_191.0,0.0,0.0,0.0,,,0.0,0.0,True,False,0,0,False,False
Q9Z1Q5_223.0,19.85639826456706,17.634772618611652,-0.17118098345790173,0.879798423361094,,-2.221625645955406,2.221625645955406,False,True,partial,partial,False,False
Q9Z1Q5_59.0,0.0,0.0,0.0,,,0.0,0.0,True,False,0,0,False,False
Q9Z1Q5_89.0,0.0,0.0,0.0,,,0.0,0.0,True,False,0,0,False,False
Q9Z1Q9_1051.0,0.0,0.0,0.0,,,0.0,0.0,True,False,0,0,False,False
Q9Z1Q9_194.0,0.0,0.0,0.0,,,0.0,0.0,True,False,0,0,False,False
Q9Z1Q9_380.0,0.0,0.0,0.0,,,0.0,0.0,True,False,0,0,False,False
Q9Z1Q9_41.0,0.0,0.0,0.0,,,0.0,0.0,True,False,0,0,False,False
Q9Z1Q9_443.0,0.0,0.0,0.0,,,0.0,0.0,True,False,0,0,False,False
Q9Z1Q9_478.0,0.0,0.0,0.0,,,0.0,0.0,True,False,0,0,False,False
Q9Z1Q9_662.0,0.0,0.0,0.0,,,0.0,0.0,True,False,0,0,False,False
Q9Z1Q9_916.0,0.0,0.0,0.0,,,0.0,0.0,True,False,0,0,False,False
Q9Z1Q9_926.0,0.0,0.0,0.0,,,0.0,0.0,True,False,0,0,False,False
Q9Z1R2_299.0,0.0,0.0,0.0,,,0.0,0.0,True,False,0,0,False,False
Q9Z1S3_334.0,0.0,0.0,0.0,,,0.0,0.0,True,False,0,0,False,False
Q9Z1S3_591.0,0.0,0.0,0.0,,,0.0,0.0,True,False,0,0,False,False
Q9Z1S3_712.0,0.0,0.0,0.0,,,0.0,0.0,True,False,0,0,False,False
Q9Z1S5_138.0,0.0,0.0,0.0,,,0.0,0.0,True,False,0,0,False,False
Q9Z1S5_295.0,0.0,0.0,0.0,,,0.0,0.0,True,False,0,0,False,False
Q9Z1S8_300.0,0.0,0.0,0.0,,,0.0,0.0,True,False,0,0,False,False
Q9Z1S8_403.0,0.0,0.0,0.0,,,0.0,0.0,True,False,0,0,False,False
Q9Z1T1_508.0,0.0,0.0,0.0,,,0.0,0.0,True,False,0,0,False,False
Q9Z1T6_1969.0,0.0,0.0,0.0,,,0.0,0.0,True,False,0,0,False,False
Q9Z1T6_723.0,0.0,0.0,0.0,,,0.0,0.0,True,False,0,0,False,False
Q9Z1T6_917.0,0.0,0.0,0.0,,,0.0,0.0,True,False,0,0,False,False
Q9Z1W9_329.0,0.0,0.0,0.0,,,0.0,0.0,True,False,0,0,False,False
Q9Z1W9_461.0,0.0,0.0,0.0,,,0.0,0.0,True,False,0,0,False,False
Q9Z1W9_536.0,0.0,0.0,0.0,,,0.0,0.0,True,False,0,0,False,False
Q9Z1W9_94.0,0.0,0.0,0.0,,,0.0,0.0,True,False,0,0,False,False
Q9Z1X4_255.0,0.0,0.0,0.0,,,0.0,0.0,True,False,0,0,False,False
Q9Z1X4_278.0,0.0,0.0,0.0,,,0.0,0.0,True,False,0,0,False,False
Q9Z1Z0_303.0,0.0,0.0,0.0,,,0.0,0.0,True,False,0,0,False,False
Q9Z1Z0_478.0,10.635817845662435,13.456839243570963,0.339408613791837,0.8404622776312021,,2.8210213979085275,2.8210213979085275,False,True,partial,partial,False,False
Q9Z1Z0_678.0,0.0,0.0,0.0,,,0.0,0.0,True,False,0,0,False,False
Q9Z1Z0_779.0,0.0,0.0,0.0,,,0.0,0.0,True,False,0,0,False,False
Q9Z1Z0_802.0,0.0,0.0,0.0,,,0.0,0.0,True,False,0,0,False,False
Q9Z1Z0_816.0,0.0,0.0,0.0,,,0.0,0.0,True,False,0,0,False,False
Q9Z1Z2_152.0,0.0,0.0,0.0,,,0.0,0.0,True,False,0,0,False,False
Q9Z1Z2_270.0,0.0,0.0,0.0,,,0.0,0.0,True,False,0,0,False,False
Q9Z1Z2_305.0,0.0,0.0,0.0,,,0.0,0.0,True,False,0,0,False,False
Q9Z210_216.0,0.0,0.0,0.0,,,0.0,0.0,True,False,0,0,False,False
Q9Z210_25.0,0.0,0.0,0.0,,,0.0,0.0,True,False,0,0,False,False
Q9Z218_674.0,0.0,0.0,0.0,,,0.0,0.0,True,False,0,0,False,False
Q9Z266_66.0,0.0,0.0,0.0,,,0.0,0.0,True,False,0,0,False,False
Q9Z268_30.0,0.0,0.0,0.0,,,0.0,0.0,True,False,0,0,False,False
Q9Z268_385.0,0.0,0.0,0.0,,,0.0,0.0,True,False,0,0,False,False
Q9Z268_618.0,0.0,0.0,0.0,,,0.0,0.0,True,False,0,0,False,False
Q9Z268_681.0,0.0,0.0,0.0,,,0.0,0.0,True,False,0,0,False,False
Q9Z268_693.0,0.0,0.0,0.0,,,0.0,0.0,True,False,0,0,False,False
Q9Z268_704.0,0.0,0.0,0.0,,,0.0,0.0,True,False,0,0,False,False
Q9Z268_767.0,0.0,0.0,0.0,,,0.0,0.0,True,False,0,0,False,False
Q9Z275_138.0,0.0,0.0,0.0,,,0.0,0.0,True,False,0,0,False,False
Q9Z275_37.0,0.0,0.0,0.0,,,0.0,0.0,True,False,0,0,False,False
Q9Z277_1006.0,0.0,0.0,0.0,,,0.0,0.0,True,False,0,0,False,False
Q9Z277_1045.0,0.0,0.0,0.0,,,0.0,0.0,True,False,0,0,False,False
Q9Z277_1416.0,0.0,0.0,0.0,,,0.0,0.0,True,False,0,0,False,False
Q9Z277_1424.0,0.0,0.0,0.0,,,0.0,0.0,True,False,0,0,False,False
Q9Z277_1431.0,0.0,0.0,0.0,,,0.0,0.0,True,False,0,0,False,False
Q9Z277_156.0,0.0,0.0,0.0,,,0.0,0.0,True,False,0,0,False,False
Q9Z277_498.0,0.0,0.0,0.0,,,0.0,0.0,True,False,0,0,False,False
Q9Z277_954.0,0.0,0.0,0.0,,,0.0,0.0,True,False,0,0,False,False
Q9Z280_1004.0,0.0,0.0,0.0,,,0.0,0.0,True,False,0,0,False,False
Q9Z2A0_184.0,0.0,0.0,0.0,,,0.0,0.0,True,False,0,0,False,False
Q9Z2A0_330.0,0.0,0.0,0.0,,,0.0,0.0,True,False,0,0,False,False
Q9Z2A5_111.0,0.0,0.0,0.0,,,0.0,0.0,True,False,0,0,False,False
Q9Z2A5_71.0,0.0,0.0,0.0,,,0.0,0.0,True,False,0,0,False,False
Q9Z2A5_79.0,0.0,0.0,0.0,,,0.0,0.0,True,False,0,0,False,False
Q9Z2A9_125.0,0.0,0.0,0.0,,,0.0,0.0,True,False,0,0,False,False
Q9Z2C4_262.0,0.0,0.0,0.0,,,0.0,0.0,True,False,0,0,False,False
Q9Z2C4_309.0,0.0,0.0,0.0,,,0.0,0.0,True,False,0,0,False,False
Q9Z2C4_442.0,0.0,0.0,0.0,,,0.0,0.0,True,False,0,0,False,False
Q9Z2C4_62.0,0.0,0.0,0.0,,,0.0,0.0,True,False,0,0,False,False
Q9Z2C5_482.0,0.0,0.0,0.0,,,0.0,0.0,True,False,0,0,False,False
Q9Z2C5_53.0,0.0,0.0,0.0,,,0.0,0.0,True,False,0,0,False,False
Q9Z2C9_111.0,0.0,0.0,0.0,,,0.0,0.0,True,False,0,0,False,False
Q9Z2C9_158.0,0.0,0.0,0.0,,,0.0,0.0,True,False,0,0,False,False
Q9Z2C9_290.0,0.0,0.0,0.0,,,0.0,0.0,True,False,0,0,False,False
Q9Z2C9_349.0,0.0,0.0,0.0,,,0.0,0.0,True,False,0,0,False,False
Q9Z2C9_493.0,0.0,0.0,0.0,,,0.0,0.0,True,False,0,0,False,False
Q9Z2C9_68.0,0.0,0.0,0.0,,,0.0,0.0,True,False,0,0,False,False
Q9Z2C9_90.0,0.0,0.0,0.0,,,0.0,0.0,True,False,0,0,False,False
Q9Z2D0_155.0,0.0,0.0,0.0,,,0.0,0.0,True,False,0,0,False,False
Q9Z2D0_285.0,0.0,0.0,0.0,,,0.0,0.0,True,False,0,0,False,False
Q9Z2D1_155.0,0.0,0.0,0.0,,,0.0,0.0,True,False,0,0,False,False
Q9Z2D1_237.0,0.0,0.0,0.0,,,0.0,0.0,True,False,0,0,False,False
Q9Z2D1_284.0,0.0,0.0,0.0,,,0.0,0.0,True,False,0,0,False,False
Q9Z2D1_417.0,0.0,0.0,0.0,,,0.0,0.0,True,False,0,0,False,False
Q9Z2D1_7.0,0.0,0.0,0.0,,,0.0,0.0,True,False,0,0,False,False
Q9Z2D1_95.0,0.0,0.0,0.0,,,0.0,0.0,True,False,0,0,False,False
Q9Z2D3_156.0,0.0,0.0,0.0,,,0.0,0.0,True,False,0,0,False,False
Q9Z2D3_235.0,0.0,0.0,0.0,,,0.0,0.0,True,False,0,0,False,False
Q9Z2D3_312.0,0.0,0.0,0.0,,,0.0,0.0,True,False,0,0,False,False
Q9Z2D3_503.0,0.0,0.0,0.0,,,0.0,0.0,True,False,0,0,False,False
Q9Z2D6_427.0,0.0,0.0,0.0,,,0.0,0.0,True,False,0,0,False,False
Q9Z2D8_215.0,0.0,0.0,0.0,,,0.0,0.0,True,False,0,0,False,False
Q9Z2E1_362.0,0.0,0.0,0.0,,,0.0,0.0,True,False,0,0,False,False
Q9Z2G6_149.0,0.0,0.0,0.0,,,0.0,0.0,True,False,0,0,False,False
Q9Z2G6_164.0,0.0,0.0,0.0,,,0.0,0.0,True,False,0,0,False,False
Q9Z2G6_535.0,0.0,0.0,0.0,,,0.0,0.0,True,False,0,0,False,False
Q9Z2G6_706.0,0.0,0.0,0.0,,,0.0,0.0,True,False,0,0,False,False
Q9Z2G9_172.0,0.0,0.0,0.0,,,0.0,0.0,True,False,0,0,False,False
Q9Z2H2_209.0,4.761629740397136,5.8211110432942705,0.2898390961541915,0.8908715352912691,,1.0594813028971348,1.0594813028971348,False,True,partial,partial,False,False
Q9Z2H2_27.0,0.0,0.0,0.0,,,0.0,0.0,True,False,0,0,False,False
Q9Z2H5_111.0,0.0,0.0,0.0,,,0.0,0.0,True,False,0,0,False,False
Q9Z2H5_127.0,0.0,0.0,0.0,,,0.0,0.0,True,False,0,0,False,False
Q9Z2H5_367.0,0.0,0.0,0.0,,,0.0,0.0,True,False,0,0,False,False
Q9Z2H5_683.0,0.0,0.0,0.0,,,0.0,0.0,True,False,0,0,False,False
Q9Z2H5_744.0,10.331212679545084,0.0,-33.26629055695118,0.09343837689580073,,-10.331212679545084,10.331212679545084,False,True,partial,0,False,False
Q9Z2I0_329.0,0.0,0.0,0.0,,,0.0,0.0,True,False,0,0,False,False
Q9Z2I0_378.0,0.0,0.0,0.0,,,0.0,0.0,True,False,0,0,False,False
Q9Z2I0_551.0,0.0,0.0,0.0,,,0.0,0.0,True,False,0,0,False,False
Q9Z2I8_256.0,0.0,0.0,0.0,,,0.0,0.0,True,False,0,0,False,False
Q9Z2I9_152.0,0.0,0.0,0.0,,,0.0,0.0,True,False,0,0,False,False
Q9Z2I9_158.0,0.0,0.0,0.0,,,0.0,0.0,True,False,0,0,False,False
Q9Z2I9_270.0,0.0,0.0,0.0,,,0.0,0.0,True,False,0,0,False,False
Q9Z2I9_384.0,0.0,0.0,0.0,,,0.0,0.0,True,False,0,0,False,False
Q9Z2I9_430.0,0.516451875368754,0.0,-28.944058682325288,0.18180056936502925,,-0.516451875368754,0.516451875368754,False,True,partial,0,False,False
Q9Z2L6_331.0,0.0,0.0,0.0,,,0.0,0.0,True,False,0,0,False,False
Q9Z2L6_78.0,0.0,0.0,0.0,,,0.0,0.0,True,False,0,0,False,False
Q9Z2L7_336.0,0.0,0.0,0.0,,,0.0,0.0,True,False,0,0,False,False
Q9Z2M7_132.0,0.0,0.0,0.0,,,0.0,0.0,True,False,0,0,False,False
Q9Z2M7_237.0,0.0,0.0,0.0,,,0.0,0.0,True,False,0,0,False,False
Q9Z2N8_206.0,0.0,0.0,0.0,,,0.0,0.0,True,False,0,0,False,False
Q9Z2N8_32.0,0.0,0.0,0.0,,,0.0,0.0,True,False,0,0,False,False
Q9Z2Q6_193.0,0.0,0.0,0.0,,,0.0,0.0,True,False,0,0,False,False
Q9Z2Q6_223.0,0.0,0.0,0.0,,,0.0,0.0,True,False,0,0,False,False
Q9Z2Q6_278.0,0.0,0.0,0.0,,,0.0,0.0,True,False,0,0,False,False
Q9Z2Q6_300.0,0.0,0.0,0.0,,,0.0,0.0,True,False,0,0,False,False
Q9Z2Q6_311.0,0.9185942312081655,0.33248262604077655,-1.4661487664536073,0.059147562924829464,,-0.5861116051673889,0.5861116051673889,False,True,partial,partial,False,False
Q9Z2R6_77.0,0.0,0.0,0.0,,,0.0,0.0,True,False,0,0,False,False
Q9Z2U0_63.0,0.0,0.0,0.0,,,0.0,0.0,True,False,0,0,False,False
Q9Z2U0_91.0,0.0,0.0,0.0,,,0.0,0.0,True,False,0,0,False,False
Q9Z2U1_165.0,11.585173765818277,6.573764483133952,-0.8174880079002678,0.06622520653649816,,-5.011409282684325,5.011409282684325,False,True,partial,partial,False,False
Q9Z2V5_37.0,0.0,0.0,0.0,,,0.0,0.0,True,False,0,0,False,False
Q9Z2V5_511.0,0.0,0.0,0.0,,,0.0,0.0,True,False,0,0,False,False
Q9Z2V5_522.0,0.0,0.0,0.0,,,0.0,0.0,True,False,0,0,False,False
Q9Z2V5_586.0,0.0,0.0,0.0,,,0.0,0.0,True,False,0,0,False,False
Q9Z2V5_844.0,0.0,0.0,0.0,,,0.0,0.0,True,False,0,0,False,False
Q9Z2V6_204.0,0.0,0.0,0.0,,,0.0,0.0,True,False,0,0,False,False
Q9Z2W0_36.0,0.0,0.0,0.0,,,0.0,0.0,True,False,0,0,False,False
Q9Z2W0_411.0,0.0,1.0474898020426433,29.964289053833166,0.36321746764912255,,1.0474898020426433,1.0474898020426433,False,True,0,partial,False,False
Q9Z2W0_445.0,0.0,0.0,0.0,,,0.0,0.0,True,False,0,0,False,False
Q9Z2W1_250.0,0.0,0.0,0.0,,,0.0,0.0,True,False,0,0,False,False
Q9Z2W1_357.0,0.0,0.0,0.0,,,0.0,0.0,True,False,0,0,False,False
Q9Z2W8_213.0,0.0,0.0,0.0,,,0.0,0.0,True,False,0,0,False,False
Q9Z2W8_331.0,18.65791130065918,0.0,-34.119068438632425,0.2555278810528867,,-18.65791130065918,18.65791130065918,False,True,partial,0,False,False
Q9Z2W8_447.0,0.0,0.0,0.0,,,0.0,0.0,True,False,0,0,False,False
Q9Z2W9_215.0,0.0,0.0,0.0,,,0.0,0.0,True,False,0,0,False,False
Q9Z2W9_334.0,35.04184595743815,28.30410893758138,-0.30806727033715653,0.09286794241886319,,-6.73773701985677,6.73773701985677,False,True,partial,partial,False,False
Q9Z2W9_449.0,0.0,0.0,0.0,,,0.0,0.0,True,False,0,0,False,False
Q9Z2X1_122.0,0.0,0.0,0.0,,,0.0,0.0,True,False,0,0,False,False
Q9Z2X1_267.0,2.6591644287109375,0.0,-31.308325843138995,0.36321746764912255,,-2.6591644287109375,2.6591644287109375,False,True,partial,0,False,False
Q9Z2X1_290.0,0.0,0.0,0.0,,,0.0,0.0,True,False,0,0,False,False
Q9Z2X8_489.0,0.0,0.0,0.0,,,0.0,0.0,True,False,0,0,False,False
Q9Z2Y3_246.0,0.0,0.0,0.0,,,0.0,0.0,True,False,0,0,False,False
Q9Z2Y8_86.0,0.0,0.0,0.0,,,0.0,0.0,True,False,0,0,False,False
Q9Z2Z6_155.0,0.0,0.0,0.0,,,0.0,0.0,True,False,0,0,False,False
Q9Z2Z6_58.0,0.0,0.0,0.0,,,0.0,0.0,True,False,0,0,False,False
Q9Z307_364.0,0.0,0.0,0.0,,,0.0,0.0,True,False,0,0,False,False
Q9Z315_566.0,0.0,0.0,0.0,,,0.0,0.0,True,False,0,0,False,False
Q9Z315_680.0,0.0,0.0,0.0,,,0.0,0.0,True,False,0,0,False,False
Q9Z321_161.0,0.0,0.0,0.0,,,0.0,0.0,True,False,0,0,False,False
Q9Z329_206.0,0.0,0.0,0.0,,,0.0,0.0,True,False,0,0,False,False
Q9Z329_2087.0,0.0,0.0,0.0,,,0.0,0.0,True,False,0,0,False,False
Q9Z351_721.0,0.0,0.0,0.0,,,0.0,0.0,True,False,0,0,False,False
S4R1M9_205.0,0.0,0.0,0.0,,,0.0,0.0,True,False,0,0,False,False
S4R1M9_35.0,0.0,0.0,0.0,,,0.0,0.0,True,False,0,0,False,False
S4R1M9_655.0,0.0,0.0,0.0,,,0.0,0.0,True,False,0,0,False,False
S4R1W5_407.0,0.0,0.0,0.0,,,0.0,0.0,True,False,0,0,False,False
S4R1W5_952.0,0.0,0.0,0.0,,,0.0,0.0,True,False,0,0,False,False
V9GX34_2471.0,0.0,0.0,0.0,,,0.0,0.0,True,False,0,0,False,False
V9GX34_2985.0,0.0,0.0,0.0,,,0.0,0.0,True,False,0,0,False,False
V9GX34_445.0,0.0,0.0,0.0,,,0.0,0.0,True,False,0,0,False,False
